word,pos
a cappella,adverb
ad,adverb
ce,adverb
bc,adverb
bce,adverb
horseback,adverb
barely,adverb
just,adverb
hardly,adverb
anisotropically,adverb
annoyingly,adverb
basically,adverb
blessedly,adverb
boiling,adverb
enviably,adverb
pointedly,adverb
negatively,adverb
negatively,adverb
kindly,adverb
unkindly,adverb
merely,adverb
simply,adverb
plainly,adverb
anciently,adverb
arguably,adverb
unabashedly,adverb
automatically,adverb
alarmingly,adverb
vastly,adverb
grossly,adverb
largely,adverb
significantly,adverb
insignificantly,adverb
appreciably,adverb
ultrasonically,adverb
smartly,adverb
approximately,adverb
absolutely,adverb
partially,adverb
half,adverb
wholly,adverb
entirely,adverb
absolutely,adverb
clean,adverb
plumb,adverb
perfectly,adverb
pat,adverb
please,adverb
imperfectly,adverb
amiss,adverb
fully,adverb
only,adverb
only,adverb
only,adverb
well,adverb
ill,adverb
ill,adverb
isotropically,adverb
well,adverb
badly,adverb
well,adverb
well,adverb
well,adverb
ill,adverb
well,adverb
well,adverb
well,adverb
badly,adverb
well,adverb
well,adverb
badly,adverb
well,adverb
well,adverb
well,adverb
satisfactorily,adverb
okay,adverb
unsatisfactorily,adverb
prosperously,adverb
badly,adverb
badly,adverb
badly,adverb
badly,adverb
badly,adverb
worse,adverb
worst,adverb
even,adverb
even,adverb
even as,adverb
even,adverb
even,adverb
e'en,adverb
rather,adverb
quite,adverb
quite,adverb
quite,adverb
quite,adverb
always,adverb
always,adverb
always,adverb
con brio,adverb
conjecturally,adverb
consecutively,adverb
constantly,adverb
constantly,adverb
coterminously,adverb
never,adverb
never,adverb
occasionally,adverb
sometime,adverb
sometimes,adverb
equally,adverb
long ago,adverb
pretty much,adverb
much,adverb
that much,adverb
palmately,adverb
paradoxically,adverb
parasitically,adverb
conformably,adverb
conventionally,adverb
unconventionally,adverb
pathogenically,adverb
pictorially,adverb
not,adverb
nothing,adverb
no,adverb
any,adverb
no,adverb
none,adverb
either,adverb
bloody,adverb
anywhere,adverb
nowhere,adverb
somewhere,adverb
everywhere,adverb
high and low,adverb
somehow,adverb
somehow,adverb
anyhow,adverb
as it is,adverb
anyhow,adverb
however,adverb
yet,adverb
so far,adverb
so far,adverb
only,adverb
however,adverb
however,adverb
however,adverb
lightly,adverb
besides,adverb
fugally,adverb
furthermore,adverb
farther,adverb
further,adverb
further,adverb
farthest,adverb
furthest,adverb
futilely,adverb
still,adverb
no longer,adverb
anymore,adverb
already,adverb
very,adverb
fabulously,adverb
mighty,adverb
good and,adverb
fucking,adverb
much,adverb
henceforth,adverb
hereafter,adverb
hereafter,adverb
hereunder,adverb
just,adverb
instantaneously,adverb
mildly,adverb
a bit,adverb
anon,adverb
soon,adverb
asap,adverb
shortly,adverb
shortly,adverb
momentarily,adverb
shoulder-to-shoulder,adverb
soonest,adverb
spiritedly,adverb
sportively,adverb
stormily,adverb
frequently,adverb
oftener,adverb
anon,adverb
rarely,adverb
curiously,adverb
reasonably,adverb
unreasonably,adverb
slightly,adverb
movingly,adverb
extensively,adverb
intrinsically,adverb
decidedly,adverb
truly,adverb
indeed,adverb
indeed,adverb
in the lurch,adverb
in truth,adverb
forsooth,adverb
in utero,adverb
in vacuo,adverb
in vacuo,adverb
naturally,adverb
unnaturally,adverb
clearly,adverb
unclearly,adverb
obviously,adverb
apparently,adverb
again,adverb
withal,adverb
by chance,adverb
unexpectedly,adverb
out of the way,adverb
out of the way,adverb
out of the way,adverb
out of the way,adverb
out of the way,adverb
out of the way,adverb
in the way,adverb
specifically,adverb
generally,adverb
nonspecifically,adverb
fortunately,adverb
happily,adverb
sadly,adverb
unfortunately,adverb
therefore,adverb
ergo,adverb
hence,adverb
hence,adverb
thence,adverb
thence,adverb
therefor,adverb
vocationally,adverb
face to face,adverb
one-on-one,adverb
face-to-face,adverb
face-to-face,adverb
vis-a-vis,adverb
tete a tete,adverb
if not,adverb
beyond,adverb
beyond,adverb
beyond,adverb
otherwise,adverb
additionally,adverb
extremely,adverb
drop-dead,adverb
beyond measure,adverb
madly,adverb
inordinately,adverb
by far,adverb
head and shoulders above,adverb
excessively,adverb
besides,adverb
yet,adverb
ultimately,adverb
finally,adverb
presently,adverb
nowadays,adverb
immediately,adverb
now,adverb
now,adverb
now,adverb
now,adverb
now,adverb
now now,adverb
aggressively,adverb
shrilly,adverb
steadily,adverb
happily,adverb
unhappily,adverb
no,adverb
firm,adverb
squarely,adverb
squarely,adverb
squarely,adverb
squarely,adverb
directly,adverb
squarely,adverb
due,adverb
variously,adverb
indefatigably,adverb
biradially,adverb
bitterly,adverb
bitterly,adverb
very well,adverb
all right,adverb
swiftly,adverb
openly,adverb
practically,adverb
practically,adverb
presumably,adverb
pyramidically,adverb
next,adverb
for the moment,adverb
easily,adverb
by hand,adverb
by machine,adverb
hand to hand,adverb
hand to mouth,adverb
terribly,adverb
terribly,adverb
acceptably,adverb
unacceptably,adverb
abusively,adverb
admiringly,adverb
adoringly,adverb
adroitly,adverb
maladroitly,adverb
dreadfully,adverb
greatly,adverb
drastically,adverb
at all,adverb
by all means,adverb
by no means,adverb
thoroughly,adverb
thoroughly,adverb
through,adverb
soundly,adverb
right,adverb
directly,adverb
indirectly,adverb
indigenously,adverb
individualistically,adverb
intractably,adverb
man-to-man,adverb
secondhand,adverb
thirdhand,adverb
much,adverb
a lot,adverb
much,adverb
often,adverb
better,adverb
increasingly,adverb
effectively,adverb
de facto,adverb
for all practical purposes,adverb
reproducibly,adverb
previously,adverb
earlier,adverb
subsequently,adverb
abruptly,adverb
suddenly,adverb
presto,adverb
presto,adverb
inscriptively,adverb
inscrutably,adverb
insecticidally,adverb
insensately,adverb
intentionally,adverb
unintentionally,adverb
consequently,adverb
accordingly,adverb
alternatively,adverb
let alone,adverb
a fortiori,adverb
altogether,adverb
all together,adverb
anatomically,adverb
blindly,adverb
chromatically,adverb
chronologically,adverb
clinically,adverb
punctually,adverb
mathematically,adverb
meanwhile,adverb
meanwhile,adverb
twice,adverb
largely,adverb
largo,adverb
lengthily,adverb
last,adverb
last,adverb
last but not least,adverb
lastingly,adverb
absently,adverb
accusingly,adverb
affectedly,adverb
affectingly,adverb
ahead,adverb
ahead,adverb
ahead,adverb
ahead,adverb
ahead,adverb
ahead,adverb
all along,adverb
along,adverb
along,adverb
along,adverb
along,adverb
along,adverb
on,adverb
on,adverb
alike,adverb
alike,adverb
aloud,adverb
loudly,adverb
softly,adverb
faintly,adverb
analogously,adverb
randomly,adverb
around,adverb
about,adverb
nearby,adverb
round,adverb
around,adverb
around,adverb
about,adverb
around,adverb
about,adverb
about,adverb
here and there,adverb
urgently,adverb
about,adverb
asexually,adverb
asymptotically,adverb
scantily,adverb
chiefly,adverb
ago,adverb
back,adverb
back,adverb
forward,adverb
back,adverb
back,adverb
back,adverb
back,adverb
ahead,adverb
aback,adverb
aback,adverb
abeam,adverb
backward,adverb
back and forth,adverb
up and down,adverb
aurally,adverb
axially,adverb
brazenly,adverb
brilliantly,adverb
brilliantly,adverb
catalytically,adverb
commercially,adverb
dearly,adverb
dearly,adverb
dearly,adverb
conversely,adverb
cosmetically,adverb
decoratively,adverb
covertly,adverb
overtly,adverb
microscopically,adverb
microscopically,adverb
undoubtedly,adverb
statistically,adverb
thermodynamically,adverb
tonight,adverb
actively,adverb
passively,adverb
below,adverb
above,adverb
below,adverb
above,adverb
in the bargain,adverb
contemptibly,adverb
contemptuously,adverb
contractually,adverb
insanely,adverb
sanely,adverb
comically,adverb
daily,adverb
hebdomadally,adverb
annually,adverb
curiously,adverb
dazzlingly,adverb
deceptively,adverb
yonder,adverb
deprecatively,adverb
depressingly,adverb
dichotomously,adverb
digitately,adverb
disruptively,adverb
dizzily,adverb
dorsally,adverb
dorsoventrally,adverb
ventrally,adverb
doubly,adverb
singly,adverb
multiply,adverb
multiplicatively,adverb
doubly,adverb
empirically,adverb
particularly,adverb
ex cathedra,adverb
extra,adverb
elaborately,adverb
elsewhere,adverb
eschatologically,adverb
exasperatingly,adverb
experimentally,adverb
expressly,adverb
facetiously,adverb
quickly,adverb
fast,adverb
flat out,adverb
fast,adverb
quicker,adverb
slower,adverb
quickest,adverb
slowest,adverb
permissively,adverb
permissibly,adverb
impermissibly,adverb
flatly,adverb
flush,adverb
flush,adverb
everlastingly,adverb
ad infinitum,adverb
permanently,adverb
in perpetuity,adverb
in perpetuity,adverb
temporarily,adverb
ad interim,adverb
ad lib,adverb
provisionally,adverb
continually,adverb
forever,adverb
highly,adverb
highly,adverb
highly,adverb
histologically,adverb
magnetically,adverb
marginally,adverb
geometrically,adverb
perilously,adverb
tiredly,adverb
vitally,adverb
energetically,adverb
strenuously,adverb
intently,adverb
dingdong,adverb
mightily,adverb
reluctantly,adverb
hard,adverb
hard,adverb
hard,adverb
hard,adverb
hard,adverb
hard,adverb
hard,adverb
hard,adverb
hard,adverb
tightly,adverb
briefly,adverb
momentarily,adverb
conclusively,adverb
inconclusively,adverb
deplorably,adverb
denominationally,adverb
cortically,adverb
focally,adverb
hypothalamically,adverb
intradermally,adverb
intramuscularly,adverb
amusingly,adverb
downstairs,adverb
upstairs,adverb
upstairs,adverb
downwind,adverb
upwind,adverb
windward,adverb
leeward,adverb
down,adverb
down,adverb
down,adverb
down,adverb
down,adverb
down,adverb
up,adverb
up,adverb
up,adverb
up,adverb
up,adverb
upriver,adverb
downriver,adverb
downfield,adverb
downright,adverb
outright,adverb
outright,adverb
home,adverb
at home,adverb
at home,adverb
home,adverb
home,adverb
homeward,adverb
rather,adverb
insofar,adverb
mordaciously,adverb
more,adverb
less,adverb
more,adverb
less,adverb
little,adverb
early,adverb
late,adverb
early,adverb
early on,adverb
for that matter,adverb
afar,adverb
far,adverb
far,adverb
far,adverb
far,adverb
far,adverb
way,adverb
far and wide,adverb
fictitiously,adverb
fictitiously,adverb
finely,adverb
finely,adverb
first,adverb
second,adverb
third,adverb
throughout,adverb
initially,adverb
at first sight,adverb
at first blush,adverb
first,adverb
and so forth,adverb
forth,adverb
forth,adverb
abroad,adverb
at heart,adverb
at large,adverb
at least,adverb
at most,adverb
at least,adverb
at leisure,adverb
right,adverb
just then,adverb
promptly,adverb
promptly,adverb
promptly,adverb
at best,adverb
at worst,adverb
demoniacally,adverb
furtively,adverb
unanimously,adverb
responsibly,adverb
irresponsibly,adverb
fairly,adverb
normally,adverb
as usual,adverb
unusually,adverb
recently,adverb
erratically,adverb
girlishly,adverb
gradually,adverb
grimly,adverb
hell-for-leather,adverb
hereabout,adverb
here,adverb
here,adverb
here,adverb
herein,adverb
here,adverb
there,adverb
there,adverb
there,adverb
historically,adverb
historically,adverb
peacefully,adverb
scientifically,adverb
unscientifically,adverb
humbly,adverb
meekly,adverb
inside,adverb
outside,adverb
inside,adverb
outside,adverb
militarily,adverb
macroscopically,adverb
literally,adverb
virtually,adverb
most,adverb
least,adverb
least of all,adverb
most,adverb
mutely,adverb
internationally,adverb
inevitably,adverb
newly,adverb
afresh,adverb
de novo,adverb
differently,adverb
organically,adverb
inorganically,adverb
organically,adverb
organically,adverb
unfailingly,adverb
mechanically,adverb
mechanically,adverb
metabolically,adverb
officially,adverb
unofficially,adverb
painfully,adverb
centrally,adverb
peripherally,adverb
phylogenetically,adverb
physically,adverb
physiologically,adverb
preferably,adverb
politically,adverb
politically,adverb
pornographically,adverb
self-indulgently,adverb
symbiotically,adverb
symbolically,adverb
toe-to-toe,adverb
together,adverb
together,adverb
in concert,adverb
together,adverb
in on,adverb
together,adverb
jointly,adverb
outrageously,adverb
outrageously,adverb
then,adverb
then,adverb
then,adverb
volumetrically,adverb
so,adverb
regardless,adverb
irregardless,adverb
once,adverb
once,adverb
though,adverb
as far as possible,adverb
on the coattails,adverb
on the other hand,adverb
on the one hand,adverb
successfully,adverb
simultaneously,adverb
concurrently,adverb
systematically,adverb
unsystematically,adverb
inconsistently,adverb
thereby,adverb
thus,adverb
academically,adverb
appositively,adverb
astronomically,adverb
axiomatically,adverb
photoelectrically,adverb
photographically,adverb
photometrically,adverb
constitutionally,adverb
unconstitutionally,adverb
democratically,adverb
undemocratically,adverb
aloof,adverb
digitally,adverb
digitally,adverb
economically,adverb
economically,adverb
economically,adverb
electronically,adverb
ethnically,adverb
federally,adverb
genetically,adverb
graphically,adverb
ideographically,adverb
idyllically,adverb
industrially,adverb
injuriously,adverb
irrevocably,adverb
legally,adverb
manually,adverb
medically,adverb
medicinally,adverb
nominally,adverb
predicatively,adverb
professorially,adverb
provincially,adverb
realistically,adverb
red-handed,adverb
reversibly,adverb
rewardingly,adverb
royally,adverb
sacrilegiously,adverb
scenically,adverb
scholastically,adverb
serially,adverb
socially,adverb
socially,adverb
symbolically,adverb
technically,adverb
technically,adverb
technically,adverb
temporally,adverb
terminally,adverb
terrestrially,adverb
territorially,adverb
thematically,adverb
therapeutically,adverb
geothermally,adverb
thermally,adverb
typically,adverb
atypically,adverb
verbally,adverb
verbally,adverb
vocally,adverb
nonverbally,adverb
globally,adverb
electrically,adverb
chemically,adverb
chemically,adverb
legislatively,adverb
bilingually,adverb
linearly,adverb
longitudinally,adverb
magically,adverb
bacterially,adverb
relativistically,adverb
racially,adverb
municipally,adverb
governmentally,adverb
professionally,adverb
spatially,adverb
semantically,adverb
limitedly,adverb
linguistically,adverb
sociolinguistically,adverb
linguistically,adverb
cross-linguistically,adverb
fiscally,adverb
algebraically,adverb
polyphonically,adverb
poetically,adverb
phonetically,adverb
phonemic,adverb
personally,adverb
personally,adverb
personally,adverb
philosophically,adverb
infernally,adverb
pathologically,adverb
graphically,adverb
catastrophically,adverb
optically,adverb
visually,adverb
viscerally,adverb
cerebrally,adverb
cerebrally,adverb
mystically,adverb
biologically,adverb
sociobiologically,adverb
neurobiological,adverb
biochemically,adverb
musicologically,adverb
morally,adverb
meteorologically,adverb
metaphysically,adverb
metonymically,adverb
melodically,adverb
harmonically,adverb
acoustically,adverb
adulterously,adverb
metaphorically,adverb
allegorically,adverb
locally,adverb
locally,adverb
regionally,adverb
nationally,adverb
culturally,adverb
interracially,adverb
chorally,adverb
subcutaneously,adverb
facially,adverb
syntactically,adverb
spinally,adverb
sexually,adverb
sexually,adverb
lexically,adverb
nonlexically,adverb
materially,adverb
materially,adverb
surgically,adverb
operatively,adverb
postoperatively,adverb
chromatographically,adverb
alternately,adverb
transversely,adverb
respectively,adverb
similarly,adverb
secondarily,adverb
primarily,adverb
probably,adverb
bannerlike,adverb
dramatically,adverb
undramatically,adverb
ashore,adverb
notably,adverb
intensively,adverb
appropriately,adverb
inappropriately,adverb
inalienably,adverb
offshore,adverb
onshore,adverb
thousand-fold,adverb
naturally,adverb
artificially,adverb
acutely,adverb
chronically,adverb
chronically,adverb
contradictorily,adverb
electrostatically,adverb
episodically,adverb
feverishly,adverb
feudally,adverb
frontally,adverb
geometrically,adverb
glacially,adverb
glaringly,adverb
gravitationally,adverb
gutturally,adverb
hieroglyphically,adverb
homeostatically,adverb
horticulturally,adverb
humanly,adverb
imperially,adverb
incestuously,adverb
inconceivably,adverb
insistently,adverb
institutionally,adverb
judicially,adverb
nasally,adverb
nocturnally,adverb
rurally,adverb
spherically,adverb
superficially,adverb
syllabically,adverb
monosyllabically,adverb
polysyllabically,adverb
symptomatically,adverb
tangentially,adverb
volcanically,adverb
awhile,adverb
wickedly,adverb
surely,adverb
surprisingly,adverb
technologically,adverb
temperamentally,adverb
sufficiently,adverb
enough,adverb
insufficiently,adverb
unhesitatingly,adverb
hesitantly,adverb
thereafter,adverb
ever,adverb
sic,adverb
so,adverb
so,adverb
so,adverb
so,adverb
so,adverb
such,adverb
hand and foot,adverb
hand in hand,adverb
hand over fist,adverb
handily,adverb
easily,adverb
easy,adverb
in hand,adverb
out of hand,adverb
in a way,adverb
factually,adverb
in fact,adverb
actually,adverb
actually,adverb
actually,adverb
actually,adverb
to be sure,adverb
sure enough,adverb
right,adverb
in toto,adverb
in the least,adverb
above all,adverb
in absentia,adverb
across the board,adverb
after a fashion,adverb
after all,adverb
after all,adverb
after hours,adverb
against the clock,adverb
ahead of the game,adverb
all in all,adverb
all of a sudden,adverb
all the way,adverb
all the way,adverb
from start to finish,adverb
and how,adverb
and then some,adverb
around the clock,adverb
as follows,adverb
as it were,adverb
as we say,adverb
as the crow flies,adverb
at all costs,adverb
at a time,adverb
at will,adverb
loosely,adverb
carefully,adverb
mindfully,adverb
unmindfully,adverb
excitedly,adverb
vociferously,adverb
safely,adverb
allegedly,adverb
purportedly,adverb
illegally,adverb
originally,adverb
unoriginally,adverb
comfortably,adverb
comfortably,adverb
uncomfortably,adverb
by a long shot,adverb
by and by,adverb
by and large,adverb
by hook or by crook,adverb
by heart,adverb
by inches,adverb
by fits and starts,adverb
by the way,adverb
by the piece,adverb
orally,adverb
orally,adverb
come hell or high water,adverb
day in and day out,adverb
dead ahead,adverb
deadpan,adverb
en masse,adverb
every so often,adverb
every inch,adverb
completely,adverb
incompletely,adverb
alone,adverb
first and last,adverb
precisely,adverb
for a song,adverb
for dear life,adverb
at stake,adverb
at stake,adverb
for example,adverb
for good measure,adverb
for keeps,adverb
for love or money,adverb
for one,adverb
for short,adverb
for the asking,adverb
from scratch,adverb
sincerely,adverb
from way back,adverb
close to the wind,adverb
closely,adverb
closely,adverb
relatively,adverb
predominantly,adverb
readily,adverb
markedly,adverb
palpably,adverb
crudely,adverb
slowly,adverb
publicly,adverb
privately,adverb
secretly,adverb
privately,adverb
publicly,adverb
communally,adverb
reprovingly,adverb
gaily,adverb
hand in glove,adverb
cheek by jowl,adverb
helter-skelter,adverb
head over heels,adverb
fecklessly,adverb
harum-scarum,adverb
carelessly,adverb
heart and soul,adverb
hook line and sinker,adverb
in circles,adverb
in a pig's eye,adverb
in case,adverb
coldly,adverb
seriously,adverb
in due course,adverb
in full swing,adverb
in kind,adverb
in line,adverb
in name,adverb
in no time,adverb
long,adverb
long,adverb
in passing,adverb
in practice,adverb
secretly,adverb
in short order,adverb
inside out,adverb
inside out,adverb
in the air,adverb
in the first place,adverb
in the long run,adverb
in the nick of time,adverb
in the same breath,adverb
in time,adverb
vainly,adverb
unsuccessfully,adverb
just so,adverb
lickety split,adverb
like clockwork,adverb
like hell,adverb
like hell,adverb
no end,adverb
off and on,adverb
off the cuff,adverb
confidentially,adverb
off the record,adverb
on all fours,adverb
on the average,adverb
on approval,adverb
on faith,adverb
hypothetically,adverb
theoretically,adverb
theoretically,adverb
oppositely,adverb
contrarily,adverb
on the fly,adverb
on the spot,adverb
on the spot,adverb
on the spot,adverb
on the spur of the moment,adverb
on the way,adverb
on time,adverb
out of thin air,adverb
out of wedlock,adverb
to advantage,adverb
to a man,adverb
to a t,adverb
up to now,adverb
to order,adverb
tooth and nail,adverb
to that effect,adverb
to the hilt,adverb
under the circumstances,adverb
orad,adverb
aborad,adverb
bravely,adverb
overboard,adverb
upstate,adverb
profoundly,adverb
impatiently,adverb
patiently,adverb
tensely,adverb
methodically,adverb
blindly,adverb
apologetically,adverb
unsteadily,adverb
steadily,adverb
haughtily,adverb
wildly,adverb
wild,adverb
wildly,adverb
wildly,adverb
bleakly,adverb
stupidly,adverb
uniquely,adverb
symmetrically,adverb
asymmetrically,adverb
inversely,adverb
creatively,adverb
distally,adverb
heavily,adverb
heavily,adverb
heavily,adverb
lightly,adverb
repeatedly,adverb
over and over,adverb
adamantly,adverb
strongly,adverb
weakly,adverb
vice versa,adverb
day by day,adverb
day in day out,adverb
week after week,adverb
week by week,adverb
month by month,adverb
radically,adverb
religiously,adverb
scrupulously,adverb
exceptionally,adverb
amply,adverb
strictly,adverb
tentatively,adverb
in other words,adverb
loosely,adverb
fussily,adverb
unnecessarily,adverb
gracefully,adverb
gracelessly,adverb
neatly,adverb
lightly,adverb
lightly,adverb
successively,adverb
independently,adverb
apart,adverb
apart,adverb
apart,adverb
apart,adverb
once,adverb
as needed,adverb
gently,adverb
overseas,adverb
vigorously,adverb
distinctly,adverb
in vivo,adverb
positively,adverb
excellently,adverb
healthily,adverb
hilariously,adverb
considerately,adverb
inconsiderately,adverb
wonderfully,adverb
gratifyingly,adverb
impeccably,adverb
blandly,adverb
gravely,adverb
helpfully,adverb
unhelpfully,adverb
true,adverb
preferentially,adverb
rationally,adverb
irrationally,adverb
critically,adverb
uncritically,adverb
boldly,adverb
competently,adverb
incompetently,adverb
emotionally,adverb
emotionally,adverb
unemotionally,adverb
anxiously,adverb
stiffly,adverb
informally,adverb
formally,adverb
formally,adverb
irritably,adverb
calmly,adverb
tranquilly,adverb
nicely,adverb
cozily,adverb
correspondingly,adverb
studiously,adverb
cleverly,adverb
lavishly,adverb
uptown,adverb
downtown,adverb
best of all,adverb
best,adverb
best,adverb
theatrically,adverb
dramatically,adverb
namely,adverb
much as,adverb
popularly,adverb
enthusiastically,adverb
unenthusiastically,adverb
intellectually,adverb
professedly,adverb
someday,adverb
hyperbolically,adverb
agilely,adverb
proudly,adverb
solemnly,adverb
divinely,adverb
god knows how,adverb
clumsily,adverb
diffusely,adverb
irregularly,adverb
coarsely,adverb
finely,adverb
intensely,adverb
et al.,adverb
et al.,adverb
cf.,adverb
i.e.,adverb
continuously,adverb
reflexly,adverb
spontaneously,adverb
sympathetically,adverb
sympathetically,adverb
unsympathetically,adverb
convincingly,adverb
unconvincingly,adverb
weirdly,adverb
mercifully,adverb
stealthily,adverb
thievishly,adverb
off,adverb
snugly,adverb
snugly,adverb
snugly,adverb
visibly,adverb
conceivably,adverb
strikingly,adverb
meticulously,adverb
graciously,adverb
ungraciously,adverb
rigidly,adverb
awkwardly,adverb
bewilderedly,adverb
triumphantly,adverb
regularly,adverb
irregularly,adverb
universally,adverb
ideally,adverb
mistakenly,adverb
childishly,adverb
needlessly,adverb
tantalizingly,adverb
improperly,adverb
properly,adverb
attentively,adverb
enormously,adverb
liberally,adverb
liberally,adverb
effortlessly,adverb
o'clock,adverb
in detail,adverb
handily,adverb
inconveniently,adverb
jointly,adverb
concretely,adverb
abstractly,adverb
all over,adverb
kinesthetically,adverb
tactually,adverb
convulsively,adverb
rebelliously,adverb
stubbornly,adverb
wrongheadedly,adverb
drunkenly,adverb
raucously,adverb
victoriously,adverb
fearfully,adverb
fearlessly,adverb
thankfully,adverb
thankfully,adverb
hopefully,adverb
hopefully,adverb
hopelessly,adverb
hopelessly,adverb
eagerly,adverb
reportedly,adverb
maliciously,adverb
viciously,adverb
spitefully,adverb
savagely,adverb
wisely,adverb
foolishly,adverb
fatuously,adverb
intelligently,adverb
unintelligently,adverb
intelligibly,adverb
unintelligibly,adverb
aerially,adverb
alphabetically,adverb
aristocratically,adverb
autocratically,adverb
diplomatically,adverb
undiplomatically,adverb
socioeconomically,adverb
stoutly,adverb
indefinitely,adverb
correctly,adverb
incorrectly,adverb
inaccessibly,adverb
accurately,adverb
inaccurately,adverb
accurately,adverb
wrongly,adverb
right,adverb
right,adverb
justly,adverb
rightly,adverb
unjustly,adverb
charitably,adverb
aimlessly,adverb
sluggishly,adverb
trustfully,adverb
darkly,adverb
darkly,adverb
astray,adverb
hurriedly,adverb
unhurriedly,adverb
hotfoot,adverb
restlessly,adverb
financially,adverb
psychically,adverb
today,adverb
ornamentally,adverb
ornately,adverb
individually,adverb
binaurally,adverb
monaurally,adverb
busily,adverb
prominently,adverb
inescapably,adverb
helplessly,adverb
imaginatively,adverb
unimaginatively,adverb
bewilderingly,adverb
heartily,adverb
unashamedly,adverb
monolingually,adverb
passionately,adverb
spectacularly,adverb
understandingly,adverb
soulfully,adverb
satirically,adverb
smoothly,adverb
freely,adverb
habitually,adverb
routinely,adverb
customarily,adverb
humiliatingly,adverb
protectively,adverb
spiritually,adverb
sharply,adverb
dimly,adverb
dimly,adverb
unmistakably,adverb
determinedly,adverb
incidentally,adverb
ever,adverb
confidently,adverb
retroactively,adverb
sporadically,adverb
haltingly,adverb
half-and-half,adverb
amazingly,adverb
impressively,adverb
unimpressively,adverb
productively,adverb
unproductively,adverb
expertly,adverb
amateurishly,adverb
abundantly,adverb
interestingly,adverb
uninterestingly,adverb
boringly,adverb
moderately,adverb
immoderately,adverb
realistically,adverb
unrealistically,adverb
sanely,adverb
unreasonably,adverb
stepwise,adverb
stolidly,adverb
supremely,adverb
testily,adverb
thoughtfully,adverb
thoughtlessly,adverb
thoughtfully,adverb
thoughtlessly,adverb
auspiciously,adverb
inauspiciously,adverb
relentlessly,adverb
ruefully,adverb
head-on,adverb
head-on,adverb
inexorably,adverb
politely,adverb
impolitely,adverb
admirably,adverb
pleasantly,adverb
pleasantly,adverb
unpleasantly,adverb
upside down,adverb
breathlessly,adverb
heartily,adverb
affably,adverb
laughingly,adverb
ambiguously,adverb
unambiguously,adverb
ceremonially,adverb
unceremoniously,adverb
ceremoniously,adverb
rakishly,adverb
rollickingly,adverb
narrowly,adverb
broadly,adverb
broadly,adverb
twirlingly,adverb
behind,adverb
behind,adverb
behind,adverb
behind,adverb
behind,adverb
rightfully,adverb
in one's own right,adverb
faithfully,adverb
unfaithfully,adverb
violently,adverb
nonviolently,adverb
furiously,adverb
furiously,adverb
furiously,adverb
up and down,adverb
securely,adverb
wryly,adverb
infinitely,adverb
finitely,adverb
boundlessly,adverb
rigorously,adverb
plastically,adverb
boastfully,adverb
big,adverb
big,adverb
small,adverb
big,adverb
warily,adverb
unwarily,adverb
bodily,adverb
over,adverb
over,adverb
over,adverb
over,adverb
editorially,adverb
properly speaking,adverb
abnormally,adverb
angrily,adverb
exultantly,adverb
sedulously,adverb
tenuously,adverb
perennially,adverb
perpetually,adverb
anachronistically,adverb
ineptly,adverb
ineptly,adverb
deliciously,adverb
mentally,adverb
roundly,adverb
shyly,adverb
fondly,adverb
abed,adverb
noisily,adverb
quietly,adverb
quietly,adverb
unquietly,adverb
unqualifiedly,adverb
outwardly,adverb
inwardly,adverb
outwardly,adverb
favorably,adverb
unfavorably,adverb
cheerfully,adverb
cheerlessly,adverb
flawlessly,adverb
solidly,adverb
foursquare,adverb
solidly,adverb
laconically,adverb
obligingly,adverb
voluntarily,adverb
involuntarily,adverb
unerringly,adverb
geographically,adverb
gloomily,adverb
cruelly,adverb
cruelly,adverb
vaguely,adverb
pompously,adverb
out,adverb
away,adverb
away,adverb
out,adverb
out of,adverb
aside,adverb
aside,adverb
aside,adverb
aside,adverb
apart,adverb
away,adverb
away,adverb
away,adverb
away,adverb
off,adverb
away,adverb
away,adverb
seriatim,adverb
doggedly,adverb
efficiently,adverb
inefficiently,adverb
discordantly,adverb
dully,adverb
dully,adverb
in stride,adverb
atonally,adverb
charmingly,adverb
winsomely,adverb
tragically,adverb
fascinatingly,adverb
curvaceously,adverb
ominously,adverb
restively,adverb
wittingly,adverb
unwittingly,adverb
scienter,adverb
contentedly,adverb
pityingly,adverb
glibly,adverb
callously,adverb
justifiably,adverb
unjustifiably,adverb
under way,adverb
afoot,adverb
modestly,adverb
immodestly,adverb
frowningly,adverb
overwhelmingly,adverb
each,adverb
next door,adverb
in unison,adverb
in unison,adverb
analytically,adverb
therein,adverb
anarchically,adverb
lopsidedly,adverb
sternly,adverb
suspiciously,adverb
authoritatively,adverb
resolutely,adverb
irresolutely,adverb
speculatively,adverb
beautifully,adverb
unattractively,adverb
dourly,adverb
belligerently,adverb
consciously,adverb
unconsciously,adverb
greenly,adverb
casually,adverb
commensally,adverb
competitively,adverb
noncompetitively,adverb
compulsively,adverb
structurally,adverb
south,adverb
north,adverb
unofficially,adverb
overnight,adverb
overnight,adverb
willy-nilly,adverb
believably,adverb
unbelievably,adverb
underfoot,adverb
underfoot,adverb
hand in hand,adverb
feetfirst,adverb
ferociously,adverb
fiercely,adverb
subconsciously,adverb
vividly,adverb
artfully,adverb
expectantly,adverb
lustily,adverb
just,adverb
tenfold,adverb
quantitatively,adverb
on paper,adverb
dramatically,adverb
classically,adverb
obscurely,adverb
decently,adverb
indecently,adverb
horrifyingly,adverb
characteristically,adverb
uncharacteristically,adverb
perversely,adverb
perversely,adverb
dialectically,adverb
prophetically,adverb
artistically,adverb
peculiarly,adverb
particularly,adverb
instinctively,adverb
internally,adverb
externally,adverb
overhead,adverb
at arm's length,adverb
overhead,adverb
aboard,adverb
aboard,adverb
aboard,adverb
aboard,adverb
uniformly,adverb
all too,adverb
enduringly,adverb
abreast,adverb
per annum,adverb
per diem,adverb
between,adverb
ad hoc,adverb
ad nauseam,adverb
ad val,adverb
ante meridiem,adverb
post meridiem,adverb
a posteriori,adverb
a priori,adverb
cap-a-pie,adverb
legally,adverb
unlawfully,adverb
jurisprudentially,adverb
doggo,adverb
en clair,adverb
en famille,adverb
ex officio,adverb
full-time,adverb
half-time,adverb
bilaterally,adverb
bilaterally,adverb
unilaterally,adverb
multilaterally,adverb
blatantly,adverb
chock,adverb
cloyingly,adverb
collect,adverb
c.o.d.,adverb
counterclockwise,adverb
counterintuitively,adverb
clockwise,adverb
deathly,adverb
foremost,adverb
fortnightly,adverb
semiweekly,adverb
monthly,adverb
bimonthly,adverb
semimonthly,adverb
semiannually,adverb
halfway,adverb
ceteris paribus,adverb
hereby,adverb
hierarchically,adverb
higgledy-piggledy,adverb
ibid.,adverb
in loco parentis,adverb
in situ,adverb
inter alia,adverb
ipso facto,adverb
item,adverb
give or take,adverb
mutatis mutandis,adverb
par excellence,adverb
pari passu,adverb
passim,adverb
pro tem,adverb
sine die,adverb
sotto voce,adverb
sub rosa,adverb
tandem,adverb
thrice,adverb
verbatim,adverb
a la carte,adverb
by word of mouth,adverb
gratis,adverb
below,adverb
inland,adverb
inshore,adverb
inward,adverb
outward,adverb
knee-deep,adverb
breast-deep,adverb
live,adverb
sooner,adverb
in extremis,adverb
midmost,adverb
off-hand,adverb
offstage,adverb
offstage,adverb
onstage,adverb
off-the-clock,adverb
overtime,adverb
perforce,adverb
post-haste,adverb
prima facie,adverb
perfunctorily,adverb
proportionately,adverb
rent-free,adverb
wholesale,adverb
scot free,adverb
skyward,adverb
up here,adverb
adversely,adverb
aesthetically,adverb
agonizingly,adverb
appallingly,adverb
appealingly,adverb
unappealingly,adverb
approvingly,adverb
disapprovingly,adverb
ambitiously,adverb
unambitiously,adverb
amicably,adverb
anonymously,adverb
at a loss,adverb
afield,adverb
afield,adverb
afield,adverb
animatedly,adverb
offhand,adverb
offhand,adverb
casually,adverb
upstage,adverb
downstage,adverb
abjectly,adverb
abortively,adverb
abstemiously,adverb
abstrusely,adverb
accelerando,adverb
adagio,adverb
administratively,adverb
adorably,adverb
antagonistically,adverb
anteriorly,adverb
apathetically,adverb
ardently,adverb
arrogantly,adverb
ascetically,adverb
ashamedly,adverb
assertively,adverb
unassertively,adverb
assuredly,adverb
audaciously,adverb
avidly,adverb
adjectively,adverb
adverbially,adverb
adrift,adverb
adrift,adverb
andante,adverb
amorously,adverb
angelically,adverb
architecturally,adverb
articulately,adverb
inarticulately,adverb
attributively,adverb
audibly,adverb
inaudibly,adverb
beastly,adverb
authentically,adverb
bloodlessly,adverb
bloodily,adverb
bombastically,adverb
turgidly,adverb
boyishly,adverb
aground,adverb
akimbo,adverb
alee,adverb
alertly,adverb
alias,adverb
allegretto,adverb
allegro,adverb
alliteratively,adverb
altruistically,adverb
anomalously,adverb
appreciatively,adverb
ungratefully,adverb
arithmetically,adverb
askance,adverb
askance,adverb
awry,adverb
askew,adverb
assiduously,adverb
perseveringly,adverb
persistently,adverb
astutely,adverb
across,adverb
across,adverb
amain,adverb
amain,adverb
amidship,adverb
amok,adverb
amok,adverb
antithetically,adverb
seasonably,adverb
seasonably,adverb
unseasonably,adverb
archly,adverb
arduously,adverb
artlessly,adverb
artlessly,adverb
obliquely,adverb
blissfully,adverb
aslant,adverb
asleep,adverb
asleep,adverb
astern,adverb
aft,adverb
fore,adverb
astern,adverb
astride,adverb
astride,adverb
athwart,adverb
atop,adverb
austerely,adverb
avariciously,adverb
avowedly,adverb
backstage,adverb
backstage,adverb
privily,adverb
baldly,adverb
balefully,adverb
banefully,adverb
bang,adverb
banteringly,adverb
barbarously,adverb
bareback,adverb
barefooted,adverb
bawdily,adverb
becomingly,adverb
beneficially,adverb
benignly,adverb
beseechingly,adverb
bewitchingly,adverb
biennially,adverb
biannually,adverb
blankly,adverb
blasphemously,adverb
bluffly,adverb
boorishly,adverb
bountifully,adverb
breadthwise,adverb
breezily,adverb
briskly,adverb
bestially,adverb
bumptiously,adverb
buoyantly,adverb
on air,adverb
bureaucratically,adverb
bureaucratically,adverb
cagily,adverb
cantankerously,adverb
capriciously,adverb
capriciously,adverb
captiously,adverb
caustically,adverb
cautiously,adverb
charily,adverb
incautiously,adverb
disdainfully,adverb
endlessly,adverb
interminably,adverb
centennially,adverb
chaotically,adverb
chaotically,adverb
chastely,adverb
chattily,adverb
cheaply,adverb
cheekily,adverb
gallantly,adverb
churlishly,adverb
circularly,adverb
clannishly,adverb
fairly,adverb
unfairly,adverb
cleanly,adverb
cleanly,adverb
clearly,adverb
clear,adverb
climatically,adverb
coastwise,adverb
coaxingly,adverb
coherently,adverb
incoherently,adverb
colloquially,adverb
collectedly,adverb
colloidally,adverb
combatively,adverb
comfortingly,adverb
compactly,adverb
compatibly,adverb
incompatibly,adverb
complacently,adverb
uncomplainingly,adverb
complainingly,adverb
comprehensively,adverb
noncomprehensively,adverb
compulsorily,adverb
computationally,adverb
brotherly,adverb
pro,adverb
con,adverb
conceitedly,adverb
conceptually,adverb
concernedly,adverb
concisely,adverb
in a nutshell,adverb
succinctly,adverb
conically,adverb
cynically,adverb
cytophotometrically,adverb
cytoplasmically,adverb
cursorily,adverb
cumulatively,adverb
cum laude,adverb
magna cum laude,adverb
summa cum laude,adverb
criminally,adverb
criminally,adverb
coyly,adverb
cross-legged,adverb
condescendingly,adverb
consecutive,adverb
conservatively,adverb
conditionally,adverb
unconditionally,adverb
crucially,adverb
crosswise,adverb
crisscross,adverb
counter,adverb
counteractively,adverb
cross-country,adverb
cross-country,adverb
crossly,adverb
crosstown,adverb
craftily,adverb
confusedly,adverb
consequently,adverb
consequentially,adverb
inconsequentially,adverb
constructively,adverb
contemporaneously,adverb
contrastingly,adverb
coolly,adverb
incredibly,adverb
credibly,adverb
incredulously,adverb
credulously,adverb
cryptically,adverb
cryptographically,adverb
cunningly,adverb
curtly,adverb
damned,adverb
damply,adverb
dauntingly,adverb
dazedly,adverb
decisively,adverb
decisively,adverb
indecisively,adverb
decisively,adverb
indecisively,adverb
deftly,adverb
dejectedly,adverb
delightedly,adverb
delightfully,adverb
demurely,adverb
densely,adverb
compactly,adverb
tightly,adverb
possibly,adverb
possibly,adverb
impossibly,adverb
potentially,adverb
absurdly,adverb
derisively,adverb
descriptively,adverb
deservedly,adverb
undeservedly,adverb
despairingly,adverb
developmentally,adverb
devilishly,adverb
congenially,adverb
contagiously,adverb
controversially,adverb
uncontroversially,adverb
convivially,adverb
coquettishly,adverb
enviously,adverb
creakily,adverb
crushingly,adverb
reprehensibly,adverb
currishly,adverb
daftly,adverb
daintily,adverb
daintily,adverb
daringly,adverb
daringly,adverb
dashingly,adverb
daylong,adverb
deadly,adverb
decorously,adverb
indecorously,adverb
willingly,adverb
unwillingly,adverb
deeply,adverb
deep,adverb
deep,adverb
late,adverb
defenseless,adverb
defensively,adverb
defensively,adverb
offensively,adverb
offensively,adverb
inoffensively,adverb
offensively,adverb
distinctly,adverb
distinctly,adverb
distractedly,adverb
deferentially,adverb
deferentially,adverb
deliriously,adverb
deliriously,adverb
delusively,adverb
demonstrably,adverb
desolately,adverb
diabolically,adverb
diffidently,adverb
despicably,adverb
despitefully,adverb
destructively,adverb
detestably,adverb
detrimentally,adverb
harmlessly,adverb
deviously,adverb
devotedly,adverb
devoutly,adverb
dexterously,adverb
diagonally,adverb
diagrammatically,adverb
diametrically,adverb
dictatorially,adverb
didactically,adverb
differentially,adverb
diligently,adverb
direfully,adverb
dirtily,adverb
dirtily,adverb
disagreeably,adverb
disappointedly,adverb
disappointingly,adverb
disastrously,adverb
disconcertingly,adverb
discontentedly,adverb
disgracefully,adverb
disgustedly,adverb
disgustingly,adverb
honestly,adverb
dishonestly,adverb
honestly,adverb
hypocritically,adverb
dishonorably,adverb
honorably,adverb
disingenuously,adverb
disinterestedly,adverb
disjointedly,adverb
loyally,adverb
disloyally,adverb
dismally,adverb
dismally,adverb
obediently,adverb
disobediently,adverb
dispassionately,adverb
disparagingly,adverb
dispiritedly,adverb
displeasingly,adverb
disproportionately,adverb
proportionately,adverb
disproportionately,adverb
proportionately,adverb
disputatiously,adverb
disquietingly,adverb
disreputably,adverb
reputably,adverb
respectfully,adverb
disrespectfully,adverb
distantly,adverb
distastefully,adverb
distressfully,adverb
distributively,adverb
distributively,adverb
distrustfully,adverb
trustfully,adverb
disturbingly,adverb
doctrinally,adverb
dogmatically,adverb
dolefully,adverb
domestically,adverb
domestically,adverb
domineeringly,adverb
double,adverb
double,adverb
double time,adverb
doubtfully,adverb
dowdily,adverb
downhill,adverb
downhill,adverb
drably,adverb
dreamily,adverb
droopingly,adverb
drowsily,adverb
dumbly,adverb
dumbly,adverb
dutifully,adverb
dynamically,adverb
east,adverb
west,adverb
westward,adverb
eastward,adverb
easterly,adverb
westerly,adverb
westerly,adverb
ebulliently,adverb
ecclesiastically,adverb
ecologically,adverb
ecstatically,adverb
edgeways,adverb
edgewise,adverb
educationally,adverb
eerily,adverb
effectually,adverb
ineffectually,adverb
efficaciously,adverb
inefficaciously,adverb
elementarily,adverb
effusively,adverb
demonstratively,adverb
egotistically,adverb
unselfishly,adverb
elegantly,adverb
elegantly,adverb
inelegantly,adverb
eloquently,adverb
ineloquently,adverb
embarrassingly,adverb
eminently,adverb
emulously,adverb
encouragingly,adverb
discouragingly,adverb
endways,adverb
endways,adverb
endways,adverb
enterprisingly,adverb
entertainingly,adverb
environmentally,adverb
equably,adverb
equitably,adverb
inequitably,adverb
erectly,adverb
eruditely,adverb
ethically,adverb
unethically,adverb
euphemistically,adverb
evasively,adverb
evenly,adverb
evolutionarily,adverb
regularly,adverb
unevenly,adverb
irregularly,adverb
regularly,adverb
irregularly,adverb
evenly,adverb
unevenly,adverb
evermore,adverb
excitingly,adverb
unexcitingly,adverb
excusably,adverb
inexcusably,adverb
exorbitantly,adverb
expediently,adverb
inexpediently,adverb
expensively,adverb
cheaply,adverb
explosively,adverb
explosively,adverb
exponentially,adverb
express,adverb
expressively,adverb
inexpressively,adverb
extemporaneously,adverb
extravagantly,adverb
exuberantly,adverb
faddishly,adverb
faithlessly,adverb
falsely,adverb
falsely,adverb
familiarly,adverb
famously,adverb
fanatically,adverb
fancifully,adverb
farcically,adverb
fashionably,adverb
unfashionably,adverb
fastidiously,adverb
civilly,adverb
uncivilly,adverb
fatefully,adverb
faultily,adverb
faultlessly,adverb
fearsomely,adverb
feebly,adverb
feebly,adverb
feelingly,adverb
unfeelingly,adverb
felicitously,adverb
infelicitously,adverb
fierily,adverb
fifthly,adverb
figuratively,adverb
literally,adverb
first class,adverb
firsthand,adverb
first-rate,adverb
fitfully,adverb
fixedly,adverb
flabbily,adverb
flagrantly,adverb
flamboyantly,adverb
flat,adverb
flexibly,adverb
inflexibly,adverb
flimsily,adverb
flip-flap,adverb
flippantly,adverb
flop,adverb
fluently,adverb
forbiddingly,adverb
forcefully,adverb
cold-bloodedly,adverb
forcibly,adverb
forgetfully,adverb
forgivingly,adverb
unforgivingly,adverb
forlornly,adverb
formidably,adverb
formlessly,adverb
piano,adverb
forte,adverb
pianissimo,adverb
fortissimo,adverb
foully,adverb
foully,adverb
fourfold,adverb
millionfold,adverb
fourthly,adverb
fractiously,adverb
fraternally,adverb
fraudulently,adverb
frenziedly,adverb
frugally,adverb
functionally,adverb
frighteningly,adverb
frostily,adverb
fretfully,adverb
friskily,adverb
frivolously,adverb
frothily,adverb
gainfully,adverb
gamely,adverb
garishly,adverb
genealogically,adverb
generically,adverb
generically,adverb
genteelly,adverb
geologically,adverb
jeeringly,adverb
gingerly,adverb
gladly,adverb
gleefully,adverb
joylessly,adverb
glissando,adverb
gloatingly,adverb
gloriously,adverb
gloriously,adverb
glossily,adverb
piggyback,adverb
piggyback,adverb
gloweringly,adverb
glowingly,adverb
gluttonously,adverb
goddam,adverb
good-naturedly,adverb
gorgeously,adverb
grandly,adverb
gratingly,adverb
gratuitously,adverb
greasily,adverb
gregariously,adverb
grayly,adverb
grievously,adverb
gropingly,adverb
grotesquely,adverb
grudgingly,adverb
ungrudgingly,adverb
gruesomely,adverb
gruffly,adverb
guiltily,adverb
gushingly,adverb
half-heartedly,adverb
half-hourly,adverb
half-yearly,adverb
handsomely,adverb
handsomely,adverb
haphazard,adverb
haply,adverb
harmoniously,adverb
harshly,adverb
roughly,adverb
roughly,adverb
hatefully,adverb
hazily,adverb
hazily,adverb
headlong,adverb
headlong,adverb
unadvisedly,adverb
recklessly,adverb
headlong,adverb
heaps,adverb
heartlessly,adverb
heatedly,adverb
heavenward,adverb
heavy,adverb
heinously,adverb
hereinafter,adverb
hereinbefore,adverb
hereof,adverb
hereto,adverb
hereupon,adverb
hermetically,adverb
heroically,adverb
hideously,adverb
high,adverb
high,adverb
high,adverb
high,adverb
high-handedly,adverb
high-mindedly,adverb
questioningly,adverb
insolently,adverb
loose,adverb
about,adverb
hoarsely,adverb
horizontally,adverb
vertically,adverb
hospitably,adverb
inhospitably,adverb
hourly,adverb
huffily,adverb
hugger-mugger,adverb
humanely,adverb
inhumanely,adverb
humorously,adverb
humorlessly,adverb
hundredfold,adverb
hungrily,adverb
hydraulically,adverb
hygienically,adverb
unhygienically,adverb
hysterically,adverb
icily,adverb
identically,adverb
identifiably,adverb
ideologically,adverb
idiomatically,adverb
idiotically,adverb
idly,adverb
idolatrously,adverb
ignorantly,adverb
legibly,adverb
illegibly,adverb
illegitimately,adverb
legitimately,adverb
illegitimately,adverb
legitimately,adverb
logically,adverb
illogically,adverb
logically,adverb
illustriously,adverb
immaculately,adverb
immovably,adverb
impartially,adverb
morally,adverb
immorally,adverb
impassively,adverb
impenitently,adverb
penitently,adverb
imperatively,adverb
imperceptibly,adverb
perceptibly,adverb
imperiously,adverb
impersonally,adverb
impersonally,adverb
personally,adverb
personally,adverb
impertinently,adverb
impetuously,adverb
impiously,adverb
impishly,adverb
implicitly,adverb
explicitly,adverb
implicitly,adverb
importantly,adverb
importantly,adverb
impracticably,adverb
precisely,adverb
imprecisely,adverb
precisely,adverb
impregnably,adverb
improvidently,adverb
providently,adverb
prudently,adverb
imprudently,adverb
adequately,adverb
inadequately,adverb
incisively,adverb
cuttingly,adverb
incognito,adverb
incomparably,adverb
comparably,adverb
incongruously,adverb
conspicuously,adverb
inconspicuously,adverb
incriminatingly,adverb
incurably,adverb
incurably,adverb
indelibly,adverb
ineffably,adverb
indeterminably,adverb
indifferently,adverb
indignantly,adverb
discreetly,adverb
indiscreetly,adverb
indolently,adverb
indubitably,adverb
indulgently,adverb
industriously,adverb
inextricably,adverb
influentially,adverb
informatively,adverb
uninformatively,adverb
infrequently,adverb
ingeniously,adverb
ingratiatingly,adverb
inherently,adverb
inimitably,adverb
iniquitously,adverb
innately,adverb
innocently,adverb
innocently,adverb
inopportunely,adverb
opportunely,adverb
inquiringly,adverb
insatiably,adverb
insatiably,adverb
securely,adverb
securely,adverb
insecurely,adverb
securely,adverb
insecurely,adverb
sensitively,adverb
insensitively,adverb
insidiously,adverb
sincerely,adverb
insincerely,adverb
from the heart,adverb
insinuatingly,adverb
insipidly,adverb
insomuch,adverb
inspirationally,adverb
substantially,adverb
insubstantially,adverb
insultingly,adverb
insuperably,adverb
interchangeably,adverb
interdepartmental,adverb
intermediately,adverb
endlessly,adverb
intermittently,adverb
interrogatively,adverb
intolerantly,adverb
tolerantly,adverb
intolerantly,adverb
transitively,adverb
intransitively,adverb
intravenously,adverb
intuitively,adverb
inventively,adverb
invidiously,adverb
invincibly,adverb
invisibly,adverb
visibly,adverb
irately,adverb
ironically,adverb
ironically,adverb
irrelevantly,adverb
irretrievably,adverb
irreverently,adverb
irreverently,adverb
irreversibly,adverb
jarringly,adverb
jealously,adverb
immaturely,adverb
maturely,adverb
jerkily,adverb
jokingly,adverb
jocosely,adverb
journalistically,adverb
jovially,adverb
judiciously,adverb
injudiciously,adverb
keenly,adverb
killingly,adverb
laboriously,adverb
lackadaisically,adverb
lamely,adverb
landward,adverb
langsyne,adverb
languidly,adverb
languorously,adverb
large,adverb
large,adverb
lasciviously,adverb
laterally,adverb
laterally,adverb
laughably,adverb
laxly,adverb
under arms,adverb
lazily,adverb
left,adverb
right,adverb
legato,adverb
staccato,adverb
lengthways,adverb
longitudinally,adverb
lento,adverb
lethargically,adverb
lewdly,adverb
licentiously,adverb
lifelessly,adverb
lifelessly,adverb
longingly,adverb
lucidly,adverb
lukewarmly,adverb
luxuriantly,adverb
luxuriantly,adverb
manageably,adverb
unmanageably,adverb
manfully,adverb
unmanfully,adverb
lightly,adverb
light-handedly,adverb
light-heartedly,adverb
lightsomely,adverb
limnologically,adverb
limply,adverb
lineally,adverb
matrilineally,adverb
patrilineally,adverb
lingeringly,adverb
lispingly,adverb
listlessly,adverb
lividly,adverb
loftily,adverb
logarithmically,adverb
longer,adverb
longest,adverb
loquaciously,adverb
low,adverb
lowest,adverb
lugubriously,adverb
luridly,adverb
lusciously,adverb
lustfully,adverb
lyrically,adverb
magnanimously,adverb
grandiloquently,adverb
majestically,adverb
benevolently,adverb
malevolently,adverb
malignantly,adverb
malignly,adverb
managerially,adverb
mangily,adverb
maniacally,adverb
manipulatively,adverb
masochistically,adverb
massively,adverb
masterfully,adverb
materialistically,adverb
maternally,adverb
mawkishly,adverb
maximally,adverb
minimally,adverb
meagerly,adverb
amply,adverb
meanderingly,adverb
meaningfully,adverb
meanly,adverb
meanly,adverb
meanly,adverb
meanspiritedly,adverb
immeasurably,adverb
measurably,adverb
mechanistically,adverb
medially,adverb
meditatively,adverb
mellowly,adverb
melodiously,adverb
unmelodiously,adverb
melodramatically,adverb
melodramatically,adverb
memorably,adverb
unmemorably,adverb
menacingly,adverb
mendaciously,adverb
truthfully,adverb
menially,adverb
mercilessly,adverb
meretriciously,adverb
meritoriously,adverb
messily,adverb
tidily,adverb
methodologically,adverb
metrically,adverb
rhythmically,adverb
mindlessly,adverb
mindlessly,adverb
amidships,adverb
midweek,adverb
mincingly,adverb
ministerially,adverb
minutely,adverb
miraculously,adverb
miserably,adverb
mistily,adverb
molto,adverb
momentously,adverb
monotonously,adverb
moodily,adverb
morbidly,adverb
morosely,adverb
morphologically,adverb
mortally,adverb
motionlessly,adverb
sadly,adverb
mournfully,adverb
mundanely,adverb
mundanely,adverb
murderously,adverb
murkily,adverb
musically,adverb
unmusically,adverb
musingly,adverb
mutually,adverb
in return,adverb
naively,adverb
nakedly,adverb
nakedly,adverb
narrow-mindedly,adverb
broad-mindedly,adverb
nastily,adverb
nationally,adverb
nattily,adverb
jauntily,adverb
nay,adverb
nearer,adverb
nearest,adverb
necessarily,adverb
necessarily,adverb
unnecessarily,adverb
neck and neck,adverb
nefariously,adverb
neglectfully,adverb
negligently,adverb
nervously,adverb
neurotically,adverb
nervously,adverb
nevermore,adverb
near,adverb
close up,adverb
nightly,adverb
ninefold,adverb
nobly,adverb
nohow,adverb
nonstop,adverb
nostalgically,adverb
notoriously,adverb
nutritionally,adverb
numerically,adverb
numbly,adverb
nowise,adverb
northeast,adverb
northwest,adverb
north-northeast,adverb
north-northwest,adverb
objectively,adverb
subjectively,adverb
obscenely,adverb
obsequiously,adverb
observantly,adverb
obstreperously,adverb
obtrusively,adverb
unobtrusively,adverb
officiously,adverb
obstructively,adverb
offside,adverb
onerously,adverb
opaquely,adverb
operationally,adverb
oppressively,adverb
optimally,adverb
optimistically,adverb
pessimistically,adverb
optionally,adverb
obligatorily,adverb
sumptuously,adverb
organizationally,adverb
osmotically,adverb
ostentatiously,adverb
outlandishly,adverb
outspokenly,adverb
overbearingly,adverb
overleaf,adverb
overmuch,adverb
oversea,adverb
overside,adverb
owlishly,adverb
pacifistically,adverb
painstakingly,adverb
palatably,adverb
unpalatably,adverb
palely,adverb
pallidly,adverb
parentally,adverb
parenterally,adverb
parenthetically,adverb
parochially,adverb
by,adverb
patchily,adverb
paternally,adverb
pathetically,adverb
pathetically,adverb
patriotically,adverb
unpatriotically,adverb
peaceably,adverb
pedantically,adverb
peevishly,adverb
pejoratively,adverb
penetratingly,adverb
pensively,adverb
penuriously,adverb
perceptively,adverb
perceptually,adverb
perchance,adverb
perfidiously,adverb
perkily,adverb
perpendicularly,adverb
perplexedly,adverb
persistently,adverb
persuasively,adverb
pertinaciously,adverb
pertinently,adverb
pervasively,adverb
pettily,adverb
pharmacologically,adverb
phenomenally,adverb
philanthropically,adverb
philatelically,adverb
phlegmatically,adverb
picturesquely,adverb
piecemeal,adverb
piercingly,adverb
piggishly,adverb
pinnately,adverb
piping,adverb
piquantly,adverb
placidly,adverb
placidly,adverb
pizzicato,adverb
point-blank,adverb
posthumously,adverb
prestissimo,adverb
rallentando,adverb
recognizably,adverb
unrecognizably,adverb
regretfully,adverb
piratically,adverb
pit-a-pat,adverb
pit-a-pat,adverb
piteously,adverb
pithily,adverb
pitifully,adverb
placatingly,adverb
plaguey,adverb
plaintively,adverb
playfully,adverb
pleasingly,adverb
plenarily,adverb
ploddingly,adverb
plop,adverb
plump,adverb
pneumatically,adverb
pointlessly,adverb
poisonously,adverb
pluckily,adverb
plumb,adverb
ponderously,adverb
ponderously,adverb
pop,adverb
popishly,adverb
portentously,adverb
possessively,adverb
post-free,adverb
potently,adverb
poutingly,adverb
powerfully,adverb
powerlessly,adverb
practicably,adverb
pragmatically,adverb
pre-eminently,adverb
precariously,adverb
precious,adverb
precipitously,adverb
precipitously,adverb
precociously,adverb
predictably,adverb
prematurely,adverb
prematurely,adverb
presciently,adverb
carnally,adverb
presentably,adverb
pressingly,adverb
presumptuously,adverb
pretentiously,adverb
unpretentiously,adverb
preternaturally,adverb
prettily,adverb
priggishly,adverb
primly,adverb
primitively,adverb
primitively,adverb
probabilistically,adverb
problematically,adverb
warmly,adverb
wastefully,adverb
prodigiously,adverb
profanely,adverb
profanely,adverb
proficiently,adverb
profitlessly,adverb
prohibitively,adverb
promiscuously,adverb
promisingly,adverb
prosaically,adverb
prosily,adverb
proverbially,adverb
providentially,adverb
providentially,adverb
provocatively,adverb
prudishly,adverb
pruriently,adverb
pryingly,adverb
psychologically,adverb
psychologically,adverb
pugnaciously,adverb
punctiliously,adverb
pungently,adverb
pungently,adverb
punily,adverb
punishingly,adverb
punitively,adverb
purposefully,adverb
purposelessly,adverb
quaintly,adverb
quaintly,adverb
qualitatively,adverb
quarterly,adverb
quarterly,adverb
queasily,adverb
queerly,adverb
queerly,adverb
unquestionably,adverb
questionably,adverb
questioningly,adverb
restfully,adverb
quixotically,adverb
racily,adverb
radially,adverb
radiantly,adverb
raggedly,adverb
raggedly,adverb
raggedly,adverb
rampantly,adverb
rapaciously,adverb
raving,adverb
ravishingly,adverb
reassuringly,adverb
rebukingly,adverb
receptively,adverb
reflectively,adverb
refreshingly,adverb
refreshingly,adverb
regally,adverb
relevantly,adverb
reminiscently,adverb
remotely,adverb
remotely,adverb
repellently,adverb
repetitively,adverb
reputedly,adverb
resentfully,adverb
reservedly,adverb
resignedly,adverb
ripely,adverb
resoundingly,adverb
resourcefully,adverb
respectably,adverb
respectably,adverb
restrictively,adverb
retail,adverb
wholesale,adverb
retentively,adverb
reticently,adverb
retrospectively,adverb
revengefully,adverb
reverentially,adverb
reversely,adverb
rhetorically,adverb
right-down,adverb
righteously,adverb
unrighteously,adverb
riskily,adverb
roaring,adverb
robustly,adverb
roguishly,adverb
roguishly,adverb
romantically,adverb
roomily,adverb
rotationally,adverb
sonorously,adverb
round-arm,adverb
rowdily,adverb
ruinously,adverb
ruthlessly,adverb
sarcastically,adverb
sanctimoniously,adverb
scandalously,adverb
scathingly,adverb
sceptically,adverb
schematically,adverb
scorching,adverb
screamingly,adverb
scurrilously,adverb
searchingly,adverb
seasonally,adverb
coastward,adverb
seaward,adverb
second-best,adverb
second class,adverb
secretively,adverb
sedately,adverb
seductively,adverb
selectively,adverb
self-consciously,adverb
unselfconsciously,adverb
self-evidently,adverb
sensationally,adverb
senselessly,adverb
sensuously,adverb
voluptuously,adverb
sensually,adverb
sentimentally,adverb
unsentimentally,adverb
separably,adverb
inseparably,adverb
serenely,adverb
sevenfold,adverb
seventhly,adverb
independently,adverb
shabbily,adverb
shabbily,adverb
shaggily,adverb
shakily,adverb
shakily,adverb
shallowly,adverb
shambolically,adverb
shamefacedly,adverb
shapelessly,adverb
sheepishly,adverb
sheer,adverb
sheer,adverb
shiftily,adverb
shockingly,adverb
shockingly,adverb
shoddily,adverb
short,adverb
short,adverb
short,adverb
short,adverb
short,adverb
shudderingly,adverb
sidesaddle,adverb
broadside,adverb
sidelong,adverb
sidelong,adverb
sidelong,adverb
sideward,adverb
sideways,adverb
sideway,adverb
sideways,adverb
signally,adverb
signally,adverb
silkily,adverb
pusillanimously,adverb
single-handed,adverb
single-mindedly,adverb
singularly,adverb
sixfold,adverb
sixthly,adverb
sketchily,adverb
skillfully,adverb
skimpily,adverb
skittishly,adverb
sky-high,adverb
sky-high,adverb
sky-high,adverb
slanderously,adverb
slangily,adverb
slantingly,adverb
slantwise,adverb
slam-bang,adverb
slam-bang,adverb
slapdash,adverb
slap-bang,adverb
slavishly,adverb
sleekly,adverb
sleepily,adverb
sleeplessly,adverb
slenderly,adverb
smoothly,adverb
sloppily,adverb
slouchingly,adverb
slouchily,adverb
smash,adverb
smilingly,adverb
unsmilingly,adverb
smugly,adverb
smuttily,adverb
snappishly,adverb
sneakingly,adverb
sneeringly,adverb
snobbishly,adverb
sobbingly,adverb
sociably,adverb
unsociably,adverb
sociologically,adverb
solicitously,adverb
solitarily,adverb
somberly,adverb
soothingly,adverb
soaking,adverb
sordidly,adverb
sorely,adverb
sorrowfully,adverb
all together,adverb
sottishly,adverb
southeast,adverb
southwest,adverb
south-southeast,adverb
south-southwest,adverb
soullessly,adverb
noiselessly,adverb
sourly,adverb
southerly,adverb
southerly,adverb
sparely,adverb
sparsely,adverb
spasmodically,adverb
spasmodically,adverb
speciously,adverb
spectrographically,adverb
speechlessly,adverb
spirally,adverb
sportingly,adverb
unsportingly,adverb
unsuspectingly,adverb
spotlessly,adverb
trimly,adverb
spuriously,adverb
squeamishly,adverb
stagily,adverb
standoffishly,adverb
stark,adverb
starkly,adverb
starkly,adverb
starkly,adverb
startlingly,adverb
statutorily,adverb
staunchly,adverb
steeply,adverb
stereotypically,adverb
stertorously,adverb
stickily,adverb
stiff,adverb
stiltedly,adverb
stingily,adverb
stirringly,adverb
stochastically,adverb
still,adverb
straightway,adverb
straightway,adverb
thereabout,adverb
thereabout,adverb
thereinafter,adverb
thereof,adverb
thereon,adverb
thereto,adverb
thereunder,adverb
therewith,adverb
therewithal,adverb
stockily,adverb
stoically,adverb
stonily,adverb
strategically,adverb
stridently,adverb
strictly,adverb
stuffily,adverb
stupendously,adverb
sturdily,adverb
stylishly,adverb
stylistically,adverb
suavely,adverb
sublimely,adverb
subtly,adverb
romantically,adverb
unromantically,adverb
sulkily,adverb
summarily,adverb
superfluously,adverb
superlatively,adverb
superstitiously,adverb
supinely,adverb
supinely,adverb
surreptitiously,adverb
surpassingly,adverb
surprisedly,adverb
sweepingly,adverb
sweetly,adverb
synchronously,adverb
synthetically,adverb
tacitly,adverb
tactfully,adverb
tactlessly,adverb
tactically,adverb
tamely,adverb
tangibly,adverb
tartly,adverb
tastefully,adverb
tastelessly,adverb
tastily,adverb
tauntingly,adverb
tautly,adverb
tearfully,adverb
telegraphically,adverb
telescopically,adverb
tellingly,adverb
temperately,adverb
temperately,adverb
tendentiously,adverb
tenderly,adverb
tenthly,adverb
tetchily,adverb
theologically,adverb
theologically,adverb
thermostatically,adverb
threefold,adverb
traditionally,adverb
thick,adverb
thinly,adverb
thickly,adverb
thickly,adverb
thinly,adverb
thinly,adverb
thinly,adverb
thickly,adverb
thirstily,adverb
thriftily,adverb
thriftlessly,adverb
through,adverb
through,adverb
through,adverb
through,adverb
timorously,adverb
tip-top,adverb
tiptoe,adverb
tomorrow,adverb
tonelessly,adverb
topographically,adverb
tortuously,adverb
tortuously,adverb
touchily,adverb
toughly,adverb
transcendentally,adverb
transiently,adverb
transitionally,adverb
transitorily,adverb
transparently,adverb
transparently,adverb
tremulously,adverb
trenchantly,adverb
tritely,adverb
trivially,adverb
trivially,adverb
tropically,adverb
truculently,adverb
truculently,adverb
tumultuously,adverb
turbulently,adverb
tutorially,adverb
twofold,adverb
typographically,adverb
ultra vires,adverb
unaccountably,adverb
unalterably,adverb
unarguably,adverb
unassumingly,adverb
unattainably,adverb
unawares,adverb
unawares,adverb
unbearably,adverb
unbeknown,adverb
unblushingly,adverb
uncannily,adverb
uncertainly,adverb
unchivalrously,adverb
uncommonly,adverb
uncompromisingly,adverb
undesirably,adverb
uninvitedly,adverb
unwontedly,adverb
unconcernedly,adverb
uncontrollably,adverb
uncouthly,adverb
unctuously,adverb
undeniably,adverb
under,adverb
under,adverb
under,adverb
under,adverb
under,adverb
under,adverb
under,adverb
under,adverb
underarm,adverb
underground,adverb
underground,adverb
underhandedly,adverb
underneath,adverb
underneath,adverb
unduly,adverb
uneventfully,adverb
ungrammatically,adverb
grammatically,adverb
unimaginably,adverb
uninterruptedly,adverb
unnaturally,adverb
naturally,adverb
precedentedly,adverb
unprecedentedly,adverb
unreservedly,adverb
unrestrainedly,adverb
unscrupulously,adverb
unstintingly,adverb
unswervingly,adverb
unswervingly,adverb
untruly,adverb
unwarrantably,adverb
unworthily,adverb
up-country,adverb
uphill,adverb
uphill,adverb
uppermost,adverb
uppermost,adverb
uprightly,adverb
honorably,adverb
dishonorably,adverb
urbanely,adverb
usefully,adverb
uselessly,adverb
uxoriously,adverb
vacantly,adverb
vacuously,adverb
valiantly,adverb
validly,adverb
vapidly,adverb
variably,adverb
vehemently,adverb
verbosely,adverb
verily,adverb
vicariously,adverb
vigilantly,adverb
vilely,adverb
virulently,adverb
vivace,adverb
vivaciously,adverb
voluptuously,adverb
voraciously,adverb
voyeuristically,adverb
vulnerably,adverb
waggishly,adverb
waist-deep,adverb
wanly,adverb
wantonly,adverb
wealthily,adverb
weightily,adverb
weightily,adverb
whacking,adverb
wheezily,adverb
wholeheartedly,adverb
wholesomely,adverb
whence,adverb
wherever,adverb
whopping,adverb
wide,adverb
widely,adverb
wide,adverb
wide,adverb
wide,adverb
willfully,adverb
wishfully,adverb
wistfully,adverb
witheringly,adverb
wittily,adverb
wolfishly,adverb
worryingly,adverb
worriedly,adverb
worthily,adverb
worthlessly,adverb
wrathfully,adverb
wretchedly,adverb
yea,adverb
youthfully,adverb
zealously,adverb
zestfully,adverb
zigzag,adverb
a la mode,adverb
between decks,adverb
between,adverb
aloft,adverb
aloft,adverb
irreproachably,adverb
bonnily,adverb
aloft,adverb
aloft,adverb
circumstantially,adverb
circumstantially,adverb
clammily,adverb
conjugally,adverb
constrainedly,adverb
convexly,adverb
concavely,adverb
coordinately,adverb
corruptly,adverb
defectively,adverb
dingily,adverb
discursively,adverb
profligately,adverb
floridly,adverb
half-price,adverb
imminently,adverb
integrally,adverb
martially,adverb
ruggedly,adverb
shrewishly,adverb
in principle,adverb
per capita,adverb
distinctively,adverb
philosophically,adverb
vanishingly,adverb
inaugurally,adverb
in,adverb
unquestioningly,adverb
theretofore,adverb
acutely,adverb
demandingly,adverb
heavily,adverb
specially,adverb
gently,adverb
haggardly,adverb
sharply,adverb
madly,adverb
smolderingly,adverb
dandily,adverb
in common,adverb
softly,adverb
immediately,adverb
immediately,adverb
directly,adverb
second hand,adverb
in full,adverb
expansively,adverb
homogeneously,adverb
in flight,adverb
only,adverb
close,adverb
naturally,adverb
by rights,adverb
caudally,adverb
causally,adverb
fearfully,adverb
one by one,adverb
calculatingly,adverb
magnetically,adverb
redly,adverb
widely,adverb
insignificantly,adverb
fatally,adverb
overboard,adverb
desperately,adverb
first,adverb
outstandingly,adverb
tunelessly,adverb
measuredly,adverb
heavily,adverb
mellowingly,adverb
yesterday,adverb
yesterday,adverb
together,adverb
after,adverb
later,adverb
on earth,adverb
unblinkingly,adverb
luxuriously,adverb
heavily,adverb
loweringly,adverb
aggravatingly,adverb
lightly,adverb
quaveringly,adverb
from pillar to post,adverb
straight,adverb
painfully,adverb
painlessly,adverb
better,adverb
significantly,adverb
out of sight,adverb
out of place,adverb
baby-wise,adverb
soughingly,adverb
coincidentally,adverb
very,adverb
contextually,adverb
departmentally,adverb
polygonally,adverb
regimentally,adverb
residentially,adverb
schismatically,adverb
viscerally,adverb
loosely,adverb
positively,adverb
literatim,adverb
nebulously,adverb
northeastward,adverb
northwestward,adverb
southeastward,adverb
southwestward,adverb
abaxially,adverb
adaxially,adverb
adjectivally,adverb
affirmatively,adverb
canonically,adverb
cognitively,adverb
complexly,adverb
cursively,adverb
dolce,adverb
draggingly,adverb
eccentrically,adverb
eccentrically,adverb
endogenously,adverb
erotically,adverb
hypnotically,adverb
immunologically,adverb
in vitro,adverb
irreparably,adverb
irritatingly,adverb
judicially,adverb
logogrammatically,adverb
on camera,adverb
prepositionally,adverb
presidentially,adverb
radioactively,adverb
recurrently,adverb
sidearm,adverb
sinuously,adverb
sinusoidally,adverb
spaceward,adverb
stably,adverb
stably,adverb
suggestively,adverb
synergistically,adverb
synergistically,adverb
synonymously,adverb
taxonomically,adverb
topologically,adverb
ulteriorly,adverb
vexatiously,adverb
wafer-thin,adverb
wrongfully,adverb
