word,pos
'tween,adv
'tween_decks,adv
a.d.,adv
a.k.a.,adv
a.m.,adv
a_bit,adv
a_cappella,adv
a_fortiori,adv
a_good_deal,adv
a_great_deal,adv
a_hundred_times,adv
a_la_carte,adv
a_la_mode,adv
a_little,adv
a_lot,adv
a_million_times,adv
a_posteriori,adv
a_priori,adv
a_trifle,adv
ab_initio,adv
aback,adv
abaft,adv
abaxially,adv
abeam,adv
abed,adv
abjectly,adv
ably,adv
abnormally,adv
aboard,adv
abominably,adv
aborad,adv
abortively,adv
about,adv
above,adv
above_all,adv
aboveboard,adv
abreast,adv
abroad,adv
abruptly,adv
absently,adv
absentmindedly,adv
absolutely,adv
abstemiously,adv
abstractedly,adv
abstractly,adv
abstrusely,adv
absurdly,adv
abundantly,adv
abusively,adv
abysmally,adv
academically,adv
accelerando,adv
acceptably,adv
accidentally,adv
accommodatingly,adv
accordingly,adv
accurately,adv
accusingly,adv
acoustically,adv
across,adv
across_the_board,adv
across_the_country,adv
across_the_nation,adv
actively,adv
actually,adv
acutely,adv
ad,adv
ad_hoc,adv
ad_infinitum,adv
ad_interim,adv
ad_lib,adv
ad_libitum,adv
ad_nauseam,adv
ad_val,adv
ad_valorem,adv
adagio,adv
adamantly,adv
adaxially,adv
additionally,adv
adequately,adv
adjectivally,adv
adjectively,adv
administratively,adv
admirably,adv
admiringly,adv
admittedly,adv
adorably,adv
adoringly,adv
adrift,adv
adroitly,adv
adulterously,adv
advantageously,adv
adverbially,adv
adversely,adv
advertently,adv
advisedly,adv
aerially,adv
aesthetically,adv
afar,adv
affably,adv
affectedly,adv
affectingly,adv
affectionately,adv
affirmatively,adv
afield,adv
afoot,adv
afresh,adv
aft,adv
after,adv
after_a_fashion,adv
after_all,adv
after_hours,adv
afterward,adv
afterwards,adv
again,adv
again_and_again,adv
against_the_clock,adv
against_the_wind,adv
against_time,adv
aggravatingly,adv
aggressively,adv
agilely,adv
ago,adv
agonizingly,adv
agreeably,adv
aground,adv
ahead,adv
ahead_of_the_game,adv
ahead_of_time,adv
ahorse,adv
ahorseback,adv
aimlessly,adv
airily,adv
akimbo,adv
alarmingly,adv
alas,adv
alee,adv
alertly,adv
alfresco,adv
algebraically,adv
alias,adv
alike,adv
all,adv
all-fired,adv
all_along,adv
all_at_once,adv
all_day_long,adv
all_in_all,adv
all_of_a_sudden,adv
all_over,adv
all_right,adv
all_the_same,adv
all_the_time,adv
all_the_way,adv
all_together,adv
all_told,adv
all_too,adv
allegedly,adv
allegorically,adv
allegretto,adv
allegro,adv
alliteratively,adv
allowably,adv
almost,adv
aloft,adv
alone,adv
along,adv
alongside,adv
aloof,adv
aloud,adv
alphabetically,adv
already,adv
alright,adv
also,adv
also_known_as,adv
alternately,adv
alternatively,adv
altogether,adv
altruistically,adv
always,adv
amain,adv
amateurishly,adv
amazingly,adv
ambiguously,adv
ambitiously,adv
amiably,adv
amicably,adv
amidship,adv
amidships,adv
amiss,adv
amok,adv
amorally,adv
amorously,adv
amply,adv
amuck,adv
amusingly,adv
anachronistically,adv
analogously,adv
analytically,adv
anarchically,adv
anatomically,adv
anciently,adv
and_how,adv
and_so,adv
and_so_forth,adv
and_so_on,adv
and_then,adv
and_then_some,adv
andante,adv
anew,adv
angelically,adv
angrily,adv
animatedly,adv
anisotropically,adv
anno_domini,adv
annoyingly,adv
annually,adv
anomalously,adv
anon,adv
anonymously,adv
antagonistically,adv
ante_meridiem,adv
antecedently,adv
anteriorly,adv
anticlockwise,adv
antithetically,adv
anxiously,adv
any,adv
any_longer,adv
anyhow,adv
anymore,adv
anyplace,adv
anyway,adv
anyways,adv
anywhere,adv
apace,adv
apart,adv
apathetically,adv
apiece,adv
apologetically,adv
appallingly,adv
apparently,adv
appealingly,adv
appositively,adv
appreciably,adv
appreciatively,adv
apprehensively,adv
appropriately,adv
approvingly,adv
approximately,adv
apropos,adv
aptly,adv
arbitrarily,adv
architecturally,adv
archly,adv
ardently,adv
arduously,adv
arguably,adv
argumentatively,adv
aright,adv
aristocratically,adv
arithmetically,adv
around,adv
around_the_clock,adv
arrogantly,adv
artfully,adv
articulately,adv
artificially,adv
artistically,adv
artlessly,adv
as,adv
as_a_formality,adv
as_a_group,adv
as_a_matter_of_fact,adv
as_far_as_possible,adv
as_follows,adv
as_if_by_magic,adv
as_it_is,adv
as_it_were,adv
as_luck_would_have_it,adv
as_much_as_possible,adv
as_needed,adv
as_required,adv
as_such,adv
as_the_crow_flies,adv
as_usual,adv
as_we_say,adv
as_well,adv
as_yet,adv
asap,adv
ascetically,adv
asea,adv
asexually,adv
ashamedly,adv
ashore,adv
aside,adv
askance,adv
askew,adv
aslant,adv
asleep,adv
assertively,adv
assiduously,adv
assuredly,adv
astern,adv
astonishingly,adv
astraddle,adv
astray,adv
astride,adv
astronomically,adv
astutely,adv
asunder,adv
asymmetrically,adv
asymptotically,adv
at_a_loss,adv
at_a_low_price,adv
at_a_lower_place,adv
at_a_time,adv
at_all,adv
at_all_costs,adv
at_an_equal_rate,adv
at_any_cost,adv
at_any_expense,adv
at_any_rate,adv
at_arm's_length,adv
at_best,adv
at_bottom,adv
at_close_range,adv
at_first_blush,adv
at_first_glance,adv
at_first_hand,adv
at_first_sight,adv
at_heart,adv
at_home,adv
at_large,adv
at_last,adv
at_least,adv
at_leisure,adv
at_length,adv
at_long_last,adv
at_most,adv
at_once,adv
at_one_time,adv
at_present,adv
at_random,adv
at_stake,adv
at_that_place,adv
at_the_best,adv
at_the_least,adv
at_the_most,adv
at_the_same_time,adv
at_the_worst,adv
at_times,adv
at_will,adv
at_worst,adv
athwart,adv
atonally,adv
atop,adv
atrociously,adv
attentively,adv
attractively,adv
attributively,adv
atypically,adv
audaciously,adv
audibly,adv
aurally,adv
auspiciously,adv
austerely,adv
authentically,adv
authoritatively,adv
autocratically,adv
automatically,adv
avariciously,adv
avidly,adv
avowedly,adv
away,adv
awful,adv
awfully,adv
awhile,adv
awkwardly,adv
awry,adv
axially,adv
axiomatically,adv
b.c.,adv
b.c.e.,adv
baby-like,adv
baby-wise,adv
back,adv
back_and_forth,adv
backstage,adv
backward,adv
backward_and_forward,adv
backwards,adv
bacterially,adv
bad,adv
badly,adv
baldly,adv
balefully,adv
balmily,adv
banefully,adv
bang,adv
bannerlike,adv
banteringly,adv
barbarously,adv
bareback,adv
barebacked,adv
barefacedly,adv
barefoot,adv
barefooted,adv
barely,adv
basely,adv
bashfully,adv
basically,adv
bawdily,adv
bc,adv
bce,adv
beastly,adv
beautifully,adv
becomingly,adv
befittingly,adv
before,adv
before_christ,adv
before_long,adv
beforehand,adv
behind,adv
behindhand,adv
belatedly,adv
believably,adv
believingly,adv
belike,adv
belligerently,adv
below,adv
below_the_belt,adv
beneath,adv
beneficially,adv
benevolently,adv
benignantly,adv
benignly,adv
beseechingly,adv
besides,adv
best,adv
best_of_all,adv
bestially,adv
betimes,adv
better,adv
between,adv
between_decks,adv
betwixt,adv
bewilderedly,adv
bewilderingly,adv
bewitchingly,adv
beyond,adv
beyond_a_doubt,adv
beyond_a_shadow_of_a_doubt,adv
beyond_control,adv
beyond_doubt,adv
beyond_measure,adv
biannually,adv
biennially,adv
big,adv
bilaterally,adv
bilingually,adv
bimonthly,adv
binaurally,adv
biochemically,adv
biologically,adv
biradially,adv
bit_by_bit,adv
bitingly,adv
bitter,adv
bitterly,adv
biweekly,adv
biyearly,adv
blamelessly,adv
blandly,adv
blankly,adv
blasphemously,adv
blatantly,adv
bleakly,adv
blessedly,adv
blindly,adv
blissfully,adv
blithely,adv
bloodily,adv
bloodlessly,adv
bloody,adv
bluffly,adv
bluntly,adv
boastfully,adv
bodily,adv
body_and_soul,adv
boiling,adv
boisterously,adv
boldly,adv
bolt,adv
bombastically,adv
bonnily,adv
boorishly,adv
boringly,adv
boundlessly,adv
bounteously,adv
bountifully,adv
boyishly,adv
boylike,adv
brashly,adv
bravely,adv
brazenly,adv
breadthways,adv
breadthwise,adv
breast-deep,adv
breast-high,adv
breathlessly,adv
breezily,adv
briefly,adv
bright,adv
brightly,adv
brilliantly,adv
briskly,adv
broad-mindedly,adv
broadly,adv
broadly_speaking,adv
broadside,adv
broadwise,adv
brotherly,adv
brusquely,adv
brutally,adv
brutishly,adv
bumptiously,adv
buoyantly,adv
bureaucratically,adv
busily,adv
but,adv
but_then,adv
buxomly,adv
by,adv
by_a_long_shot,adv
by_all_means,adv
by_all_odds,adv
by_and_by,adv
by_and_large,adv
by_any_means,adv
by_artificial_means,adv
by_chance,adv
by_choice,adv
by_design,adv
by_experimentation,adv
by_far,adv
by_fits_and_starts,adv
by_hand,adv
by_heart,adv
by_hook_or_by_crook,adv
by_inches,adv
by_luck,adv
by_machine,adv
by_memory,adv
by_nature,adv
by_no_means,adv
by_right_of_office,adv
by_rights,adv
by_small_degrees,adv
by_the_bye,adv
by_the_day,adv
by_the_piece,adv
by_the_way,adv
by_trial_and_error,adv
by_word_of_mouth,adv
c.e.,adv
c.o.d.,adv
cagily,adv
cajolingly,adv
calculatingly,adv
callously,adv
calmly,adv
calumniously,adv
candidly,adv
cannily,adv
canonically,adv
cantankerously,adv
cap-a-pie,adv
capably,adv
capriciously,adv
captiously,adv
captivatingly,adv
carefully,adv
carelessly,adv
carnally,adv
cash_on_delivery,adv
casually,adv
catalytically,adv
catastrophically,adv
categorically,adv
caudal,adv
caudally,adv
causally,adv
caustically,adv
cautiously,adv
cavalierly,adv
ce,adv
ceaselessly,adv
centennially,adv
centrally,adv
cerebrally,adv
ceremonially,adv
ceremoniously,adv
certainly,adv
ceteris_paribus,adv
cf,adv
cf.,adv
chaotically,adv
characteristically,adv
charily,adv
charitably,adv
charmingly,adv
chastely,adv
chattily,adv
cheaply,adv
cheek_by_jowl,adv
cheekily,adv
cheerfully,adv
cheerily,adv
cheerlessly,adv
chemically,adv
chiefly,adv
childishly,adv
chintzily,adv
chirpily,adv
chivalrously,adv
chock,adv
chock-a-block,adv
chop-chop,adv
chorally,adv
chromatically,adv
chromatographically,adv
chronically,adv
chronologically,adv
churlishly,adv
circularly,adv
circumspectly,adv
circumstantially,adv
civilly,adv
clammily,adv
clamorously,adv
clannishly,adv
classically,adv
clean,adv
cleanly,adv
clear,adv
clearly,adv
cleverly,adv
climatically,adv
clinically,adv
cliquishly,adv
clockwise,adv
close,adv
close_to,adv
close_to_the_wind,adv
close_up,adv
closely,adv
closer,adv
closest,adv
cloyingly,adv
clumsily,adv
coarsely,adv
coastward,adv
coastwise,adv
coaxingly,adv
cod,adv
cognitively,adv
coherently,adv
coincidentally,adv
coincidently,adv
cold-bloodedly,adv
coldly,adv
collect,adv
collectedly,adv
collectively,adv
colloidally,adv
colloquially,adv
combatively,adv
come_hell_or_high_water,adv
comfortably,adv
comfortingly,adv
comically,adv
commendable,adv
commensally,adv
commercially,adv
common_era,adv
commonly,adv
communally,adv
compactly,adv
comparably,adv
comparatively,adv
compassionately,adv
compatibly,adv
competently,adv
competitively,adv
complacently,adv
complainingly,adv
completely,adv
complexly,adv
composedly,adv
comprehensively,adv
compulsively,adv
compulsorily,adv
computationally,adv
con,adv
con_brio,adv
concavely,adv
conceitedly,adv
conceivably,adv
conceptually,adv
concernedly,adv
concisely,adv
conclusively,adv
concretely,adv
concurrently,adv
condescendingly,adv
conditionally,adv
confessedly,adv
confidentially,adv
confidently,adv
confidingly,adv
conformably,adv
confoundedly,adv
confusedly,adv
confusingly,adv
congenially,adv
conically,adv
conjecturally,adv
conjointly,adv
conjugally,adv
connubial,adv
conscientiously,adv
consciously,adv
consecutive,adv
consecutively,adv
consequentially,adv
consequently,adv
conservatively,adv
considerably,adv
considerately,adv
consistently,adv
consolingly,adv
conspicuously,adv
constantly,adv
constitutionally,adv
constrainedly,adv
constructively,adv
contagiously,adv
contemporaneously,adv
contemptibly,adv
contemptuously,adv
contentedly,adv
contextually,adv
continually,adv
continuously,adv
contractually,adv
contradictorily,adv
contrarily,adv
contrariwise,adv
contrastingly,adv
contritely,adv
controversially,adv
contumaciously,adv
contumeliously,adv
conveniently,adv
conventionally,adv
conversationally,adv
conversely,adv
convexly,adv
convincingly,adv
convivially,adv
convulsively,adv
coolly,adv
cooperatively,adv
coordinately,adv
copiously,adv
coquettishly,adv
cordially,adv
correctly,adv
correspondingly,adv
corruptedly,adv
corruptly,adv
cortically,adv
cosily,adv
cosmetically,adv
coterminously,adv
counter,adv
counteractively,adv
counterclockwise,adv
counterintuitively,adv
courageously,adv
course,adv
courteously,adv
covertly,adv
covetously,adv
coyly,adv
cozily,adv
craftily,adv
crazily,adv
creakily,adv
creakingly,adv
creatively,adv
credibly,adv
creditably,adv
credulously,adv
criminally,adv
crisply,adv
crisscross,adv
critically,adv
crookedly,adv
cross-country,adv
cross-legged,adv
cross-linguistically,adv
crossly,adv
crosstown,adv
crossways,adv
crosswise,adv
crucially,adv
crudely,adv
cruelly,adv
crushingly,adv
cryptically,adv
cryptographically,adv
culpably,adv
culturally,adv
cum_laude,adv
cumulatively,adv
cunningly,adv
curiously,adv
currently,adv
currishly,adv
cursedly,adv
cursively,adv
cursorily,adv
curtly,adv
curvaceously,adv
cussedly,adv
customarily,adv
cutely,adv
cuttingly,adv
cynically,adv
cytophotometrically,adv
cytoplasmically,adv
daftly,adv
daily,adv
daintily,adv
damn,adv
damnably,adv
damned,adv
damply,adv
dandily,adv
dangerously,adv
daringly,adv
darkly,adv
dashingly,adv
dauntingly,adv
dauntlessly,adv
day_after_day,adv
day_by_day,adv
day_in_and_day_out,adv
day_in_day_out,adv
daylong,adv
dazedly,adv
dazzlingly,adv
de_facto,adv
de_jure,adv
de_novo,adv
dead,adv
dead_ahead,adv
deadly,adv
deadpan,adv
dear,adv
dearly,adv
deathly,adv
deceitfully,adv
deceivingly,adv
decent,adv
decently,adv
deceptively,adv
decidedly,adv
decipherably,adv
decisively,adv
decoratively,adv
decorously,adv
deep,adv
deep_down,adv
deeply,adv
defectively,adv
defenceless,adv
defencelessly,adv
defenseless,adv
defenselessly,adv
defensively,adv
deferentially,adv
defiantly,adv
definitely,adv
deftly,adv
dejectedly,adv
deliberately,adv
delicately,adv
deliciously,adv
delightedly,adv
delightfully,adv
deliriously,adv
delusively,adv
demandingly,adv
demeaningly,adv
dementedly,adv
democratically,adv
demoniacally,adv
demonstrably,adv
demonstratively,adv
demurely,adv
denominationally,adv
densely,adv
departmentally,adv
dependably,adv
deplorably,adv
deprecatively,adv
depressingly,adv
derisively,adv
derisorily,adv
descriptively,adv
deservedly,adv
designedly,adv
desolately,adv
despairingly,adv
desperately,adv
despicably,adv
despitefully,adv
despondently,adv
destructively,adv
determinedly,adv
detestably,adv
detrimentally,adv
deucedly,adv
developmentally,adv
devilish,adv
devilishly,adv
deviously,adv
devotedly,adv
devoutly,adv
dexterously,adv
dextrously,adv
diabolically,adv
diagonally,adv
diagrammatically,adv
dialectically,adv
diametrically,adv
dichotomously,adv
dictatorially,adv
didactically,adv
differentially,adv
differently,adv
diffidently,adv
diffusely,adv
digitally,adv
digitately,adv
diligently,adv
dimly,adv
dingdong,adv
dingily,adv
diplomatically,adv
direct,adv
directly,adv
direfully,adv
dirtily,adv
disadvantageously,adv
disagreeably,adv
disappointedly,adv
disappointingly,adv
disapprovingly,adv
disastrously,adv
disbelievingly,adv
disconcertingly,adv
disconsolately,adv
discontentedly,adv
discordantly,adv
discouragingly,adv
discourteously,adv
discreditably,adv
discreetly,adv
discursively,adv
disdainfully,adv
disgracefully,adv
disgustedly,adv
disgustingly,adv
dishonestly,adv
dishonorably,adv
dishonourably,adv
disingenuously,adv
disinterestedly,adv
disjointedly,adv
disloyally,adv
dismally,adv
disobediently,adv
disparagingly,adv
dispassionately,adv
dispiritedly,adv
displaying_incompetence,adv
displeasingly,adv
disproportionately,adv
disputatiously,adv
disquietingly,adv
disregarding,adv
disregardless,adv
disreputably,adv
disrespectfully,adv
disruptively,adv
dissolutely,adv
distally,adv
distantly,adv
distastefully,adv
distinctively,adv
distinctly,adv
distractedly,adv
distressfully,adv
distressingly,adv
distributively,adv
distrustfully,adv
disturbingly,adv
diversely,adv
divertingly,adv
divinely,adv
dizzily,adv
doctrinally,adv
doggedly,adv
doggo,adv
dogmatically,adv
dolce,adv
dolefully,adv
doltishly,adv
domestically,adv
domineeringly,adv
dorsally,adv
dorsoventrally,adv
dottily,adv
double,adv
double_quick,adv
double_time,adv
doubly,adv
doubtfully,adv
doubtless,adv
doubtlessly,adv
dourly,adv
dowdily,adv
down,adv
down_the_stairs,adv
downfield,adv
downhill,adv
downright,adv
downriver,adv
downstage,adv
downstairs,adv
downstream,adv
downtown,adv
downward,adv
downwardly,adv
downwards,adv
downwind,adv
drably,adv
draggingly,adv
dramatically,adv
drastically,adv
dreadfully,adv
dreamfully,adv
dreamily,adv
drearily,adv
drily,adv
drippily,adv
dripping,adv
droopingly,adv
drop-dead,adv
drowsily,adv
drunkenly,adv
dryly,adv
dubiously,adv
due,adv
dully,adv
duly,adv
dumbly,adv
dutifully,adv
dynamically,adv
e'en,adv
e'er,adv
e.g.,adv
each,adv
each_week,adv
each_year,adv
eagerly,adv
earlier,adv
earliest,adv
early,adv
early_on,adv
earnestly,adv
easily,adv
east,adv
easterly,adv
eastward,adv
eastwards,adv
easy,adv
ebulliently,adv
eccentrically,adv
ecclesiastically,adv
ecologically,adv
economically,adv
ecstatically,adv
edgeways,adv
edgewise,adv
editorially,adv
educationally,adv
eerily,adv
effectively,adv
effectually,adv
efficaciously,adv
efficiently,adv
effortlessly,adv
effusively,adv
egotistically,adv
either,adv
elaborately,adv
electrically,adv
electronically,adv
electrostatically,adv
elegantly,adv
elementarily,adv
eloquently,adv
elsewhere,adv
embarrassingly,adv
eminently,adv
emotionally,adv
empathetically,adv
emphatically,adv
empirically,adv
emulously,adv
en_bloc,adv
en_clair,adv
en_famille,adv
en_masse,adv
en_passant,adv
en_route,adv
enchantingly,adv
encouragingly,adv
end-to-end,adv
end_on,adv
endearingly,adv
endlessly,adv
endogenously,adv
enduringly,adv
endways,adv
endwise,adv
energetically,adv
engagingly,adv
enigmatically,adv
enjoyably,adv
enormously,adv
enough,adv
enquiringly,adv
enterprisingly,adv
entertainingly,adv
enthrallingly,adv
enthusiastically,adv
entirely,adv
entreatingly,adv
enviably,adv
enviously,adv
environmentally,adv
episodically,adv
equably,adv
equally,adv
equitably,adv
equivocally,adv
erectly,adv
ergo,adv
erotically,adv
erratically,adv
erroneously,adv
erst,adv
erstwhile,adv
eruditely,adv
eschatologically,adv
especially,adv
essentially,adv
esthetically,adv
et_al,adv
et_al.,adv
et_alia,adv
et_aliae,adv
et_alibi,adv
et_alii,adv
etc.,adv
etcetera,adv
eternally,adv
ethically,adv
ethnically,adv
euphemistically,adv
evasively,adv
even,adv
even_a_little,adv
even_as,adv
even_so,adv
evenhandedly,adv
evenly,adv
eventually,adv
ever,adv
ever_so,adv
everlastingly,adv
evermore,adv
every_bit,adv
every_inch,adv
every_night,adv
every_now_and_then,adv
every_quarter,adv
every_so_often,adv
every_week,adv
every_which_way,adv
every_year,adv
everyplace,adv
everywhere,adv
evidently,adv
evilly,adv
evolutionarily,adv
ex_cathedra,adv
ex_officio,adv
ex_tempore,adv
ex_vivo,adv
exactly,adv
exaggeratedly,adv
exasperatingly,adv
exceedingly,adv
excellently,adv
exceptionally,adv
excessively,adv
excitedly,adv
excitingly,adv
exclusively,adv
excruciatingly,adv
excusably,adv
exhaustively,adv
exorbitantly,adv
expansively,adv
expectantly,adv
expediently,adv
expeditiously,adv
expensively,adv
experimentally,adv
expertly,adv
explicitly,adv
explosively,adv
exponentially,adv
express,adv
expressively,adv
expressly,adv
exquisitely,adv
extemporaneously,adv
extemporarily,adv
extempore,adv
extensively,adv
externally,adv
extortionately,adv
extra,adv
extraordinarily,adv
extravagantly,adv
extremely,adv
exuberantly,adv
exultantly,adv
exultingly,adv
fabulously,adv
face-to-face,adv
face_to_face,adv
facetiously,adv
facially,adv
factually,adv
faddily,adv
faddishly,adv
fain,adv
faintly,adv
fair,adv
fairly,adv
faithfully,adv
faithlessly,adv
false,adv
falsely,adv
falteringly,adv
familiarly,adv
famously,adv
fanatically,adv
fancifully,adv
fantastically,adv
far,adv
far_and_away,adv
far_and_near,adv
far_and_wide,adv
farcically,adv
farther,adv
farthest,adv
fascinatingly,adv
fashionably,adv
fast,adv
faster,adv
fastest,adv
fastidiously,adv
fatally,adv
fatefully,adv
fatuously,adv
faultily,adv
faultlessly,adv
favorably,adv
favourably,adv
fearfully,adv
fearlessly,adv
fearsomely,adv
feasibly,adv
fecklessly,adv
federally,adv
feebly,adv
feelingly,adv
feetfirst,adv
felicitously,adv
ferociously,adv
fervently,adv
fervidly,adv
feudally,adv
feverishly,adv
fictitiously,adv
fiendishly,adv
fiercely,adv
fierily,adv
fifthly,adv
figuratively,adv
filthily,adv
finally,adv
financially,adv
fine,adv
finely,adv
finitely,adv
firm,adv
firmly,adv
first,adv
first-rate,adv
first_and_last,adv
first_class,adv
first_of_all,adv
first_off,adv
firsthand,adv
firstly,adv
fiscally,adv
fishily,adv
fitfully,adv
fitly,adv
fittingly,adv
fixedly,adv
flabbily,adv
flagrantly,adv
flamboyantly,adv
flashily,adv
flat,adv
flat_out,adv
flatly,adv
flawlessly,adv
fleetly,adv
flexibly,adv
flimsily,adv
flip-flap,adv
flippantly,adv
flirtatiously,adv
flop,adv
floridly,adv
fluently,adv
flush,adv
focally,adv
fondly,adv
foolishly,adv
for_24_hours,adv
for_a_bargain_price,adv
for_a_song,adv
for_a_while,adv
for_all_intents_and_purposes,adv
for_all_practical_purposes,adv
for_all_the_world,adv
for_any_price,adv
for_anything,adv
for_certain,adv
for_dear_life,adv
for_each_one,adv
for_each_person,adv
for_example,adv
for_free,adv
for_good,adv
for_good_measure,adv
for_instance,adv
for_keeps,adv
for_love_or_money,adv
for_one,adv
for_short,adv
for_sure,adv
for_that_matter,adv
for_the_asking,adv
for_the_first_time,adv
for_the_moment,adv
for_the_most_part,adv
for_the_time_being,adv
forbiddingly,adv
forcefully,adv
forcibly,adv
fore,adv
foremost,adv
forever,adv
forever_and_a_day,adv
forevermore,adv
forgetfully,adv
forgivably,adv
forgivingly,adv
forlornly,adv
formally,adv
formerly,adv
formidably,adv
formlessly,adv
forrad,adv
forrader,adv
forrard,adv
forsooth,adv
forte,adv
forth,adv
forthright,adv
forthrightly,adv
forthwith,adv
fortissimo,adv
fortnightly,adv
fortuitously,adv
fortunately,adv
forward,adv
forwards,adv
foully,adv
four_times,adv
fourfold,adv
foursquare,adv
fourth,adv
fourthly,adv
foxily,adv
fractiously,adv
frankly,adv
frantically,adv
fraternally,adv
fraudulently,adv
freakishly,adv
free,adv
free_of_charge,adv
freely,adv
frenetically,adv
frenziedly,adv
frequently,adv
fresh,adv
freshly,adv
fretfully,adv
frighteningly,adv
frightfully,adv
frigidly,adv
friskily,adv
frivolously,adv
from_each_one,adv
from_head_to_toe,adv
from_nowhere,adv
from_pillar_to_post,adv
from_scratch,adv
from_start_to_finish,adv
from_the_heart,adv
from_time_to_time,adv
from_way_back,adv
frontally,adv
frontward,adv
frontwards,adv
frostily,adv
frothily,adv
frowningly,adv
frugally,adv
fruitfully,adv
fruitlessly,adv
frumpily,adv
frumpishly,adv
fucking,adv
fugally,adv
full,adv
full-time,adv
fully,adv
fulsomely,adv
functionally,adv
fundamentally,adv
funnily,adv
furiously,adv
further,adv
furthermore,adv
furthest,adv
furtively,adv
fussily,adv
futilely,adv
gaily,adv
gainfully,adv
gainlessly,adv
gallantly,adv
gamely,adv
garishly,adv
garrulously,adv
gaudily,adv
gayly,adv
genealogically,adv
generally,adv
generically,adv
generously,adv
genetically,adv
genially,adv
genteelly,adv
gently,adv
genuinely,adv
geographically,adv
geologically,adv
geometrically,adv
geothermally,adv
gibingly,adv
giddily,adv
gingerly,adv
girlishly,adv
give_or_take,adv
glacially,adv
gladly,adv
glaringly,adv
gleefully,adv
glibly,adv
glissando,adv
gloatingly,adv
globally,adv
gloomily,adv
gloriously,adv
glossily,adv
gloweringly,adv
glowingly,adv
glumly,adv
gluttonously,adv
god_knows_how,adv
goddam,adv
goddamn,adv
goddamned,adv
good,adv
good-naturedly,adv
good_and,adv
gorgeously,adv
governmentally,adv
gracefully,adv
gracelessly,adv
graciously,adv
gradually,adv
grammatically,adv
grandiloquently,adv
grandiosely,adv
grandly,adv
graphically,adv
gratefully,adv
gratifyingly,adv
gratingly,adv
gratis,adv
gratuitously,adv
gravely,adv
gravitationally,adv
grayly,adv
greasily,adv
greatly,adv
greedily,adv
greenly,adv
gregariously,adv
greyly,adv
grievously,adv
grimly,adv
gropingly,adv
grossly,adv
grotesquely,adv
grouchily,adv
grubbily,adv
grudgingly,adv
gruesomely,adv
gruffly,adv
grumpily,adv
grungily,adv
guardedly,adv
guiltily,adv
gushingly,adv
gutturally,adv
habitually,adv
haggardly,adv
half,adv
half-and-half,adv
half-heartedly,adv
half-hourly,adv
half-price,adv
half-time,adv
half-yearly,adv
halfway,adv
haltingly,adv
hand_and_foot,adv
hand_and_glove,adv
hand_in_glove,adv
hand_in_hand,adv
hand_over_fist,adv
hand_to_hand,adv
hand_to_mouth,adv
handily,adv
hands_down,adv
handsomely,adv
haphazard,adv
haphazardly,adv
haply,adv
happily,adv
haptically,adv
hard,adv
hardly,adv
harmfully,adv
harmlessly,adv
harmonically,adv
harmoniously,adv
harshly,adv
harum-scarum,adv
hastily,adv
hatefully,adv
haughtily,adv
hazardously,adv
hazily,adv
head-on,adv
head-to-head,adv
head_and_shoulders_above,adv
head_over_heels,adv
headfirst,adv
headlong,adv
healthily,adv
heaps,adv
heart_and_soul,adv
heartily,adv
heartlessly,adv
heatedly,adv
heavenward,adv
heavenwardly,adv
heavenwards,adv
heavily,adv
heavy,adv
hebdomadally,adv
hectically,adv
heedfully,adv
heedlessly,adv
heels_over_head,adv
heinously,adv
hell-for-leather,adv
hellishly,adv
helpfully,adv
helplessly,adv
helter-skelter,adv
hence,adv
henceforth,adv
henceforward,adv
here,adv
here_and_there,adv
hereabout,adv
hereabouts,adv
hereafter,adv
hereby,adv
herein,adv
hereinafter,adv
hereinbefore,adv
hereof,adv
hereto,adv
heretofore,adv
hereunder,adv
hereupon,adv
herewith,adv
hermetically,adv
heroically,adv
hesitantly,adv
hesitatingly,adv
hideously,adv
hierarchically,adv
hieroglyphically,adv
higgledy-piggledy,adv
high,adv
high-handedly,adv
high-mindedly,adv
high_and_low,adv
high_up,adv
higher_up,adv
highly,adv
hilariously,adv
hinderingly,adv
histologically,adv
historically,adv
hither,adv
hither_and_thither,adv
hitherto,adv
hoarsely,adv
home,adv
homeostatically,adv
homeward,adv
homewards,adv
homogeneously,adv
honestly,adv
honorably,adv
honourably,adv
hook_line_and_sinker,adv
hopefully,adv
hopelessly,adv
horizontally,adv
horribly,adv
horridly,adv
horrifyingly,adv
horseback,adv
horticulturally,adv
hospitably,adv
hostilely,adv
hotfoot,adv
hotly,adv
hourly,adv
however,adv
huffily,adv
hugely,adv
hugger-mugger,adv
humanely,adv
humanly,adv
humbly,adv
humiliatingly,adv
humorlessly,adv
humorously,adv
humourlessly,adv
hundredfold,adv
hungrily,adv
hurriedly,adv
huskily,adv
hydraulically,adv
hydraulicly,adv
hygienically,adv
hyperbolically,adv
hypnotically,adv
hypocritically,adv
hypothalamically,adv
hypothetically,adv
hysterically,adv
i.e.,adv
ib.,adv
ibid.,adv
ibidem,adv
icily,adv
id_est,adv
ideally,adv
identically,adv
identifiably,adv
ideographically,adv
ideologically,adv
idiomatically,adv
idiotically,adv
idly,adv
idolatrously,adv
idyllically,adv
ie,adv
if_not,adv
ignobly,adv
ignominiously,adv
ignorantly,adv
ill,adv
illegally,adv
illegibly,adv
illegitimately,adv
illiberally,adv
illicitly,adv
illogically,adv
illustriously,adv
imaginatively,adv
immaculately,adv
immaturely,adv
immeasurably,adv
immediately,adv
immensely,adv
imminently,adv
immoderately,adv
immodestly,adv
immorally,adv
immovably,adv
immunologically,adv
immutably,adv
impalpably,adv
impartially,adv
impassively,adv
impatiently,adv
impeccably,adv
impenitently,adv
imperatively,adv
imperceptibly,adv
imperfectly,adv
imperially,adv
imperiously,adv
impermissibly,adv
impersonally,adv
impertinently,adv
impetuously,adv
impiously,adv
impishly,adv
implausibly,adv
implicitly,adv
imploringly,adv
impolitely,adv
importantly,adv
importunately,adv
imposingly,adv
impossibly,adv
impotently,adv
impracticably,adv
imprecisely,adv
impregnably,adv
impressively,adv
improbably,adv
impromptu,adv
improperly,adv
improvidently,adv
imprudently,adv
impudently,adv
impulsively,adv
in,adv
in_a_beastly_manner,adv
in_a_broad_way,adv
in_a_flash,adv
in_a_heartfelt_way,adv
in_a_higher_place,adv
in_a_low_voice,adv
in_a_nutshell,adv
in_a_pig's_eye,adv
in_a_similar_way,adv
in_a_way,adv
in_absentia,adv
in_advance,adv
in_all,adv
in_all_likelihood,adv
in_all_probability,adv
in_an_elaborate_way,adv
in_and_of_itself,adv
in_any_case,adv
in_any_event,adv
in_apposition,adv
in_arrears,adv
in_both_ears,adv
in_brief,adv
in_camera,adv
in_case,adv
in_chorus,adv
in_circles,adv
in_cold_blood,adv
in_common,adv
in_concert,adv
in_conclusion,adv
in_darkness,adv
in_detail,adv
in_due_course,adv
in_due_season,adv
in_due_time,adv
in_earnest,adv
in_effect,adv
in_essence,adv
in_everyone's_thoughts,adv
in_extremis,adv
in_fact,adv
in_fiscal_matters,adv
in_flight,adv
in_front,adv
in_full,adv
in_full_action,adv
in_full_swing,adv
in_general,adv
in_good_order,adv
in_good_spirits,adv
in_good_time,adv
in_great_confusion,adv
in_hand,adv
in_haste,adv
in_her_own_right,adv
in_hiding,adv
in_his_own_right,adv
in_its_own_right,adv
in_kind,adv
in_large_quantities,adv
in_line,adv
in_loco_parentis,adv
in_low_spirits,adv
in_name,adv
in_name_only,adv
in_no_time,adv
in_on,adv
in_one's_own_right,adv
in_one_case,adv
in_one_ear,adv
in_other_words,adv
in_particular,adv
in_passing,adv
in_perpetuity,adv
in_person,adv
in_place,adv
in_point_of_fact,adv
in_practice,adv
in_principle,adv
in_private,adv
in_public,adv
in_reality,adv
in_return,adv
in_secret,adv
in_short,adv
in_short_order,adv
in_situ,adv
in_so_far,adv
in_some_manner,adv
in_some_way,adv
in_someone's_way,adv
in_spades,adv
in_spite_of_appearance,adv
in_stages,adv
in_stride,adv
in_tandem,adv
in_that,adv
in_that_location,adv
in_that_respect,adv
in_the_adjacent_apartment,adv
in_the_adjacent_house,adv
in_the_air,adv
in_the_bargain,adv
in_the_beginning,adv
in_the_end,adv
in_the_first_place,adv
in_the_lead,adv
in_the_least,adv
in_the_long_run,adv
in_the_lurch,adv
in_the_main,adv
in_the_meantime,adv
in_the_midst,adv
in_the_nick_of_time,adv
in_the_same_breath,adv
in_the_south,adv
in_the_way,adv
in_theory,adv
in_this,adv
in_time,adv
in_toto,adv
in_truth,adv
in_turn,adv
in_two_ways,adv
in_unison,adv
in_utero,adv
in_vacuo,adv
in_vain,adv
in_vitro,adv
in_vivo,adv
in_writing,adv
inaccessibly,adv
inaccurately,adv
inadequately,adv
inadvertently,adv
inadvisably,adv
inalienably,adv
inanely,adv
inappropriately,adv
inarticulately,adv
inattentively,adv
inaudibly,adv
inaugurally,adv
inauspiciously,adv
incautiously,adv
incessantly,adv
incestuously,adv
incidentally,adv
incisively,adv
incognito,adv
incoherently,adv
incomparably,adv
incompatibly,adv
incompetently,adv
incompletely,adv
inconceivably,adv
inconclusively,adv
incongruously,adv
inconsequentially,adv
inconsequently,adv
inconsiderately,adv
inconsistently,adv
inconspicuously,adv
incontrovertibly,adv
inconveniently,adv
incorrectly,adv
increasingly,adv
incredibly,adv
incredulously,adv
incriminatingly,adv
incurably,adv
indecently,adv
indecisively,adv
indecorously,adv
indeed,adv
indefatigably,adv
indefinitely,adv
indelibly,adv
independently,adv
indescribably,adv
indeterminably,adv
indifferently,adv
indigenously,adv
indignantly,adv
indirectly,adv
indiscreetly,adv
indiscriminately,adv
indistinctly,adv
individualistically,adv
individually,adv
indolently,adv
indoors,adv
indubitably,adv
indulgently,adv
industrially,adv
industriously,adv
ineffably,adv
ineffectively,adv
ineffectually,adv
inefficaciously,adv
inefficiently,adv
inelegantly,adv
ineloquently,adv
ineluctably,adv
ineptly,adv
inequitably,adv
inescapably,adv
inevitably,adv
inexactly,adv
inexcusably,adv
inexhaustibly,adv
inexorably,adv
inexpediently,adv
inexpensively,adv
inexpertly,adv
inexpressively,adv
inextricably,adv
infectiously,adv
infelicitously,adv
infernally,adv
infinitely,adv
inflexibly,adv
influentially,adv
informally,adv
informatively,adv
infra,adv
infrequently,adv
ingeniously,adv
ingenuously,adv
ingloriously,adv
ingratiatingly,adv
inherently,adv
inhospitably,adv
inhumanely,adv
inimitably,adv
iniquitously,adv
initially,adv
injudiciously,adv
injuriously,adv
inland,adv
innately,adv
innocently,adv
inoffensively,adv
inopportunely,adv
inordinately,adv
inorganically,adv
inquiringly,adv
inquisitively,adv
insanely,adv
insatiably,adv
inscriptively,adv
inscrutably,adv
insecticidally,adv
insecurely,adv
insensately,adv
insensibly,adv
insensitively,adv
inseparably,adv
inshore,adv
inside,adv
inside_out,adv
insidiously,adv
insignificantly,adv
insincerely,adv
insinuatingly,adv
insipidly,adv
insistently,adv
insofar,adv
insolently,adv
insomuch,adv
inspirationally,adv
instantaneously,adv
instantly,adv
instead,adv
instinctively,adv
institutionally,adv
instructively,adv
insubstantially,adv
insufficiently,adv
insultingly,adv
insuperably,adv
integrally,adv
intellectually,adv
intelligently,adv
intelligibly,adv
intemperately,adv
intensely,adv
intensively,adv
intentionally,adv
intently,adv
inter_alia,adv
interchangeably,adv
interdepartmental,adv
interestingly,adv
intermediately,adv
interminably,adv
intermittently,adv
internally,adv
internationally,adv
interracially,adv
interrogatively,adv
intimately,adv
into_the_bargain,adv
into_the_wind,adv
intolerably,adv
intolerantly,adv
intractably,adv
intradermally,adv
intramuscularly,adv
intransitively,adv
intravenously,adv
intrepidly,adv
intricately,adv
intrinsically,adv
intuitively,adv
invariably,adv
inventively,adv
inversely,adv
inveterate,adv
invidiously,adv
invincibly,adv
invisibly,adv
invitingly,adv
involuntarily,adv
inward,adv
inwardly,adv
inwards,adv
ipso_facto,adv
irately,adv
ironically,adv
irrationally,adv
irregardless,adv
irregularly,adv
irrelevantly,adv
irreparably,adv
irreproachably,adv
irresistibly,adv
irresolutely,adv
irrespective,adv
irresponsibly,adv
irretrievably,adv
irreverently,adv
irreversibly,adv
irrevocably,adv
irritably,adv
irritatingly,adv
isotropically,adv
item,adv
jaggedly,adv
jarringly,adv
jauntily,adv
jealously,adv
jeeringly,adv
jejunely,adv
jerkily,adv
jestingly,adv
jocosely,adv
jocular,adv
jointly,adv
jokingly,adv
jolly,adv
journalistically,adv
jovially,adv
joyfully,adv
joylessly,adv
joyously,adv
jubilantly,adv
judicially,adv
judiciously,adv
jurisprudentially,adv
just,adv
just_about,adv
just_as,adv
just_in_case,adv
just_in_time,adv
just_now,adv
just_right,adv
just_so,adv
just_then,adv
justifiably,adv
justifiedly,adv
justly,adv
keenly,adv
killingly,adv
kinaesthetically,adv
kind_of,adv
kinda,adv
kindly,adv
kinesthetically,adv
knavishly,adv
knee-deep,adv
knee-high,adv
knowingly,adv
laboriously,adv
lackadaisically,adv
laconically,adv
lamely,adv
lamentably,adv
landward,adv
landwards,adv
lang_syne,adv
langsyne,adv
languidly,adv
languorously,adv
large,adv
largely,adv
largo,adv
lasciviously,adv
last,adv
last_but_not_least,adv
last_not_least,adv
lastingly,adv
lastly,adv
late,adv
lately,adv
later,adv
later_on,adv
laterally,adv
latterly,adv
laudably,adv
laughably,adv
laughingly,adv
lavishly,adv
lawfully,adv
lawlessly,adv
laxly,adv
lazily,adv
learnedly,adv
least,adv
least_of_all,adv
leastways,adv
leastwise,adv
leeward,adv
left,adv
legally,adv
legato,adv
legibly,adv
legislatively,adv
legitimately,adv
leisurely,adv
lengthily,adv
lengthways,adv
lengthwise,adv
leniently,adv
lento,adv
less,adv
let_alone,adv
lethargically,adv
lewdly,adv
lexically,adv
liberally,adv
licentiously,adv
licitly,adv
lickety_cut,adv
lickety_split,adv
lief,adv
lifelessly,adv
light,adv
light-handedly,adv
light-headedly,adv
light-heartedly,adv
lightly,adv
lightsomely,adv
like_a_shot,adv
like_an_expert,adv
like_blue_murder,adv
like_clockwork,adv
like_crazy,adv
like_hell,adv
like_kings,adv
like_mad,adv
like_royalty,adv
like_sin,adv
like_the_devil,adv
like_thunder,adv
likely,adv
likewise,adv
limitedly,adv
limnologically,adv
limpidly,adv
limply,adv
lineally,adv
linearly,adv
lingeringly,adv
lingually,adv
linguistically,adv
lispingly,adv
listlessly,adv
literally,adv
literatim,adv
little,adv
little_by_little,adv
live,adv
lividly,adv
locally,adv
loftily,adv
logarithmically,adv
logically,adv
logogrammatically,adv
long,adv
long-windedly,adv
long_ago,adv
long_since,adv
longer,adv
longest,adv
longingly,adv
longitudinally,adv
longways,adv
longwise,adv
loose,adv
loosely,adv
lopsidedly,adv
loquaciously,adv
lots,adv
loud,adv
loudly,adv
lovingly,adv
low,adv
loweringly,adv
lowest,adv
loyally,adv
lucidly,adv
luckily,adv
ludicrously,adv
lugubriously,adv
lukewarmly,adv
luridly,adv
lusciously,adv
lustfully,adv
lustily,adv
luxuriantly,adv
luxuriously,adv
lyrically,adv
macroscopically,adv
madly,adv
magically,adv
magisterially,adv
magna_cum_laude,adv
magnanimously,adv
magnetically,adv
magnificently,adv
magniloquently,adv
mainly,adv
majestically,adv
maladroitly,adv
malapropos,adv
malevolently,adv
maliciously,adv
malignantly,adv
malignly,adv
man-to-man,adv
manageably,adv
managerially,adv
mandatorily,adv
manfully,adv
mangily,adv
maniacally,adv
manifestly,adv
manipulatively,adv
manly,adv
manually,adv
marginally,adv
markedly,adv
martially,adv
marvellously,adv
marvelously,adv
masochistically,adv
massively,adv
masterfully,adv
materialistically,adv
materially,adv
maternally,adv
mathematically,adv
matrilineally,adv
maturely,adv
mawkishly,adv
maximally,adv
maybe,adv
mayhap,adv
meagerly,adv
meagrely,adv
meanderingly,adv
meaningfully,adv
meanly,adv
meanspiritedly,adv
meantime,adv
meanwhile,adv
measurably,adv
measuredly,adv
mechanically,adv
mechanistically,adv
medially,adv
medically,adv
medicinally,adv
meditatively,adv
meekly,adv
mellow,adv
mellowingly,adv
mellowly,adv
melodically,adv
melodiously,adv
melodramatically,adv
memorably,adv
menacingly,adv
mendaciously,adv
menially,adv
mentally,adv
mercifully,adv
mercilessly,adv
merely,adv
meretriciously,adv
meritoriously,adv
merrily,adv
messily,adv
metabolically,adv
metaphorically,adv
metaphysically,adv
meteorologically,adv
methodically,adv
methodologically,adv
meticulously,adv
metonymically,adv
metrically,adv
microscopically,adv
middling,adv
midmost,adv
midships,adv
midway,adv
midweek,adv
mightily,adv
mighty,adv
mildly,adv
militarily,adv
millionfold,adv
mincingly,adv
mindfully,adv
mindlessly,adv
minimally,adv
ministerially,adv
minutely,adv
miraculously,adv
mirthfully,adv
mischievously,adv
miserably,adv
misleadingly,adv
mistakenly,adv
mistily,adv
mistrustfully,adv
mockingly,adv
moderately,adv
modestly,adv
modishly,adv
moistly,adv
molto,adv
momentarily,adv
momently,adv
momentously,adv
monaurally,adv
monolingually,adv
monosyllabically,adv
monotonously,adv
monstrously,adv
month_by_month,adv
monthly,adv
moodily,adv
moonily,adv
morally,adv
morbidly,adv
mordaciously,adv
more,adv
more_and_more,adv
more_often_than_not,adv
more_or_less,adv
moreover,adv
morosely,adv
morphologically,adv
mortally,adv
most,adv
most_especially,adv
most_importantly,adv
mostly,adv
motherly,adv
motionlessly,adv
mournfully,adv
movingly,adv
much,adv
much_as,adv
mulishly,adv
multifariously,adv
multilaterally,adv
multiplicatively,adv
multiply,adv
mundanely,adv
municipally,adv
munificently,adv
murderously,adv
murkily,adv
musically,adv
musicologically,adv
musingly,adv
mutatis_mutandis,adv
mutely,adv
mutually,adv
mysteriously,adv
mystically,adv
naively,adv
nakedly,adv
namely,adv
narrow-mindedly,adv
narrowly,adv
nasally,adv
nastily,adv
nationally,adv
nationwide,adv
nattily,adv
naturally,adv
naughtily,adv
nay,adv
ne'er,adv
near,adv
nearby,adv
nearer,adv
nearest,adv
nearly,adv
neatly,adv
nebulously,adv
necessarily,adv
neck_and_neck,adv
needfully,adv
needlessly,adv
needs,adv
nefariously,adv
negatively,adv
neglectfully,adv
negligently,adv
nem_con,adv
nemine_contradicente,adv
nervelessly,adv
nervily,adv
nervously,adv
neurobiological,adv
neurotically,adv
never,adv
never_again,adv
nevermore,adv
nevertheless,adv
new,adv
newly,adv
next,adv
next_door,adv
nicely,adv
nigh,adv
nigher,adv
nighest,adv
nightly,adv
nimbly,adv
nine_times,adv
ninefold,adv
nip_and_tuck,adv
no,adv
no_doubt,adv
no_end,adv
no_longer,adv
no_matter,adv
no_matter_what_happens,adv
no_more,adv
nobly,adv
nocturnally,adv
nohow,adv
noiselessly,adv
noisily,adv
nominally,adv
non,adv
non-verbally,adv
nonchalantly,adv
noncompetitively,adv
noncomprehensively,adv
none,adv
nonetheless,adv
nonlexically,adv
nonspecifically,adv
nonstop,adv
nonverbally,adv
nonviolently,adv
nor'-east,adv
nor'-nor'-east,adv
nor'-nor'-west,adv
nor'-west,adv
normally,adv
north,adv
north-east,adv
north-northeast,adv
north-northwest,adv
north-west,adv
northeast,adv
northeastward,adv
northeastwardly,adv
northerly,adv
northward,adv
northwards,adv
northwest,adv
northwestward,adv
northwestwardly,adv
nostalgically,adv
not,adv
not_by_a_blame_sight,adv
not_by_a_long_sight,adv
not_to_mention,adv
notably,adv
nothing,adv
noticeably,adv
notoriously,adv
notwithstanding,adv
now,adv
now_and_again,adv
now_and_then,adv
now_now,adv
nowadays,adv
nowhere,adv
nowise,adv
noxiously,adv
numbly,adv
numerically,adv
nutritionally,adv
nuttily,adv
o'clock,adv
o'er,adv
o.k.,adv
obdurately,adv
obediently,adv
objectionably,adv
objectively,adv
obligatorily,adv
obligingly,adv
obliquely,adv
obnoxiously,adv
obscenely,adv
obscurely,adv
obsequiously,adv
observably,adv
observantly,adv
observingly,adv
obsessionally,adv
obsessively,adv
obstinately,adv
obstreperously,adv
obstructively,adv
obtrusively,adv
obtusely,adv
obviously,adv
occasionally,adv
oddly,adv
odiously,adv
of_a_sudden,adv
of_all_time,adv
of_course,adv
of_each_person,adv
of_late,adv
of_necessity,adv
off,adv
off-hand,adv
off-the-clock,adv
off_and_on,adv
off_the_cuff,adv
off_the_record,adv
offensively,adv
offhand,adv
offhanded,adv
offhandedly,adv
officially,adv
officiously,adv
offshore,adv
offside,adv
offstage,adv
oft,adv
often,adv
oftener,adv
oftentimes,adv
ofttimes,adv
ok,adv
okay,adv
ominously,adv
on,adv
on_a_higher_floor,adv
on_a_lower_floor,adv
on_a_regular_basis,adv
on_air,adv
on_all_fours,adv
on_an_individual_basis,adv
on_an_irregular_basis,adv
on_and_off,adv
on_approval,adv
on_average,adv
on_base,adv
on_board,adv
on_camera,adv
on_earth,adv
on_faith,adv
on_it,adv
on_occasion,adv
on_one_hand,adv
on_paper,adv
on_purpose,adv
on_request,adv
on_that,adv
on_that_point,adv
on_the_average,adv
on_the_button,adv
on_the_coattails,adv
on_the_contrary,adv
on_the_dot,adv
on_the_face_of_it,adv
on_the_fly,adv
on_the_nose,adv
on_the_one_hand,adv
on_the_other_hand,adv
on_the_q.t.,adv
on_the_qt,adv
on_the_side,adv
on_the_sly,adv
on_the_spot,adv
on_the_spur_of_the_moment,adv
on_the_way,adv
on_the_whole,adv
on_the_wing,adv
on_time,adv
once,adv
once_again,adv
once_and_for_all,adv
once_in_a_while,adv
once_more,adv
one-on-one,adv
one-sidedly,adv
one_after_another,adv
one_at_a_time,adv
one_by_one,adv
one_one's_coattails,adv
one_time,adv
onerously,adv
only,adv
only_if,adv
only_too,adv
only_when,adv
onshore,adv
onstage,adv
onward,adv
onwards,adv
opaquely,adv
openly,adv
operationally,adv
operatively,adv
opportunely,adv
opposite,adv
oppositely,adv
oppressively,adv
optically,adv
optimally,adv
optimistically,adv
optionally,adv
opulently,adv
or_else,adv
or_so,adv
orad,adv
orally,adv
ordinarily,adv
organically,adv
organizationally,adv
originally,adv
ornamentally,adv
ornately,adv
osmotically,adv
ostensibly,adv
ostentatiously,adv
other_than,adv
otherwise,adv
out,adv
out_and_away,adv
out_front,adv
out_loud,adv
out_of,adv
out_of_doors,adv
out_of_hand,adv
out_of_nothing,adv
out_of_place,adv
out_of_sight,adv
out_of_the_blue,adv
out_of_the_way,adv
out_of_thin_air,adv
out_of_view,adv
out_of_wedlock,adv
outdoors,adv
outlandishly,adv
outrageously,adv
outright,adv
outside,adv
outside_marriage,adv
outspokenly,adv
outstandingly,adv
outward,adv
outwardly,adv
outwards,adv
over,adv
over_again,adv
over_and_over,adv
over_and_over_again,adv
over_here,adv
overbearingly,adv
overboard,adv
overhead,adv
overleaf,adv
overly,adv
overmuch,adv
overnight,adv
overpoweringly,adv
oversea,adv
overseas,adv
overside,adv
overtime,adv
overtly,adv
overwhelmingly,adv
owlishly,adv
p.a.,adv
p.m.,adv
pacifically,adv
pacifistically,adv
painfully,adv
painlessly,adv
painstakingly,adv
palatably,adv
palely,adv
pallidly,adv
palmately,adv
palpably,adv
par_excellence,adv
paradoxically,adv
parasitically,adv
pardonably,adv
parentally,adv
parenterally,adv
parenthetically,adv
pari_passu,adv
parochially,adv
part,adv
part-time,adv
partially,adv
particularly,adv
partly,adv
passably,adv
passim,adv
passing,adv
passionately,adv
passively,adv
past,adv
pat,adv
patchily,adv
patently,adv
paternally,adv
pathetically,adv
pathogenically,adv
pathologically,adv
patiently,adv
patrilineally,adv
patriotically,adv
patronisingly,adv
patronizingly,adv
peaceably,adv
peacefully,adv
peculiarly,adv
pedagogically,adv
pedantically,adv
peevishly,adv
pejoratively,adv
pell-mell,adv
pellucidly,adv
penally,adv
penetratingly,adv
penetratively,adv
penitentially,adv
penitently,adv
pensively,adv
penuriously,adv
per_annum,adv
per_capita,adv
per_diem,adv
per_se,adv
per_year,adv
peradventure,adv
perceptibly,adv
perceptively,adv
perceptually,adv
perchance,adv
peremptorily,adv
perennially,adv
perfectly,adv
perfidiously,adv
perforce,adv
perfunctorily,adv
perhaps,adv
perilously,adv
periodically,adv
peripherally,adv
perkily,adv
permanently,adv
permissibly,adv
permissively,adv
perniciously,adv
perpendicularly,adv
perpetually,adv
perplexedly,adv
perseveringly,adv
persistently,adv
person-to-person,adv
personally,adv
perspicuously,adv
persuasively,adv
pertinaciously,adv
pertinently,adv
pertly,adv
pervasively,adv
perversely,adv
pessimistically,adv
pettily,adv
pettishly,adv
petulantly,adv
pharmacologically,adv
phenomenally,adv
philanthropically,adv
philatelically,adv
philosophically,adv
phlegmatically,adv
phonemic,adv
phonetically,adv
photoelectrically,adv
photographically,adv
photometrically,adv
phylogenetically,adv
physically,adv
physiologically,adv
pianissimo,adv
piano,adv
pickaback,adv
pictorially,adv
picturesquely,adv
piecemeal,adv
piercingly,adv
pig-a-back,adv
pig-headedly,adv
piggishly,adv
piggyback,adv
pinnately,adv
piously,adv
piping,adv
piquantly,adv
piratically,adv
pit-a-pat,adv
piteously,adv
pithily,adv
pitiably,adv
pitifully,adv
pitilessly,adv
pitter-patter,adv
pitty-pat,adv
pitty-patty,adv
pityingly,adv
pizzicato,adv
placatingly,adv
placidly,adv
plaguey,adv
plaguily,adv
plaguy,adv
plain,adv
plainly,adv
plaintively,adv
plastically,adv
plausibly,adv
playfully,adv
pleadingly,adv
pleasantly,adv
please,adv
pleasingly,adv
pleasurably,adv
plenarily,adv
plenteously,adv
plentifully,adv
plenty,adv
ploddingly,adv
plop,adv
pluckily,adv
plum,adv
plumb,adv
plump,adv
plunk,adv
pneumatically,adv
poetically,adv
poignantly,adv
point-blank,adv
pointedly,adv
pointlessly,adv
poisonously,adv
polemically,adv
politely,adv
politically,adv
polygonally,adv
polyphonically,adv
polysyllabically,adv
pompously,adv
ponderously,adv
poorly,adv
pop,adv
popishly,adv
popularly,adv
pornographically,adv
portentously,adv
positively,adv
possessively,adv
possibly,adv
post-free,adv
post-haste,adv
post-paid,adv
post_meridiem,adv
posthumously,adv
postoperatively,adv
potentially,adv
potently,adv
poutingly,adv
powerful,adv
powerfully,adv
powerlessly,adv
practicably,adv
practically,adv
pragmatically,adv
praiseworthily,adv
pre-eminently,adv
precariously,adv
precedentedly,adv
precious,adv
preciously,adv
precipitately,adv
precipitously,adv
precisely,adv
precociously,adv
predicatively,adv
predictably,adv
predominantly,adv
preeminently,adv
preferably,adv
preferentially,adv
prematurely,adv
preponderantly,adv
prepositionally,adv
preposterously,adv
presciently,adv
presentably,adv
presently,adv
presidentially,adv
pressingly,adv
prestissimo,adv
presto,adv
presumably,adv
presumptively,adv
presumptuously,adv
pretentiously,adv
preternaturally,adv
prettily,adv
pretty,adv
pretty_much,adv
previously,adv
priggishly,adv
prima_facie,adv
primarily,adv
primitively,adv
primly,adv
principally,adv
prissily,adv
privately,adv
privily,adv
prn,adv
pro,adv
pro_forma,adv
pro_rata,adv
pro_re_nata,adv
pro_tem,adv
pro_tempore,adv
probabilistically,adv
probably,adv
problematically,adv
prodigally,adv
prodigiously,adv
productively,adv
profanely,adv
professedly,adv
professionally,adv
professorially,adv
proficiently,adv
profitably,adv
profitlessly,adv
profligately,adv
profoundly,adv
profusely,adv
progressively,adv
prohibitively,adv
prominently,adv
promiscuously,adv
promisingly,adv
promptly,adv
pronto,adv
properly,adv
properly_speaking,adv
prophetically,adv
propitiously,adv
proportionally,adv
proportionately,adv
prosaically,adv
prosily,adv
prosperously,adv
protectively,adv
protractedly,adv
proudly,adv
provably,adv
proverbially,adv
providentially,adv
providently,adv
provincially,adv
provisionally,adv
provocatively,adv
provokingly,adv
prudently,adv
prudishly,adv
pruriently,adv
pryingly,adv
psychically,adv
psychologically,adv
publically,adv
publicly,adv
puckishly,adv
pugnaciously,adv
punctiliously,adv
punctually,adv
pungently,adv
punily,adv
punishingly,adv
punitively,adv
punitorily,adv
purely,adv
puritanically,adv
purportedly,adv
purposefully,adv
purposelessly,adv
purposely,adv
pusillanimously,adv
put_differently,adv
pyramidically,adv
quaintly,adv
qualitatively,adv
quantitatively,adv
quarterly,adv
quaveringly,adv
queasily,adv
queerly,adv
querulously,adv
questionably,adv
questioningly,adv
quick,adv
quicker,adv
quickest,adv
quickly,adv
quiet,adv
quietly,adv
quite,adv
quite_a,adv
quite_an,adv
quixotically,adv
quizzically,adv
racially,adv
racily,adv
radially,adv
radiantly,adv
radically,adv
radioactively,adv
raffishly,adv
raggedly,adv
rakishly,adv
rallentando,adv
ramblingly,adv
rampantly,adv
randomly,adv
rapaciously,adv
rapidly,adv
rapturously,adv
rarely,adv
rashly,adv
raspingly,adv
rather,adv
rationally,adv
rattling,adv
raucously,adv
ravenously,adv
raving,adv
ravingly,adv
ravishingly,adv
readably,adv
readily,adv
real,adv
realistically,adv
really,adv
rearward,adv
rearwards,adv
reasonably,adv
reassuringly,adv
rebelliously,adv
rebukingly,adv
recently,adv
receptively,adv
reciprocally,adv
recklessly,adv
recognizably,adv
recurrently,adv
red-handed,adv
redly,adv
reflectively,adv
reflexly,adv
refreshfully,adv
refreshingly,adv
regally,adv
regardless,adv
regimentally,adv
regionally,adv
regretfully,adv
regrettably,adv
regularly,adv
relatively,adv
relativistically,adv
relentlessly,adv
relevantly,adv
reliably,adv
religiously,adv
reluctantly,adv
remarkably,adv
reminiscently,adv
remorsefully,adv
remorselessly,adv
remotely,adv
rent-free,adv
repeatedly,adv
repellently,adv
repellingly,adv
repentantly,adv
repetitively,adv
reportedly,adv
reprehensibly,adv
reprehensively,adv
reproachfully,adv
reproducibly,adv
reprovingly,adv
repulsively,adv
reputably,adv
reputedly,adv
resentfully,adv
reservedly,adv
residentially,adv
resignedly,adv
resolutely,adv
resoundingly,adv
resourcefully,adv
respectably,adv
respectfully,adv
respectively,adv
resplendently,adv
responsibly,adv
restfully,adv
restively,adv
restlessly,adv
restrictively,adv
retail,adv
retentively,adv
reticently,adv
retroactively,adv
retrospectively,adv
revengefully,adv
reverentially,adv
reverently,adv
reversely,adv
reversibly,adv
revoltingly,adv
rewardingly,adv
rhapsodically,adv
rhetorically,adv
rhythmically,adv
richly,adv
ridiculously,adv
right,adv
right-down,adv
right_along,adv
right_away,adv
right_on,adv
right_smart,adv
righteously,adv
rightfully,adv
rightly,adv
rigidly,adv
rigorously,adv
riotously,adv
ripely,adv
riskily,adv
ritually,adv
roaring,adv
robustly,adv
roguishly,adv
rollickingly,adv
romantically,adv
roomily,adv
rotationally,adv
rottenly,adv
rotundly,adv
rough,adv
roughly,adv
round,adv
round-arm,adv
round_the_clock,adv
roundly,adv
routinely,adv
rowdily,adv
royally,adv
rudely,adv
ruefully,adv
ruggedly,adv
ruinously,adv
rurally,adv
ruthlessly,adv
sacredly,adv
sacrilegiously,adv
sadly,adv
safely,adv
sagaciously,adv
sagely,adv
salaciously,adv
sanctimoniously,adv
sanely,adv
sapiently,adv
sarcastically,adv
sardonically,adv
satirically,adv
satisfactorily,adv
satisfyingly,adv
saucily,adv
savagely,adv
scandalously,adv
scantily,adv
scarce,adv
scarcely,adv
scarily,adv
scathingly,adv
scenically,adv
sceptically,adv
schematically,adv
schismatically,adv
scholastically,adv
scienter,adv
scientifically,adv
scoffingly,adv
scorching,adv
scornfully,adv
scot_free,adv
scrappily,adv
screakily,adv
screamingly,adv
scrumptiously,adv
scrupulously,adv
scurrilously,adv
scurvily,adv
searchingly,adv
seasonably,adv
seasonally,adv
seaward,adv
seawards,adv
second,adv
second-best,adv
second_class,adv
second_hand,adv
secondarily,adv
secondhand,adv
secondly,adv
secretively,adv
secretly,adv
securely,adv
sedately,adv
seductively,adv
sedulously,adv
seemingly,adv
seldom,adv
selectively,adv
self-conceitedly,adv
self-consciously,adv
self-evidently,adv
self-indulgently,adv
self-righteously,adv
selfishly,adv
selflessly,adv
semantically,adv
semiannually,adv
semimonthly,adv
semiweekly,adv
sensationally,adv
senselessly,adv
sensibly,adv
sensitively,adv
sensually,adv
sensuously,adv
sententiously,adv
sentimentally,adv
separably,adv
separately,adv
sequentially,adv
serenely,adv
serially,adv
seriatim,adv
seriously,adv
servilely,adv
sevenfold,adv
seventhly,adv
severally,adv
severely,adv
sexually,adv
shabbily,adv
shaggily,adv
shakily,adv
shallowly,adv
shambolically,adv
shamefacedly,adv
shamefully,adv
shamelessly,adv
shapelessly,adv
sharp,adv
sharply,adv
sheepishly,adv
sheer,adv
shiftily,adv
shockingly,adv
shoddily,adv
short,adv
shortly,adv
shoulder-to-shoulder,adv
showily,adv
shrewdly,adv
shrewishly,adv
shrilly,adv
shudderingly,adv
shyly,adv
sic,adv
sickeningly,adv
sidearm,adv
sidelong,adv
sidesaddle,adv
sidesplittingly,adv
sideward,adv
sidewards,adv
sideway,adv
sideways,adv
sidewise,adv
signally,adv
significantly,adv
silently,adv
silkily,adv
similarly,adv
simperingly,adv
simply,adv
simultaneously,adv
since_a_long_time_ago,adv
sincerely,adv
sincerely_yours,adv
sine_die,adv
single-handed,adv
single-handedly,adv
single-mindedly,adv
singly,adv
singularly,adv
sinuously,adv
sinusoidally,adv
six_times,adv
sixfold,adv
sixthly,adv
skeptically,adv
sketchily,adv
skew-whiff,adv
skilfully,adv
skillfully,adv
skimpily,adv
skittishly,adv
sky-high,adv
skyward,adv
skywards,adv
slackly,adv
slam-bang,adv
slanderously,adv
slangily,adv
slantingly,adv
slantways,adv
slantwise,adv
slap,adv
slap-bang,adv
slapdash,adv
slavishly,adv
sleekly,adv
sleepily,adv
sleeplessly,adv
slenderly,adv
slickly,adv
slightingly,adv
slightly,adv
slimly,adv
slopingly,adv
sloppily,adv
slouchily,adv
slouchingly,adv
slow,adv
slower,adv
slowest,adv
slowly,adv
sluggishly,adv
slyly,adv
smack,adv
small,adv
small-mindedly,adv
smarmily,adv
smartly,adv
smash,adv
smashingly,adv
smilingly,adv
smolderingly,adv
smoothly,adv
smoulderingly,adv
smugly,adv
smuttily,adv
snappishly,adv
sneakily,adv
sneakingly,adv
sneeringly,adv
snidely,adv
snobbishly,adv
snootily,adv
snugly,adv
so,adv
so-so,adv
so_far,adv
so_to_speak,adv
soaking,adv
sobbingly,adv
soberly,adv
sociably,adv
socially,adv
sociobiologically,adv
socioeconomically,adv
sociolinguistically,adv
sociologically,adv
soft,adv
softly,adv
solely,adv
solemnly,adv
solicitously,adv
solidly,adv
solitarily,adv
solo,adv
somberly,adv
sombrely,adv
some,adv
someday,adv
somehow,adv
someplace,adv
sometime,adv
sometimes,adv
someway,adv
someways,adv
somewhat,adv
somewhere,adv
somnolently,adv
sonorously,adv
soon,adv
soon_enough,adv
sooner,adv
soonest,adv
soothingly,adv
sopping,adv
sordidly,adv
sorely,adv
sorrowfully,adv
sort_of,adv
sottishly,adv
sotto_voce,adv
sou'-east,adv
sou'-sou'-east,adv
sou'-sou'-west,adv
sou'west,adv
soughingly,adv
soulfully,adv
soullessly,adv
soundlessly,adv
soundly,adv
sourly,adv
south,adv
south-east,adv
south-southeast,adv
south-southwest,adv
south-west,adv
southeast,adv
southeastward,adv
southeastwardly,adv
southerly,adv
southward,adv
southwards,adv
southwest,adv
southwestward,adv
southwestwardly,adv
spaceward,adv
spacewards,adv
spaciously,adv
sparely,adv
sparingly,adv
sparsely,adv
spasmodically,adv
spatially,adv
specially,adv
specifically,adv
speciously,adv
spectacularly,adv
spectrographically,adv
speculatively,adv
speechlessly,adv
speedily,adv
spherically,adv
spicily,adv
spinally,adv
spirally,adv
spiritedly,adv
spiritually,adv
spitefully,adv
splendidly,adv
spontaneously,adv
spookily,adv
sporadically,adv
sportingly,adv
sportively,adv
spotlessly,adv
sprucely,adv
spuriously,adv
squalidly,adv
square,adv
squarely,adv
squeamishly,adv
stably,adv
staccato,adv
staggeringly,adv
stagily,adv
staidly,adv
stanchly,adv
standoffishly,adv
stark,adv
starkly,adv
startlingly,adv
statistically,adv
statutorily,adv
staunchly,adv
steadfastly,adv
steadily,adv
steady,adv
stealthily,adv
steaming,adv
steeply,adv
step_by_step,adv
stepwise,adv
stereotypically,adv
sternly,adv
stertorously,adv
stickily,adv
stiff,adv
stiffly,adv
still,adv
stiltedly,adv
stingily,adv
stirringly,adv
stochastically,adv
stock-still,adv
stockily,adv
stodgily,adv
stoically,adv
stolidly,adv
stonily,adv
stormily,adv
stoutly,adv
stragglingly,adv
straight,adv
straight-backed,adv
straight_off,adv
straightaway,adv
straightforwardly,adv
straightway,adv
strangely,adv
strategically,adv
strenuously,adv
strictly,adv
strictly_speaking,adv
stridently,adv
strikingly,adv
stringently,adv
strongly,adv
structurally,adv
stubbornly,adv
studiously,adv
stuffily,adv
stunningly,adv
stupendously,adv
stupidly,adv
sturdily,adv
stylishly,adv
stylistically,adv
suavely,adv
sub_rosa,adv
subconsciously,adv
subcutaneously,adv
subjectively,adv
sublimely,adv
submissively,adv
subsequently,adv
subserviently,adv
substantially,adv
subtly,adv
successfully,adv
successively,adv
succinctly,adv
such,adv
suddenly,adv
sufficiently,adv
suggestively,adv
suitably,adv
sulkily,adv
sullenly,adv
sultrily,adv
summa_cum_laude,adv
summarily,adv
sumptuously,adv
sunnily,adv
super,adv
superbly,adv
superciliously,adv
superficially,adv
superfluously,adv
superlatively,adv
supernaturally,adv
superstitiously,adv
supinely,adv
supposedly,adv
supra,adv
supremely,adv
sure,adv
sure_as_shooting,adv
sure_enough,adv
surely,adv
surgically,adv
surlily,adv
surpassingly,adv
surprisedly,adv
surprisingly,adv
surreptitiously,adv
suspiciously,adv
sweepingly,adv
sweet,adv
sweetly,adv
swiftly,adv
swimmingly,adv
syllabically,adv
symbiotically,adv
symbolically,adv
symmetrically,adv
sympathetically,adv
symptomatically,adv
synchronously,adv
synergistically,adv
synonymously,adv
syntactically,adv
synthetically,adv
systematically,adv
tacitly,adv
taciturnly,adv
tactfully,adv
tactically,adv
tactlessly,adv
tactually,adv
talkatively,adv
talkily,adv
tamely,adv
tandem,adv
tangentially,adv
tangibly,adv
tantalizingly,adv
tardily,adv
tartly,adv
tastefully,adv
tastelessly,adv
tastily,adv
tattily,adv
tauntingly,adv
tautly,adv
tawdrily,adv
taxonomically,adv
tearfully,adv
teasingly,adv
technically,adv
technologically,adv
tediously,adv
telegraphically,adv
telescopically,adv
tellingly,adv
temperamentally,adv
temperately,adv
temporally,adv
temporarily,adv
temptingly,adv
tenaciously,adv
tendentiously,adv
tenderly,adv
tenfold,adv
tensely,adv
tentatively,adv
tenthly,adv
tenuously,adv
tepidly,adv
terminally,adv
terrestrially,adv
terribly,adv
terrifically,adv
territorially,adv
tersely,adv
testily,adv
tetchily,adv
tete_a_tete,adv
thankfully,adv
that_is_to_say,adv
that_much,adv
the_least_bit,adv
the_other_way_around,adv
the_right_way,adv
the_whole_way,adv
theatrically,adv
thematically,adv
then,adv
then_again,adv
thence,adv
thenceforth,adv
theologically,adv
theoretically,adv
therapeutically,adv
there,adv
thereabout,adv
thereabouts,adv
thereafter,adv
thereby,adv
therefor,adv
therefore,adv
therefrom,adv
therein,adv
thereinafter,adv
thereof,adv
thereon,adv
thereto,adv
theretofore,adv
thereunder,adv
therewith,adv
therewithal,adv
thermally,adv
thermodynamically,adv
thermostatically,adv
thick,adv
thickly,adv
thievishly,adv
thin,adv
thinly,adv
third,adv
thirdhand,adv
thirdly,adv
thirstily,adv
this_evening,adv
this_night,adv
thither,adv
thoroughly,adv
though,adv
thoughtfully,adv
thoughtlessly,adv
thousand-fold,adv
thousand_times,adv
threateningly,adv
three_times,adv
threefold,adv
thrice,adv
thriftily,adv
thriftlessly,adv
through,adv
through_an_experiment,adv
through_and_through,adv
through_empirical_observation,adv
throughout,adv
thus,adv
thus_far,adv
thusly,adv
tidily,adv
tight,adv
tightly,adv
til_now,adv
time_and_again,adv
time_and_time_again,adv
timely,adv
timidly,adv
timorously,adv
tip-top,adv
tiptoe,adv
tiredly,adv
tirelessly,adv
tiresomely,adv
to_a_fault,adv
to_a_great_extent,adv
to_a_greater_extent,adv
to_a_higher_place,adv
to_a_lesser_extent,adv
to_a_lower_place,adv
to_a_man,adv
to_a_t,adv
to_advantage,adv
to_all_intents_and_purposes,adv
to_and_fro,adv
to_be_precise,adv
to_be_sure,adv
to_begin_with,adv
to_boot,adv
to_both_ears,adv
to_date,adv
to_each_one,adv
to_it,adv
to_no_degree,adv
to_one_ear,adv
to_order,adv
to_perfection,adv
to_that,adv
to_that_degree,adv
to_that_effect,adv
to_that_extent,adv
to_the_contrary,adv
to_the_full,adv
to_the_highest_degree,adv
to_the_hilt,adv
to_the_letter,adv
to_the_limit,adv
to_the_lowest_degree,adv
to_the_south,adv
to_wit,adv
today,adv
toe-to-toe,adv
together,adv
together_with,adv
tolerably,adv
tolerantly,adv
tomorrow,adv
tonelessly,adv
tongue-in-cheek,adv
tonight,adv
too,adv
too_much,adv
too_soon,adv
tooth_and_nail,adv
topically,adv
topographically,adv
topologically,adv
toppingly,adv
topsy-turvily,adv
topsy-turvy,adv
torpidly,adv
tortuously,adv
torturously,adv
totally,adv
touchily,adv
touchingly,adv
toughly,adv
tout_ensemble,adv
traditionally,adv
tragically,adv
traitorously,adv
tranquilly,adv
transcendentally,adv
transiently,adv
transitionally,adv
transitively,adv
transitorily,adv
transparently,adv
transversally,adv
transversely,adv
treacherously,adv
treasonably,adv
tremendously,adv
tremulously,adv
trenchantly,adv
trepidly,adv
trickily,adv
trimly,adv
trippingly,adv
tritely,adv
triumphantly,adv
trivially,adv
tropically,adv
truculently,adv
true,adv
truly,adv
trustfully,adv
trustingly,adv
truthfully,adv
tumultuously,adv
tunefully,adv
tunelessly,adv
turbulently,adv
turgidly,adv
tutorially,adv
twice,adv
twirlingly,adv
two_times,adv
twofold,adv
typically,adv
typographically,adv
ulteriorly,adv
ultimately,adv
ultra_vires,adv
ultrasonically,adv
unabashedly,adv
unable_to_help,adv
unacceptably,adv
unaccompanied,adv
unaccountably,adv
unachievably,adv
unadvisedly,adv
unalterably,adv
unambiguously,adv
unambitiously,adv
unanimously,adv
unappealingly,adv
unappreciatively,adv
unarguably,adv
unashamedly,adv
unassailably,adv
unassertively,adv
unassumingly,adv
unattainably,adv
unattractively,adv
unavoidably,adv
unawares,adv
unbearably,adv
unbecomingly,adv
unbeknown,adv
unbeknownst,adv
unbelievably,adv
unbelievingly,adv
unblinkingly,adv
unblushingly,adv
uncannily,adv
unceasingly,adv
unceremoniously,adv
uncertainly,adv
unchangeably,adv
uncharacteristically,adv
unchivalrously,adv
uncivilly,adv
unclearly,adv
unco,adv
uncomfortably,adv
uncommonly,adv
uncomparably,adv
uncomplainingly,adv
uncompromisingly,adv
unconcernedly,adv
unconditionally,adv
unconsciously,adv
unconstitutionally,adv
uncontrollably,adv
uncontroversially,adv
unconventionally,adv
unconvincingly,adv
uncouthly,adv
uncritically,adv
unctuously,adv
undecipherably,adv
undemocratically,adv
undeniably,adv
undependably,adv
under,adv
under_arms,adv
under_it,adv
under_that,adv
under_the_circumstances,adv
under_way,adv
underarm,adv
underfoot,adv
underground,adv
underhand,adv
underhandedly,adv
underneath,adv
understandably,adv
understandingly,adv
undeservedly,adv
undesirably,adv
undiplomatically,adv
undisputedly,adv
undoubtedly,adv
undramatically,adv
unduly,adv
uneasily,adv
unemotionally,adv
unendingly,adv
unenergetically,adv
unenthusiastically,adv
unequally,adv
unequivocally,adv
unerringly,adv
unethically,adv
unevenly,adv
uneventfully,adv
unexcitingly,adv
unexpectedly,adv
unfailingly,adv
unfairly,adv
unfaithfully,adv
unfalteringly,adv
unfashionably,adv
unfavorably,adv
unfavourably,adv
unfeelingly,adv
unfeignedly,adv
unforgettably,adv
unforgivably,adv
unforgivingly,adv
unfortunately,adv
ungracefully,adv
ungraciously,adv
ungrammatically,adv
ungratefully,adv
ungrudgingly,adv
unhappily,adv
unharmoniously,adv
unhelpfully,adv
unhesitatingly,adv
unhurriedly,adv
unhygienically,adv
uniformly,adv
unilaterally,adv
unimaginably,adv
unimaginatively,adv
unimpeachably,adv
unimpressively,adv
uninformatively,adv
uninstructively,adv
unintelligently,adv
unintelligibly,adv
unintentionally,adv
uninterestingly,adv
uninterruptedly,adv
uninvitedly,adv
uniquely,adv
unitedly,adv
universally,adv
unjustifiably,adv
unjustly,adv
unkindly,adv
unknowingly,adv
unlawfully,adv
unluckily,adv
unmanageably,adv
unmanfully,adv
unmanly,adv
unmelodiously,adv
unmemorably,adv
unmercifully,adv
unmindfully,adv
unmistakably,adv
unmusically,adv
unnaturally,adv
unnecessarily,adv
unnoticeably,adv
unobtrusively,adv
unofficially,adv
unoriginally,adv
unpalatably,adv
unpardonably,adv
unpatriotically,adv
unpleasantly,adv
unprecedentedly,adv
unpredictably,adv
unpretentiously,adv
unproductively,adv
unprofitably,adv
unpropitiously,adv
unqualifiedly,adv
unquestionably,adv
unquestioningly,adv
unquietly,adv
unreadably,adv
unrealistically,adv
unreasonably,adv
unreasoningly,adv
unrecognisable,adv
unrecognizably,adv
unrelentingly,adv
unreliably,adv
unremarkably,adv
unrepentantly,adv
unreproducibly,adv
unreservedly,adv
unrestrainedly,adv
unrighteously,adv
unromantically,adv
unsatiably,adv
unsatisfactorily,adv
unscientifically,adv
unscrupulously,adv
unseasonably,adv
unselfconsciously,adv
unselfishly,adv
unsentimentally,adv
unshakably,adv
unsmilingly,adv
unsociably,adv
unsparingly,adv
unspeakably,adv
unsportingly,adv
unsteadily,adv
unstintingly,adv
unsuccessfully,adv
unsuitably,adv
unsuspectingly,adv
unswervingly,adv
unsymmetrically,adv
unsympathetically,adv
unsystematically,adv
unthinkably,adv
unthinking,adv
unthinkingly,adv
untidily,adv
until_now,adv
untimely,adv
untruly,adv
untruthfully,adv
untypically,adv
ununderstandably,adv
unusually,adv
unutterably,adv
unwantedly,adv
unwarily,adv
unwarrantably,adv
unwaveringly,adv
unwillingly,adv
unwisely,adv
unwittingly,adv
unwontedly,adv
unworthily,adv
up,adv
up-country,adv
up_and_down,adv
up_here,adv
up_the_stairs,adv
up_to_now,adv
uphill,adv
uppermost,adv
uppishly,adv
uprightly,adv
upriver,adv
uproariously,adv
upside_down,adv
upstage,adv
upstairs,adv
upstate,adv
upstream,adv
uptown,adv
upward,adv
upwardly,adv
upwards,adv
upwind,adv
urbanely,adv
urgently,adv
usefully,adv
uselessly,adv
usually,adv
usuriously,adv
utterly,adv
uxoriously,adv
vacantly,adv
vacuously,adv
vaguely,adv
vainly,adv
valiantly,adv
validly,adv
valorously,adv
vanishingly,adv
vapidly,adv
variably,adv
variously,adv
vastly,adv
vauntingly,adv
vehemently,adv
venally,adv
vengefully,adv
venomously,adv
ventrally,adv
verbally,adv
verbatim,adv
verbosely,adv
verily,adv
vertically,adv
very,adv
very_fast,adv
very_loudly,adv
very_much,adv
very_much_like,adv
very_softly,adv
very_well,adv
vexatiously,adv
vicariously,adv
vice_versa,adv
viciously,adv
victoriously,adv
videlicet,adv
vigilantly,adv
vigorously,adv
vilely,adv
vindictively,adv
violently,adv
virtually,adv
virtuously,adv
virulently,adv
vis-a-vis,adv
viscerally,adv
viscidly,adv
visibly,adv
visually,adv
vitally,adv
vitriolically,adv
viva_voce,adv
vivace,adv
vivaciously,adv
vividly,adv
viz.,adv
vocally,adv
vocationally,adv
vociferously,adv
volcanically,adv
volitionally,adv
volubly,adv
volumetrically,adv
voluntarily,adv
voluptuously,adv
voraciously,adv
voyeuristically,adv
vulgarly,adv
vulnerably,adv
wackily,adv
wafer-thin,adv
waggishly,adv
waist-deep,adv
waist-high,adv
wanly,adv
wantonly,adv
warily,adv
warm,adv
warmly,adv
wastefully,adv
watchfully,adv
way,adv
weakly,adv
wealthily,adv
wearily,adv
week_after_week,adv
week_by_week,adv
weekly,adv
weightily,adv
weirdly,adv
well,adv
well-nigh,adv
well-timed,adv
west,adv
westerly,adv
westward,adv
westwards,adv
whacking,adv
what_is_more,adv
whatever_may_come,adv
wheezily,adv
wheezingly,adv
when_first_seen,adv
when_the_time_comes,adv
whence,adv
wheresoever,adv
wherever,adv
whimsically,adv
whole,adv
wholeheartedly,adv
wholesale,adv
wholesomely,adv
wholly,adv
whopping,adv
wickedly,adv
wide,adv
widely,adv
wild,adv
wildly,adv
wilfully,adv
willfully,adv
willingly,adv
willy-nilly,adv
windily,adv
windward,adv
winsomely,adv
wisely,adv
wishfully,adv
wistfully,adv
withal,adv
witheringly,adv
within,adv
without_doubt,adv
wittily,adv
wittingly,adv
woefully,adv
wolfishly,adv
wonderfully,adv
wonderingly,adv
wondrous,adv
wondrously,adv
woodenly,adv
word_for_word,adv
wordily,adv
wordlessly,adv
worriedly,adv
worryingly,adv
worse,adv
worst,adv
worthily,adv
worthlessly,adv
wrathfully,adv
wretchedly,adv
wrong,adv
wrongfully,adv
wrongheadedly,adv
wrongly,adv
wryly,adv
yea,adv
yeah,adv
yearly,adv
yearningly,adv
yesterday,adv
yet,adv
yieldingly,adv
yon,adv
yonder,adv
you_bet,adv
you_said_it,adv
youthfully,adv
zealously,adv
zestfully,adv
zestily,adv
zigzag,adv
