word,noun,verb,adjective,adverb,auxiliary,compositions,conjunctions,determiners,existential_determiners,modifiers,negative_quantifiers,prepositions,universal_determiners,possessive_determiners,pronouns,frequency,review_count,avg_sentiment,length,confident,resolved_word
the,0,0,0,1,0,0,0,1,0,0,0,0,0,0,0,214,189,0.0,3,1,the
overlapping,1,1,1,0,0,0,0,0,0,0,0,0,0,0,0,66,64,0.0,11,1,overlapping
class,1,0,0,0,0,0,0,0,0,0,0,0,0,0,0,65,63,0.0,5,1,class
of,0,0,0,0,0,0,0,0,0,0,0,1,0,0,0,60,54,0.0,2,1,of
data,1,0,0,0,0,0,0,0,0,0,0,0,0,0,0,60,60,0.0,4,1,data
and,1,0,0,0,0,0,1,0,0,0,0,0,0,0,0,59,59,0.0,3,1,and
in,1,0,1,1,0,0,0,0,0,0,0,1,0,0,0,49,48,0.0,2,1,in
is,0,1,0,0,1,0,0,0,0,0,0,0,0,0,0,46,45,0.0,2,1,is
to,0,0,0,0,0,0,0,0,0,0,0,1,0,0,0,39,38,0.0,2,1,to
for,0,0,0,0,0,0,1,0,0,0,0,1,0,0,0,37,37,0.0,3,1,for
on,0,0,1,1,0,0,0,0,0,0,0,1,0,0,0,37,37,0.0,2,1,on
with,1,0,0,0,0,0,0,0,0,0,0,1,0,0,0,30,30,0.0,4,1,with
a,1,0,0,0,0,0,0,1,1,0,0,0,0,0,0,26,25,0.0,1,1,a
be,0,1,0,0,1,0,0,0,0,0,0,0,0,0,0,22,22,0.0,2,1,be
that,1,0,0,1,0,1,1,1,0,0,0,0,0,0,1,22,22,0.0,4,1,that
scheme,1,1,0,0,0,0,0,0,0,0,0,0,0,0,0,20,20,0.0,6,1,scheme
sets,1,1,0,0,0,0,0,0,0,0,0,0,0,0,0,20,20,0.0,4,1,sets
problem,1,0,0,0,0,0,0,0,0,0,0,0,0,0,0,20,20,0.0,7,1,problem
as,1,0,0,0,0,0,0,0,0,0,0,0,0,0,0,19,19,0.0,2,1,as
schemes,1,1,0,0,0,0,0,0,0,0,0,0,0,0,0,19,19,0.0,7,1,schemes
classification,1,0,0,0,0,0,0,0,0,0,0,0,0,0,0,17,17,0.0,14,1,classification
imbalance,1,0,0,0,0,0,0,0,0,0,0,0,0,0,0,16,16,0.0,9,1,imbalance
are,1,0,0,0,1,0,0,0,0,0,0,0,0,0,0,16,16,0.0,3,1,are
this,1,0,0,1,0,0,0,1,0,0,0,0,0,0,1,15,14,0.0,4,1,this
ratio,1,0,0,0,0,0,0,0,0,0,0,0,0,0,0,15,15,0.0,5,1,ratio
set,1,1,1,0,0,0,0,0,0,0,0,0,0,0,0,15,15,0.0,3,1,set
classifiers,1,0,0,0,0,0,0,0,0,0,0,0,0,0,0,15,15,0.0,11,1,classifiers
can,1,1,0,0,0,0,0,0,0,1,0,0,0,0,0,14,14,0.0,3,1,can
we,0,0,0,0,0,0,0,0,0,0,0,0,0,0,1,14,14,0.0,2,1,we
c,1,0,0,0,0,0,0,0,0,0,0,0,0,0,0,13,12,0.0,1,1,c
than,0,0,0,0,0,0,1,0,0,0,0,0,0,0,0,13,13,0.0,4,1,than
three,1,0,1,0,0,0,0,0,0,0,0,0,0,0,0,13,13,0.0,5,1,three
f,1,0,0,0,0,0,0,0,0,0,0,0,0,0,0,12,11,0.0,1,1,f
which,1,0,0,0,0,1,0,0,0,0,0,0,0,0,1,12,12,0.0,5,1,which
svms,0,0,0,0,0,0,0,0,0,0,0,0,0,0,0,12,12,0.0,4,1,svms
by,1,0,0,1,0,0,0,0,0,0,0,1,0,0,0,12,12,0.0,2,1,by
one,1,0,1,0,0,0,0,0,1,0,0,0,0,0,1,11,11,0.0,3,1,one
five,1,0,1,0,0,0,0,0,0,0,0,0,0,0,0,11,11,0.0,4,1,five
nb,0,0,0,0,0,0,0,0,0,0,0,0,0,0,0,11,11,0.0,2,0,nb
regions,1,0,0,0,0,0,0,0,0,0,0,0,0,0,0,11,11,0.0,7,1,regions
will,1,1,0,0,0,0,0,0,0,1,0,0,0,0,0,10,10,0.0,4,1,will
overlap,1,1,0,0,0,0,0,0,0,0,0,0,0,0,0,10,10,0.0,7,1,overlap
based,0,1,1,0,0,0,0,0,0,0,0,0,0,0,0,10,10,0.0,5,1,based
more,1,0,1,1,0,0,0,0,0,0,0,0,0,0,0,10,9,0.0,4,1,more
two,1,0,1,0,0,0,0,0,0,0,0,0,0,0,0,10,10,0.0,3,1,two
over,1,0,1,1,0,0,0,0,0,0,0,1,0,0,0,9,9,0.0,4,1,over
ping,1,1,0,0,0,0,0,0,0,0,0,0,0,0,0,9,9,0.0,4,1,ping
measure,1,1,0,0,0,0,0,0,0,0,0,0,0,0,0,9,9,0.0,7,1,measure
e,1,0,0,0,0,0,0,0,0,0,0,0,0,0,0,9,9,0.0,1,1,e
performance,1,0,0,0,0,0,0,0,0,0,0,0,0,0,0,9,9,0.0,11,1,performance
each,1,0,1,1,0,0,0,0,0,0,0,0,1,0,1,9,9,0.0,4,1,each
results,1,1,0,0,0,0,0,0,0,0,0,0,0,0,0,9,9,0.0,7,1,results
ripper,1,0,0,0,0,0,0,0,0,0,0,0,0,0,0,9,9,0.0,6,1,ripper
experiment,1,1,0,0,0,0,0,0,0,0,0,0,0,0,0,9,9,0.0,10,1,experiment
classes,1,0,0,0,0,0,0,0,0,0,0,0,0,0,0,9,9,0.0,7,1,classes
model,1,1,1,0,0,0,0,0,0,0,0,0,0,0,0,9,9,0.0,5,1,model
svdd,0,0,0,0,0,0,0,0,0,0,0,0,0,0,0,8,8,0.0,4,1,svdd
used,0,1,1,0,0,0,0,0,0,0,0,0,0,0,0,8,8,0.0,4,1,used
lapping,1,1,0,0,0,0,0,0,0,0,0,0,0,0,0,8,8,0.0,7,1,lapping
find,1,1,0,0,0,0,0,0,0,0,0,0,0,0,0,8,8,0.0,4,1,find
study,1,1,0,0,0,0,0,0,0,0,0,0,0,0,0,8,8,0.0,5,1,study
non,0,0,1,0,0,0,0,0,0,0,0,0,0,0,0,7,7,0.0,3,1,non
support,1,1,0,0,0,0,0,0,0,0,0,0,0,0,0,7,7,0.0,7,1,support
re,1,0,0,0,0,0,0,0,0,0,0,0,0,0,0,7,7,0.0,2,1,re
best,1,0,1,1,0,0,0,0,0,0,0,0,0,0,0,7,7,0.0,4,1,best
from,0,0,0,0,0,0,0,0,0,0,0,1,0,0,0,7,7,0.0,4,1,from
it,1,0,0,0,0,0,0,0,0,0,0,0,0,0,1,7,7,0.0,2,1,it
first,1,0,1,1,0,0,0,0,0,0,0,0,0,0,0,7,7,0.0,5,1,first
have,0,1,0,0,1,0,0,0,0,0,0,0,0,0,0,7,7,0.0,4,1,have
dealing,1,1,0,0,0,0,0,0,0,0,0,0,0,0,0,7,7,0.0,7,1,dealing
i,1,0,0,0,0,0,0,0,0,0,0,0,0,0,1,6,6,0.0,1,1,i
ing,1,0,0,0,0,0,0,0,0,0,0,0,0,0,0,6,6,0.0,3,1,ing
or,0,0,0,0,0,0,1,0,0,0,0,0,0,0,0,6,6,0.0,2,1,or
other,1,0,1,1,0,0,1,0,0,0,0,0,0,0,1,6,6,0.0,5,1,other
international,1,0,1,0,0,0,0,0,0,0,0,0,0,0,0,6,6,0.0,13,1,international
conference,1,0,0,0,0,0,0,0,0,0,0,0,0,0,0,6,6,0.0,10,1,conference
business,1,0,1,0,0,0,0,0,0,0,0,0,0,0,0,6,6,0.0,8,1,business
intelligence,1,0,0,0,0,0,0,0,0,0,0,0,0,0,0,6,6,0.0,12,1,intelligence
distance,1,1,0,0,0,0,0,0,0,0,0,0,0,0,0,6,6,0.0,8,1,distance
k,1,0,0,0,0,0,0,0,0,0,0,0,0,0,0,6,6,0.0,1,1,k
m,1,0,0,0,0,0,0,0,0,0,0,0,0,0,0,6,6,0.0,1,1,m
these,0,0,0,0,0,0,0,1,0,0,0,0,0,0,1,6,6,0.0,5,1,these
separating,1,1,0,0,0,0,0,0,0,0,0,0,0,0,0,6,6,0.0,10,1,separating
learning,1,1,0,0,0,0,0,0,0,0,0,0,0,0,0,6,6,0.0,8,1,learning
r,1,0,0,0,0,0,0,0,0,0,0,0,0,0,0,6,6,0.0,1,1,r
fig,1,0,0,0,0,0,0,0,0,0,0,0,0,0,0,6,6,0.0,3,1,fig
region,1,0,0,0,0,0,0,0,0,0,0,0,0,0,0,6,6,0.0,6,1,region
modeling,1,0,0,0,0,0,0,0,0,0,0,0,0,0,0,5,5,0.0,8,1,modeling
l,1,0,0,0,0,0,0,0,0,0,0,0,0,0,0,5,5,0.0,1,1,l
found,1,1,1,0,0,0,0,0,0,0,0,0,0,0,0,5,5,0.0,5,1,found
better,1,1,1,1,0,0,0,0,0,0,0,0,0,0,0,5,5,0.0,6,1,better
so,1,0,0,1,0,0,1,0,0,0,0,0,0,0,0,5,5,0.0,2,1,so
s,1,0,0,0,0,0,0,0,0,0,0,0,0,0,0,5,4,0.0,1,1,s
high,1,0,1,1,0,0,0,0,0,0,0,0,0,0,0,5,5,0.0,4,1,high
increase,1,1,0,0,0,0,0,0,0,0,0,0,0,0,0,5,5,0.0,8,1,increase
into,0,0,0,0,0,0,0,0,0,0,0,1,0,0,0,5,5,0.0,4,1,into
j,1,0,0,0,0,0,0,0,0,0,0,0,0,0,0,5,4,0.0,1,1,j
tion,0,0,0,0,0,0,0,0,0,0,0,0,0,0,0,5,5,0.0,4,1,tion
different,1,0,1,0,0,0,0,0,0,0,0,0,0,0,0,5,5,0.0,9,1,different
samples,1,1,0,0,0,0,0,0,0,0,0,0,0,0,0,5,5,0.0,7,1,samples
ratios,1,0,0,0,0,0,0,0,0,0,0,0,0,0,0,5,5,0.0,6,1,ratios
may,1,0,0,0,0,0,0,0,0,1,0,0,0,0,0,4,4,0.0,3,1,may
affect,1,1,0,0,0,0,0,0,0,0,0,0,0,0,0,4,4,0.0,6,1,affect
binary,1,0,1,0,0,0,0,0,0,0,0,0,0,0,0,4,4,0.0,6,1,binary
sampling,1,1,0,0,0,0,0,0,0,0,0,0,0,0,0,4,4,0.0,8,1,sampling
table,1,1,0,0,0,0,0,0,0,0,0,0,0,0,0,4,4,0.0,5,1,table
uci,0,0,0,0,0,0,0,0,0,0,0,0,0,0,0,4,4,0.0,3,1,uci
shows,1,1,0,0,0,0,0,0,0,0,0,0,0,0,0,4,4,0.0,5,1,shows
there,1,0,0,1,0,0,0,0,0,0,0,0,0,0,0,4,4,0.0,5,1,there
research,1,1,0,0,0,0,0,0,0,0,0,0,0,0,0,4,4,0.0,8,1,research
de,1,0,0,0,0,0,0,0,0,0,0,0,0,0,0,4,4,0.0,2,1,de
performs,0,1,0,0,0,0,0,0,0,0,0,0,0,0,0,4,4,0.0,8,1,performs
also,0,0,0,1,0,0,0,0,0,0,0,0,0,0,0,4,4,0.0,4,1,also
world,1,0,1,0,0,0,0,0,0,0,0,0,0,0,0,4,4,0.0,5,1,world
real,1,0,1,1,0,0,0,0,0,0,0,0,0,0,0,4,4,0.0,4,1,real
per,0,0,0,0,0,0,0,0,0,0,0,0,0,0,0,4,4,0.0,3,1,per
its,1,0,0,0,0,0,0,0,0,0,0,0,0,1,0,4,4,0.0,3,1,its
well,1,1,1,1,0,0,0,0,0,0,0,0,0,0,0,4,4,0.0,4,1,well
higher,0,0,1,0,0,0,0,0,0,0,0,0,0,0,0,4,4,0.0,6,1,higher
was,0,1,0,0,1,0,0,0,0,0,0,0,0,0,0,4,4,0.0,3,1,was
paper,1,1,1,0,0,0,0,0,0,0,0,0,0,0,0,4,4,0.0,5,1,paper
systematic,0,0,1,0,0,0,0,0,0,0,0,0,0,0,0,4,4,0.0,10,1,systematic
description,1,0,0,0,0,0,0,0,0,0,0,0,0,0,0,4,4,0.0,11,1,description
rule,1,1,0,0,0,0,0,0,0,0,0,0,0,0,0,4,4,0.0,4,1,rule
test,1,1,1,0,0,0,0,0,0,0,0,0,0,0,0,4,4,0.0,4,1,test
original,1,0,1,0,0,0,0,0,0,0,0,0,0,0,0,4,4,0.0,8,1,original
tested,0,1,1,0,0,0,0,0,0,0,0,0,0,0,0,4,4,0.0,6,1,tested
values,1,1,0,0,0,0,0,0,0,0,0,0,0,0,0,3,3,0.0,6,1,values
work,1,1,0,0,0,0,0,0,0,0,0,0,0,0,0,3,3,0.0,4,1,work
called,0,1,1,0,0,0,0,0,0,0,0,0,0,0,0,3,3,0.0,6,1,called
they,0,0,0,0,0,0,0,0,0,0,0,0,0,0,1,3,3,0.0,4,1,they
seen,1,1,1,0,0,0,0,0,0,0,0,0,0,0,0,3,3,0.0,4,1,seen
using,0,1,0,0,0,0,0,0,0,0,0,0,0,0,0,3,3,0.0,5,1,using
number,1,1,0,0,0,0,0,0,0,0,0,0,0,0,0,3,2,0.0,6,1,number
boundary,1,0,0,0,0,0,0,0,0,0,0,0,0,0,0,3,3,0.0,8,1,boundary
when,1,0,0,1,0,0,1,0,0,0,0,0,0,0,0,3,3,0.0,4,1,when
cause,1,1,0,0,0,0,0,0,0,0,0,0,0,0,0,3,3,0.0,5,1,cause
much,1,0,1,1,0,0,0,0,0,0,0,0,0,0,0,3,3,0.0,4,1,much
cation,1,0,0,0,0,0,0,0,0,0,0,0,0,0,0,3,3,0.0,6,1,cation
observation,1,0,0,0,0,0,0,0,0,0,0,0,0,0,0,3,3,0.0,11,1,observation
given,1,1,1,0,0,0,0,0,0,0,0,0,0,0,0,3,3,0.0,5,1,given
largest,0,0,1,0,0,0,0,0,0,0,0,0,0,0,0,3,2,0.0,7,1,largest
not,1,0,0,1,0,0,1,0,0,0,1,0,0,0,0,3,3,0.0,3,1,not
multi,0,0,0,0,0,0,0,0,0,0,0,0,0,0,0,3,3,0.0,5,1,multi
training,1,1,0,0,0,0,0,0,0,0,0,0,0,0,0,3,3,0.0,8,1,training
studies,1,1,0,0,0,0,0,0,0,0,0,0,0,0,0,3,3,0.0,7,1,studies
formance,0,0,0,0,0,0,0,0,0,0,0,0,0,0,0,3,3,0.0,8,1,formance
learns,0,1,0,0,0,0,0,0,0,0,0,0,0,0,0,3,3,0.0,6,1,learns
algorithm,1,0,0,0,0,0,0,0,0,0,0,0,0,0,0,3,3,0.0,9,1,algorithm
gions,0,0,0,0,0,0,0,0,0,0,0,0,0,0,0,3,3,0.0,5,1,gions
clas,0,0,0,0,0,0,0,0,0,0,0,0,0,0,0,3,3,0.0,4,1,clas
if,1,0,0,0,0,0,1,0,0,0,0,0,0,0,0,3,3,0.0,2,1,if
vector,1,0,0,0,0,0,0,0,0,0,0,0,0,0,0,3,3,0.0,6,1,vector
both,0,0,1,0,0,0,1,0,0,0,0,0,0,0,1,3,3,0.0,4,1,both
were,1,1,0,0,1,0,0,0,0,0,0,0,0,0,0,3,3,0.0,4,1,were
between,1,0,0,1,0,0,0,0,0,0,0,0,0,0,0,3,3,0.0,7,1,between
sphere,1,0,0,0,0,0,0,0,0,0,0,0,0,0,0,3,3,0.0,6,1,sphere
combined,0,1,1,0,0,0,0,0,0,0,0,0,0,0,0,3,3,0.0,8,1,combined
volume,1,0,0,0,0,0,0,0,0,0,0,0,0,0,0,3,3,0.0,6,1,volume
domain,1,0,0,0,0,0,0,0,0,0,0,0,0,0,0,3,3,0.0,6,1,domain
small,1,0,1,1,0,0,0,0,0,0,0,0,0,0,0,3,3,0.0,5,1,small
sensitive,1,0,1,0,0,0,0,0,0,0,0,0,0,0,0,3,3,0.0,9,1,sensitive
ones,1,0,0,0,0,0,0,0,0,0,0,0,0,0,0,3,3,0.0,4,1,ones
showed,0,1,0,0,0,0,0,0,0,0,0,0,0,0,0,3,3,0.0,6,1,showed
improvements,1,0,0,0,0,0,0,0,0,0,0,0,0,0,0,3,3,0.0,12,1,improvements
mainly,0,0,0,1,0,0,0,0,0,0,0,0,0,0,0,3,3,0.0,6,1,mainly
what,0,0,0,1,0,0,0,0,0,0,0,0,1,0,1,3,3,0.0,4,1,what
after,0,0,1,1,0,0,1,0,0,0,0,0,0,0,0,3,3,0.0,5,1,after
some,0,0,1,1,0,0,0,0,1,0,0,0,0,0,1,3,3,0.0,4,1,some
an,1,0,0,0,0,0,0,1,1,0,0,0,0,0,0,3,3,0.0,2,1,an
gap,1,1,0,0,0,0,0,0,0,0,0,0,0,0,0,3,3,0.0,3,1,gap
d,1,0,0,0,0,0,0,0,0,0,0,0,0,0,0,3,3,0.0,1,1,d
libsvm,0,0,0,0,0,0,0,0,0,0,0,0,0,0,0,3,3,0.0,6,1,libsvm
distinct,0,0,1,0,0,0,0,0,0,0,0,0,0,0,0,3,3,0.0,8,1,distinct
such,0,0,1,1,0,0,0,0,0,0,0,0,0,0,0,3,3,0.0,4,1,such
na,0,0,0,0,0,0,0,0,0,0,0,0,0,0,0,2,2,0.0,2,0,na
previous,0,0,1,0,0,0,0,0,0,0,0,0,0,0,0,2,2,0.0,8,1,previous
der,0,0,0,0,0,0,0,0,0,0,0,0,0,0,0,2,2,0.0,3,1,der
following,1,1,1,0,0,0,0,0,0,0,0,0,0,0,0,2,2,0.0,9,1,following
function,1,1,0,0,0,0,0,0,0,0,0,0,0,0,0,2,2,0.0,8,1,function
min,1,0,0,0,0,0,0,0,0,0,0,0,0,0,0,2,2,0.0,3,1,min
widely,0,0,0,1,0,0,0,0,0,0,0,0,0,0,0,2,2,0.0,6,1,widely
comparative,1,0,1,0,0,0,0,0,0,0,0,0,0,0,0,2,2,0.0,11,1,comparative
arating,0,0,0,0,0,0,0,0,0,0,0,0,0,0,0,2,2,0.0,7,1,arating
separately,0,0,0,1,0,0,0,0,0,0,0,0,0,0,0,2,2,0.0,10,1,separately
occurs,0,1,0,0,0,0,0,0,0,0,0,0,0,0,0,2,2,0.0,6,1,occurs
machine,1,1,0,0,0,0,0,0,0,0,0,0,0,0,0,2,2,0.0,7,1,machine
where,0,0,0,1,0,0,1,0,0,0,0,0,0,0,0,2,2,0.0,5,1,where
informa,0,0,0,0,0,0,0,0,0,0,0,0,0,0,0,2,2,0.0,7,1,informa
xiong,0,0,0,0,0,0,0,0,0,0,0,0,0,0,0,2,2,0.0,5,1,xiong
vectors,1,0,0,0,0,0,0,0,0,0,0,0,0,0,0,2,2,0.0,7,1,vectors
above,1,0,1,1,0,0,0,0,0,0,0,0,0,0,0,2,2,0.0,5,1,above
lagrangian,1,0,0,0,0,0,0,0,0,0,0,0,0,0,0,2,2,0.0,10,1,lagrangian
problems,1,0,0,0,0,0,0,0,0,0,0,0,0,0,0,2,2,0.0,8,1,problems
prob,1,0,0,0,0,0,0,0,0,0,0,0,0,0,0,2,2,0.0,4,1,prob
has,0,0,0,0,1,0,0,0,0,0,0,0,0,0,0,2,2,0.0,3,1,has
become,0,1,0,0,0,0,0,0,0,0,0,0,0,0,0,2,2,0.0,6,1,become
but,1,0,0,1,0,0,1,0,0,0,0,0,0,0,0,2,2,0.0,3,1,but
narrowed,0,1,1,0,0,0,0,0,0,0,0,0,0,0,0,2,2,0.0,8,1,narrowed
rare,0,0,1,0,0,0,0,0,0,0,0,0,0,0,0,2,2,0.0,4,1,rare
classi,0,0,0,0,0,0,0,0,0,0,0,0,0,0,0,2,2,0.0,6,1,classi
experimental,1,0,1,0,0,0,0,0,0,0,0,0,0,0,0,2,2,0.0,12,1,experimental
interrelationship,1,0,0,0,0,0,0,0,0,0,0,0,0,0,0,2,2,0.0,17,1,interrelationship
nos,0,0,0,0,0,0,0,0,0,0,0,0,0,0,0,2,2,0.0,3,1,nos
china,1,0,1,0,0,0,0,0,0,0,0,0,0,0,0,2,2,0.0,5,1,china
rules,1,1,0,0,0,0,0,0,0,0,0,0,0,0,0,2,2,0.0,5,1,rules
relatively,0,0,0,1,0,0,0,0,0,0,0,0,0,0,0,2,2,0.0,10,1,relatively
under,0,0,1,1,0,0,0,0,0,0,0,1,0,0,0,2,2,0.0,5,1,under
summary,1,0,1,0,0,0,0,0,0,0,0,0,0,0,0,2,2,0.0,7,1,summary
presence,1,0,0,0,0,0,0,0,0,0,0,0,0,0,0,2,2,0.0,8,1,presence
prati,0,0,0,0,0,0,0,0,0,0,0,0,0,0,0,2,2,0.0,5,1,prati
divided,0,1,1,0,0,0,0,0,0,0,0,0,0,0,0,2,2,0.0,7,1,divided
performances,1,0,0,0,0,0,0,0,0,0,0,0,0,0,0,2,2,0.0,12,1,performances
sonar,1,0,0,0,0,0,0,0,0,0,0,0,0,0,0,2,2,0.0,5,1,sonar
inosphere,0,0,0,0,0,0,0,0,0,0,0,0,0,0,0,2,2,0.0,9,1,inosphere
experiments,1,1,0,0,0,0,0,0,0,0,0,0,0,0,0,2,2,0.0,11,1,experiments
overall,1,0,1,1,0,0,0,0,0,0,0,0,0,0,0,2,2,0.0,7,1,overall
hardly,0,0,0,1,0,0,0,0,0,0,0,0,0,0,0,2,2,0.0,6,1,hardly
space,1,1,0,0,0,0,0,0,0,0,0,0,0,0,0,2,2,0.0,5,1,space
comparison,1,0,0,0,0,0,0,0,0,0,0,0,0,0,0,2,2,0.0,10,1,comparison
splice,1,1,0,0,0,0,0,0,0,0,0,0,0,0,0,2,2,0.0,6,1,splice
feature,1,0,0,0,0,0,0,0,0,0,0,0,0,0,0,2,2,0.0,7,1,feature
often,0,0,1,1,0,0,0,0,0,0,0,0,0,0,0,2,2,0.0,5,1,often
characteristics,1,0,0,0,0,0,0,0,0,0,0,0,0,0,0,2,2,0.0,15,1,characteristics
among,0,0,0,0,0,0,0,0,0,0,0,0,0,0,0,2,2,0.0,5,1,among
usually,0,0,0,1,0,0,0,0,0,0,0,0,0,0,0,2,2,0.0,7,1,usually
same,0,0,1,1,0,0,0,0,0,0,0,0,0,0,0,2,2,0.0,4,1,same
those,0,0,0,0,0,0,0,1,0,0,0,0,0,0,1,2,2,0.0,5,1,those
means,1,1,0,0,0,0,0,0,0,0,0,0,0,0,0,2,2,0.0,5,1,means
detection,1,0,0,0,0,0,0,0,0,0,0,0,0,0,0,2,2,0.0,9,1,detection
focus,1,1,0,0,0,0,0,0,0,0,0,0,0,0,0,2,2,0.0,5,1,focus
however,0,0,0,1,0,0,1,0,0,0,0,0,0,0,0,2,2,0.0,7,1,however
degree,1,0,1,0,0,0,0,0,0,0,0,0,0,0,0,2,2,0.0,6,1,degree
generated,0,1,0,0,0,0,0,0,0,0,0,0,0,0,0,2,2,0.0,9,1,generated
datasets,1,0,0,0,0,0,0,0,0,0,0,0,0,0,0,2,2,0.0,8,1,datasets
artificially,0,0,0,1,0,0,0,0,0,0,0,0,0,0,0,2,2,0.0,12,1,artificially
therefore,0,0,0,1,0,0,0,0,0,0,0,0,0,0,0,2,2,0.0,9,1,therefore
random,1,0,1,0,0,0,0,0,0,0,0,0,0,0,0,2,2,0.0,6,1,random
classifi,0,0,0,0,0,0,0,0,0,0,0,0,0,0,0,2,2,0.0,8,1,classifi
diabetes,1,0,0,0,0,0,0,0,0,0,0,0,0,0,0,2,2,0.0,8,1,diabetes
german,1,0,1,0,0,0,0,0,0,0,0,0,0,0,0,2,2,0.0,6,1,german
lying,1,1,1,0,0,0,0,0,0,0,0,0,0,0,0,2,2,0.0,5,1,lying
effect,1,1,0,0,0,0,0,0,0,0,0,0,0,0,0,2,2,0.0,6,1,effect
how,1,0,0,1,0,0,1,0,0,0,0,0,0,0,0,2,2,0.0,3,1,how
investigate,0,1,0,0,0,0,0,0,0,0,0,0,0,0,0,2,2,0.0,11,1,investigate
known,1,0,1,0,0,0,0,0,0,0,0,0,0,0,0,2,2,0.0,5,1,known
ticular,0,0,0,0,0,0,0,0,0,0,0,0,0,0,0,2,2,0.0,7,1,ticular
par,1,1,1,0,0,0,0,0,0,0,0,0,0,0,0,2,2,0.0,3,1,par
namely,0,0,0,1,0,0,0,0,0,0,0,0,0,0,0,2,2,0.0,6,1,namely
sec,1,0,1,0,0,0,0,0,0,0,0,0,0,0,0,2,2,0.0,3,1,sec
models,1,1,0,0,0,0,0,0,0,0,0,0,0,0,0,2,2,0.0,6,1,models
second,1,1,1,1,0,0,0,0,0,0,0,0,0,0,0,2,2,0.0,6,1,second
finally,0,0,0,1,0,0,0,0,0,0,0,0,0,0,0,2,2,0.0,7,1,finally
specifically,0,0,0,1,0,0,0,0,0,0,0,0,0,0,0,2,2,0.0,12,1,specifically
ond,0,0,0,0,0,0,0,0,0,0,0,0,0,0,0,2,2,0.0,3,1,ond
system,1,0,0,0,0,0,0,0,0,0,0,0,0,0,0,2,2,0.0,6,1,system
classifica,0,0,0,0,0,0,0,0,0,0,0,0,0,0,0,2,2,0.0,10,1,classifica
handle,1,1,0,0,0,0,0,0,0,0,0,0,0,0,0,2,2,0.0,6,1,handle
without,0,0,0,1,0,0,1,0,0,0,0,0,0,0,0,2,2,0.0,7,1,without
only,1,0,1,1,0,0,1,0,0,0,0,0,0,0,0,2,2,0.0,4,1,only
label,1,1,0,0,0,0,0,0,0,0,0,0,0,0,0,2,2,0.0,5,1,label
vided,0,0,0,0,0,0,0,0,0,0,0,0,0,0,0,2,2,0.0,5,1,vided
boundaries,1,0,0,0,0,0,0,0,0,0,0,0,0,0,0,2,2,0.0,10,1,boundaries
con,1,0,0,1,0,0,0,0,0,0,0,0,0,0,0,2,2,0.0,3,1,con
minimum,1,0,1,0,0,0,0,0,0,0,0,0,0,0,0,2,2,0.0,7,1,minimum
di,1,0,0,0,0,0,0,0,0,0,0,0,0,0,0,2,2,0.0,2,1,di
all,0,0,1,1,0,0,1,0,0,0,0,0,1,0,1,2,2,0.0,3,1,all
described,0,1,1,0,0,0,0,0,0,0,0,0,0,0,0,2,2,0.0,9,1,described
close,1,1,1,1,0,0,0,0,0,0,0,0,0,0,0,2,2,0.0,5,1,close
lem,1,0,0,0,0,0,0,0,0,0,0,0,0,0,0,2,2,0.0,3,1,lem
employed,0,0,1,0,0,0,0,0,0,0,0,0,0,0,0,2,2,0.0,8,1,employed
complicated,0,1,1,0,0,0,0,0,0,0,0,0,0,0,0,2,2,0.0,11,1,complicated
g,1,0,0,0,0,0,0,0,0,0,0,0,0,0,0,2,2,0.0,1,1,g
been,1,0,0,0,1,0,0,0,0,0,0,0,0,0,0,2,2,0.0,4,1,been
versus,0,0,0,0,0,0,1,0,0,0,0,0,0,0,0,2,2,0.0,6,1,versus
analysis,1,0,0,0,0,0,0,0,0,0,0,0,0,0,0,2,2,0.0,8,1,analysis
t,1,0,0,0,0,0,0,0,0,0,0,0,0,0,0,2,2,0.0,1,1,t
decomposition,1,0,0,0,0,0,0,0,0,0,0,0,0,0,0,1,1,0.0,13,1,decomposition
behavior,1,0,0,0,0,0,0,0,0,0,0,0,0,0,0,1,1,0.0,8,1,behavior
cai,0,0,0,0,0,0,0,0,0,0,0,0,0,0,0,1,1,0.0,3,1,cai
tax,1,1,0,0,0,0,0,0,0,0,0,0,0,0,0,1,1,0.0,3,1,tax
duin,0,0,0,0,0,0,0,0,0,0,0,0,0,0,0,1,1,0.0,4,1,duin
podolak,0,0,0,0,0,0,0,0,0,0,0,0,0,0,0,1,1,0.0,7,1,podolak
nchez,0,0,0,0,0,0,0,0,0,0,0,0,0,0,0,1,1,0.0,5,1,nchez
sotoca,0,0,0,0,0,0,0,0,0,0,0,0,0,0,0,1,1,0.0,6,1,sotoca
mollineda,0,0,0,0,0,0,0,0,0,0,0,0,0,0,0,1,1,0.0,9,1,mollineda
effects,1,1,0,0,0,0,0,0,0,0,0,0,0,0,0,1,1,0.0,7,1,effects
instance,1,0,0,0,0,0,0,0,0,0,0,0,0,0,0,1,1,0.0,8,1,instance
batista,0,0,0,0,0,0,0,0,0,0,0,0,0,0,0,1,1,0.0,7,1,batista
monard,0,0,0,0,0,0,0,0,0,0,0,0,0,0,0,1,1,0.0,6,1,monard
discriminative,0,0,1,0,0,0,0,0,0,0,0,0,0,0,0,1,1,0.0,14,1,discriminative
document,1,1,0,0,0,0,0,0,0,0,0,0,0,0,0,1,1,0.0,8,1,document
anal,0,0,1,0,0,0,0,0,0,0,0,0,0,0,0,1,1,0.0,4,1,anal
ysis,0,0,0,0,0,0,0,0,0,0,0,0,0,0,0,1,1,0.0,4,1,ysis
various,0,0,1,0,0,0,0,0,0,0,0,0,0,0,0,1,1,0.0,7,1,various
pay,1,1,0,0,0,0,0,0,0,0,0,0,0,0,0,1,1,0.0,3,1,pay
lit,1,1,1,0,0,0,0,0,0,0,0,0,0,0,0,1,1,0.0,3,1,lit
erature,0,0,0,0,0,0,0,0,0,0,0,0,0,0,0,1,1,0.0,7,1,erature
addressing,0,1,0,0,0,0,0,0,0,0,0,0,0,0,0,1,1,0.0,10,1,addressing
combinative,0,0,1,0,0,0,0,0,0,0,0,0,0,0,0,1,1,0.0,11,1,combinative
ef,1,0,0,0,0,0,0,0,0,0,0,0,0,0,0,1,1,0.0,2,1,ef
fect,0,0,0,0,0,0,0,0,0,0,0,0,0,0,0,1,1,0.0,4,1,fect
compara,0,0,0,0,0,0,0,0,0,0,0,0,0,0,0,1,1,0.0,7,1,compara
tive,0,0,0,0,0,0,0,0,0,0,0,0,0,0,0,1,1,0.0,4,1,tive
size,1,1,1,0,0,0,0,0,0,0,0,0,0,0,0,1,1,0.0,4,1,size
mance,0,0,0,0,0,0,0,0,0,0,0,0,0,0,0,1,1,0.0,5,1,mance
obviously,0,0,0,1,0,0,0,0,0,0,0,0,0,0,0,1,1,0.0,9,1,obviously
gree,1,0,0,0,0,0,0,0,0,0,0,0,0,0,0,1,1,0.0,4,1,gree
partial,1,0,1,0,0,0,0,0,0,0,0,0,0,0,0,1,1,0.0,7,1,partial
extensive,0,0,1,0,0,0,0,0,0,0,0,0,0,0,0,1,1,0.0,9,1,extensive
supported,0,1,1,0,0,0,0,0,0,0,0,0,0,0,0,1,1,0.0,9,1,supported
tional,0,0,0,0,0,0,0,0,0,0,0,0,0,0,0,1,1,0.0,6,1,tional
natural,1,0,1,0,0,0,0,0,0,0,0,0,0,0,0,1,1,0.0,7,1,natural
took,0,1,0,0,0,0,0,0,0,0,0,0,0,0,0,1,1,0.0,4,1,took
proposed,0,1,1,0,0,0,0,0,0,0,0,0,0,0,0,1,1,0.0,8,1,proposed
handling,1,1,0,0,0,0,0,0,0,0,0,0,0,0,0,1,1,0.0,8,1,handling
solving,0,1,0,0,0,0,0,0,0,0,0,0,0,0,0,1,1,0.0,7,1,solving
further,0,0,1,1,0,0,0,0,0,0,0,0,0,0,0,1,1,0.0,7,1,further
grant,1,1,0,0,0,0,0,0,0,0,0,0,0,0,0,1,1,0.0,5,1,grant
phd,1,0,0,0,0,0,0,0,0,0,0,0,0,0,0,1,1,0.0,3,1,phd
program,1,1,0,0,0,0,0,0,0,0,0,0,0,0,0,1,1,0.0,7,1,program
fiers,0,0,0,0,0,0,0,0,0,0,0,0,0,0,0,1,1,0.0,5,1,fiers
nn,0,0,0,0,0,0,0,0,0,0,0,0,0,0,0,1,1,0.0,2,0,nn
enjoyed,0,1,0,0,0,0,0,0,0,0,0,0,0,0,0,1,1,0.0,7,1,enjoyed
particular,1,0,1,0,0,0,0,0,0,0,0,0,0,0,0,1,1,0.0,10,1,particular
acknowledgements,1,0,0,0,0,0,0,0,0,0,0,0,0,0,0,1,1,0.0,16,1,acknowledgements
minimize,0,1,0,0,0,0,0,0,0,0,0,0,0,0,0,1,1,0.0,8,1,minimize
ra,1,0,0,0,0,0,0,0,0,0,0,0,0,0,0,1,1,0.0,2,1,ra
dius,0,0,0,0,0,0,0,0,0,0,0,0,0,0,0,1,1,0.0,4,1,dius
constraint,1,0,0,0,0,0,0,0,0,0,0,0,0,0,0,1,1,0.0,10,1,constraint
center,1,1,1,0,0,0,0,0,0,0,0,0,0,0,0,1,1,0.0,6,1,center
smaller,0,0,1,0,0,0,0,0,0,0,0,0,0,0,0,1,1,0.0,7,1,smaller
radius,1,0,0,0,0,0,0,0,0,0,0,0,0,0,0,1,1,0.0,6,1,radius
suppose,0,1,0,0,0,0,0,0,0,0,0,0,0,0,0,1,1,0.0,7,1,suppose
offbetween,0,0,0,0,0,0,0,0,0,0,0,0,0,0,0,1,1,0.0,10,1,offbetween
error,1,0,0,0,0,0,0,0,0,0,0,0,0,0,0,1,1,0.0,5,1,error
slack,1,1,1,1,0,0,0,0,0,0,0,0,0,0,0,1,1,0.0,5,1,slack
variables,1,0,0,0,0,0,0,0,0,0,0,0,0,0,0,1,1,0.0,9,1,variables
eq,1,0,0,0,0,0,0,0,0,0,0,0,0,0,0,1,1,0.0,2,1,eq
respectively,0,0,0,1,0,0,0,0,0,0,0,0,0,0,0,1,1,0.0,12,1,respectively
minimized,0,1,1,0,0,0,0,0,0,0,0,0,0,0,0,1,1,0.0,9,1,minimized
q,1,0,0,0,0,0,0,0,0,0,0,0,0,0,0,1,1,0.0,1,1,q
conditions,1,1,0,0,0,0,0,0,0,0,0,0,0,0,0,1,1,0.0,10,1,conditions
intro,1,0,0,0,0,0,0,0,0,0,0,0,0,0,0,1,1,0.0,5,1,intro
duced,0,0,0,0,0,0,0,0,0,0,0,0,0,0,0,1,1,0.0,5,1,duced
minimizing,0,1,0,0,0,0,0,0,0,0,0,0,0,0,0,1,1,0.0,10,1,minimizing
zero,1,1,1,0,0,0,0,0,0,0,0,0,0,0,0,1,1,0.0,4,1,zero
respect,1,1,0,0,0,0,0,0,0,0,0,0,0,0,0,1,1,0.0,7,1,respect
spectively,0,0,0,0,0,0,0,0,0,0,0,0,0,0,0,1,1,0.0,10,1,spectively
parameter,1,0,0,0,0,0,0,0,0,0,0,0,0,0,0,1,1,0.0,9,1,parameter
lagrange,0,0,0,0,0,0,0,0,0,0,0,0,0,0,0,1,1,0.0,8,1,lagrange
pliers,1,0,0,0,0,0,0,0,0,0,0,0,0,0,0,1,1,0.0,6,1,pliers
according,0,1,1,0,0,0,0,0,0,0,0,0,0,0,0,1,1,0.0,9,1,according
karush,0,0,0,0,0,0,0,0,0,0,0,0,0,0,0,1,1,0.0,6,1,karush
kuhn,1,0,0,0,0,0,0,0,0,0,0,0,0,0,0,1,1,0.0,4,1,kuhn
tucker,1,0,0,0,0,0,0,0,0,0,0,0,0,0,0,1,1,0.0,6,1,tucker
kkt,0,0,0,0,0,0,0,0,0,0,0,0,0,0,0,1,1,0.0,3,1,kkt
optimality,0,0,0,0,0,0,0,0,0,0,0,0,0,0,0,1,1,0.0,10,1,optimality
methodology,1,0,0,0,0,0,0,0,0,0,0,0,0,0,0,1,1,0.0,11,1,methodology
finding,1,1,0,0,0,0,0,0,0,0,0,0,0,0,0,1,1,0.0,7,1,finding
although,0,0,0,1,0,0,1,0,0,0,0,0,0,0,0,1,1,0.0,8,1,although
la,1,0,0,0,0,0,0,0,0,0,0,0,0,0,0,1,1,0.0,2,1,la
bels,1,0,0,0,0,0,0,0,0,0,0,0,0,0,0,1,1,0.0,4,1,bels
simple,1,0,1,0,0,0,0,0,0,0,0,0,0,0,0,1,1,0.0,6,1,simple
borrowed,0,1,0,0,0,0,0,0,0,0,0,0,0,0,0,1,1,0.0,8,1,borrowed
handwriting,1,1,0,0,0,0,0,0,0,0,0,0,0,0,0,1,1,0.0,11,1,handwriting
dashed,0,1,1,1,0,0,0,0,0,0,0,0,0,0,0,1,1,0.0,6,1,dashed
line,1,1,0,0,0,0,0,0,0,0,0,0,0,0,0,1,1,0.0,4,1,line
dropped,0,1,1,0,0,0,0,0,0,0,0,0,0,0,0,1,1,0.0,7,1,dropped
objective,1,0,1,0,0,0,0,0,0,0,0,0,0,0,0,1,1,0.0,9,1,objective
taining,0,0,0,0,0,0,0,0,0,0,0,0,0,0,0,1,1,0.0,7,1,taining
inter,0,0,1,0,0,0,0,0,0,0,0,0,0,0,0,1,1,0.0,5,1,inter
relationships,1,0,0,0,0,0,0,0,0,0,0,0,0,0,0,1,1,0.0,13,1,relationships
impact,1,1,0,0,0,0,0,0,0,0,0,0,0,0,0,1,1,0.0,6,1,impact
separate,1,1,1,0,0,0,0,0,0,0,0,0,0,0,0,1,1,0.0,8,1,separate
fining,0,0,0,0,0,0,0,0,0,0,0,0,0,0,0,1,1,0.0,6,1,fining
cuses,0,0,0,0,0,0,0,0,0,0,0,0,0,0,0,1,1,0.0,5,1,cuses
thought,1,1,0,0,0,0,0,0,0,0,0,0,0,0,0,1,1,0.0,7,1,thought
overlaps,1,1,0,0,0,0,0,0,0,0,0,0,0,0,0,1,1,0.0,8,1,overlaps
topic,1,0,0,0,0,0,0,0,0,0,0,0,0,0,0,1,1,0.0,5,1,topic
fo,1,0,0,0,0,0,0,0,0,0,0,0,0,0,0,1,1,0.0,2,1,fo
blue,1,1,1,0,0,0,0,0,0,0,0,0,0,0,0,1,1,0.0,4,1,blue
most,0,0,1,1,0,0,0,0,0,0,0,0,0,0,0,1,1,0.0,4,1,most
let,1,1,0,0,0,0,0,0,0,0,0,0,0,0,0,1,1,0.0,3,1,let
leads,0,1,0,0,0,0,0,0,0,0,0,0,0,0,0,1,1,0.0,5,1,leads
strategies,0,0,0,0,0,0,0,0,0,0,0,0,0,0,0,1,1,0.0,10,1,strategies
merge,1,0,0,0,0,0,0,0,0,0,0,0,0,0,0,1,1,0.0,5,1,merge
meta,1,0,0,0,0,0,0,0,0,0,0,0,0,0,0,1,1,0.0,4,1,meta
ignore,0,1,0,0,0,0,0,0,0,0,0,0,0,0,0,1,1,0.0,6,1,ignore
tween,1,0,0,0,0,0,0,0,0,0,0,0,0,0,0,1,1,0.0,5,1,tween
tor,1,0,0,0,0,0,0,0,0,0,0,0,0,0,0,1,1,0.0,3,1,tor
cre,0,0,0,0,0,0,0,0,0,0,0,0,0,0,0,1,1,0.0,3,1,cre
atively,0,0,0,0,0,0,0,0,0,0,0,0,0,0,0,1,1,0.0,7,1,atively
capture,1,1,0,0,0,0,0,0,0,0,0,0,0,0,0,1,1,0.0,7,1,capture
present,1,1,1,0,0,0,0,0,0,0,0,0,0,0,0,1,1,0.0,7,1,present
fol,0,0,0,0,0,0,0,0,0,0,0,0,0,0,0,1,1,0.0,3,1,fol
atlantis,1,0,0,0,0,0,0,0,0,0,0,0,0,0,0,1,1,0.0,8,1,atlantis
press,1,1,0,0,0,0,0,0,0,0,0,0,0,0,0,1,1,0.0,5,1,press
labeled,0,0,1,0,0,0,0,0,0,0,0,0,0,0,0,1,1,0.0,7,1,labeled
then,1,0,1,1,0,0,1,0,0,0,0,0,0,0,0,1,1,0.0,4,1,then
whole,1,0,1,1,0,0,0,0,0,0,0,0,0,0,0,1,1,0.0,5,1,whole
propose,1,1,0,0,0,0,0,0,0,0,0,0,0,0,0,1,1,0.0,7,1,propose
eval,0,0,0,0,0,0,0,0,0,0,0,0,0,0,0,1,1,0.0,4,1,eval
uate,0,0,0,0,0,0,0,0,0,0,0,0,0,0,0,1,1,0.0,4,1,uate
ignores,0,1,0,0,0,0,0,0,0,0,0,0,0,0,0,1,1,0.0,7,1,ignores
al,0,0,0,0,0,0,0,0,0,0,0,0,0,0,0,1,1,0.0,2,0,al
continues,1,1,0,0,0,0,0,0,0,0,0,0,0,0,0,1,1,0.0,9,1,continues
learn,0,1,0,0,0,0,0,0,0,0,0,0,0,0,0,1,1,0.0,5,1,learn
got,0,1,0,0,0,0,0,0,0,0,0,0,0,0,0,1,1,0.0,3,1,got
adds,1,1,0,0,0,0,0,0,0,0,0,0,0,0,0,1,1,0.0,4,1,adds
firstly,0,0,0,1,0,0,0,0,0,0,0,0,0,0,0,1,1,0.0,7,1,firstly
learned,0,1,1,0,0,0,0,0,0,0,0,0,0,0,0,1,1,0.0,7,1,learned
merges,1,0,0,0,0,0,0,0,0,0,0,0,0,0,0,1,1,0.0,6,1,merges
new,0,0,1,1,0,0,0,0,0,0,0,0,0,0,0,1,1,0.0,3,1,new
recog,0,0,0,0,0,0,0,0,0,0,0,0,0,0,0,1,1,0.0,5,1,recog
nition,0,0,0,0,0,0,0,0,0,0,0,0,0,0,0,1,1,0.0,6,1,nition
spheres,1,0,0,0,0,0,0,0,0,0,0,0,0,0,0,1,1,0.0,7,1,spheres
sified,0,0,0,0,0,0,0,0,0,0,0,0,0,0,0,1,1,0.0,6,1,sified
determine,0,1,0,0,0,0,0,0,0,0,0,0,0,0,0,1,1,0.0,9,1,determine
sep,0,0,0,0,0,0,0,0,0,0,0,0,0,0,0,1,1,0.0,3,1,sep
arately,0,0,0,0,0,0,0,0,0,0,0,0,0,0,0,1,1,0.0,7,1,arately
added,0,1,1,0,0,0,0,0,0,0,0,0,0,0,0,1,1,0.0,5,1,added
make,1,1,0,0,0,0,0,0,0,0,0,0,0,0,0,1,1,0.0,4,1,make
get,1,1,0,0,0,0,0,0,0,0,0,0,0,0,0,1,1,0.0,3,1,get
gion,0,0,0,0,0,0,0,0,0,0,0,0,0,0,0,1,1,0.0,4,1,gion
determined,0,1,1,0,0,0,0,0,0,0,0,0,0,0,0,1,1,0.0,10,1,determined
main,1,0,1,0,0,0,0,0,0,0,0,0,0,0,0,1,1,0.0,4,1,main
goal,1,0,0,0,0,0,0,0,0,0,0,0,0,0,0,1,1,0.0,4,1,goal
gain,1,1,0,0,0,0,0,0,0,0,0,0,0,0,0,1,1,0.0,4,1,gain
insights,1,0,0,0,0,0,0,0,0,0,0,0,0,0,0,1,1,0.0,8,1,insights
attributes,1,0,0,0,0,0,0,0,0,0,0,0,0,0,0,1,1,0.0,10,1,attributes
source,1,1,0,0,0,0,0,0,0,0,0,0,0,0,0,1,1,0.0,6,1,source
calculated,0,1,1,0,0,0,0,0,0,0,0,0,0,0,0,1,1,0.0,10,1,calculated
se,0,0,0,0,0,0,0,0,0,0,0,0,0,0,0,1,1,0.0,2,0,se
lected,0,0,0,0,0,0,0,0,0,0,0,0,0,0,0,1,1,0.0,6,1,lected
summarizes,0,1,0,0,0,0,0,0,0,0,0,0,0,0,0,1,1,0.0,10,1,summarizes
condi,0,0,0,0,0,0,0,0,0,0,0,0,0,0,0,1,1,0.0,5,1,condi
tions,0,0,0,0,0,0,0,0,0,0,0,0,0,0,0,1,1,0.0,5,1,tions
major,1,1,1,0,0,0,0,0,0,0,0,0,0,0,0,1,1,0.0,5,1,major
contributions,1,0,0,0,0,0,0,0,0,0,0,0,0,0,0,1,1,0.0,13,1,contributions
still,1,1,1,1,0,0,0,0,0,0,0,0,0,0,0,1,1,0.0,5,1,still
critical,1,0,1,0,0,0,0,0,0,0,0,0,0,0,0,1,1,0.0,8,1,critical
need,1,1,0,0,0,0,0,0,0,0,0,0,0,0,0,1,1,0.0,4,1,need
conducting,1,1,0,0,0,0,0,0,0,0,0,0,0,0,0,1,1,0.0,10,1,conducting
atic,0,0,0,0,0,0,0,0,0,0,0,0,0,0,0,1,1,0.0,4,1,atic
examples,1,0,0,0,0,0,0,0,0,0,0,0,0,0,0,1,1,0.0,8,1,examples
lows,1,0,0,0,0,0,0,0,0,0,0,0,0,0,0,1,1,0.0,4,1,lows
use,1,1,0,0,0,0,0,0,0,0,0,0,0,0,0,1,1,0.0,3,1,use
vec,0,0,0,0,0,0,0,0,0,0,0,0,0,0,0,1,1,0.0,3,1,vec
our,0,0,0,0,0,0,0,0,0,0,0,0,0,1,0,1,1,0.0,3,1,our
aims,1,1,0,0,0,0,0,0,0,0,0,0,0,0,0,1,1,0.0,4,1,aims
fill,1,1,0,0,0,0,0,0,0,0,0,0,0,0,0,1,1,0.0,4,1,fill
crucial,0,0,1,0,0,0,0,0,0,0,0,0,0,0,0,1,1,0.0,7,1,crucial
void,1,1,1,0,0,0,0,0,0,0,0,0,0,0,0,1,1,0.0,4,1,void
point,1,1,0,0,0,0,0,0,0,0,0,0,0,0,0,1,1,0.0,5,1,point
view,1,1,0,0,0,0,0,0,0,0,0,0,0,0,0,1,1,0.0,4,1,view
had,0,0,0,0,1,0,0,0,0,0,0,0,0,0,0,1,1,0.0,3,1,had
strong,0,0,1,1,0,0,0,0,0,0,0,0,0,0,0,1,1,0.0,6,1,strong
correlation,1,0,0,0,0,0,0,0,0,0,0,0,0,0,0,1,1,0.0,11,1,correlation
researches,0,1,0,0,0,0,0,0,0,0,0,0,0,0,0,1,1,0.0,10,1,researches
devel,1,0,0,0,0,0,0,0,0,0,0,0,0,0,0,1,1,0.0,5,1,devel
oped,0,0,0,0,0,0,0,0,0,0,0,0,0,0,0,1,1,0.0,4,1,oped
scenarios,1,0,0,0,0,0,0,0,0,0,0,0,0,0,0,1,1,0.0,9,1,scenarios
uses,1,1,0,0,0,0,0,0,0,0,0,0,0,0,0,1,1,0.0,4,1,uses
deal,1,1,1,0,0,0,0,0,0,0,0,0,0,0,0,1,1,0.0,4,1,deal
compares,0,1,0,0,0,0,0,0,0,0,0,0,0,0,0,1,1,0.0,8,1,compares
est,0,0,0,0,0,0,0,0,0,0,0,0,0,0,0,1,1,0.0,3,1,est
effectiveness,1,0,0,0,0,0,0,0,0,0,0,0,0,0,0,1,1,0.0,13,1,effectiveness
basic,1,0,1,0,0,0,0,0,0,0,0,0,0,0,0,1,1,0.0,5,1,basic
practice,1,1,0,0,0,0,0,0,0,0,0,0,0,0,0,1,1,0.0,8,1,practice
binative,0,0,0,0,0,0,0,0,0,0,0,0,0,0,0,1,1,0.0,8,1,binative
adopt,0,1,0,0,0,0,0,0,0,0,0,0,0,0,0,1,1,0.0,5,1,adopt
ten,1,0,1,0,0,0,0,0,0,0,0,0,0,0,0,1,1,0.0,3,1,ten
ment,0,0,0,0,0,0,0,0,0,0,0,0,0,0,0,1,1,0.0,4,1,ment
finds,1,1,0,0,0,0,0,0,0,0,0,0,0,0,0,1,1,0.0,5,1,finds
third,1,0,1,1,0,0,0,0,0,0,0,0,0,0,0,1,1,0.0,5,1,third
centrates,0,0,0,0,0,0,0,0,0,0,0,0,0,0,0,1,1,0.0,9,1,centrates
gener,0,0,0,0,0,0,0,0,0,0,0,0,0,0,0,1,1,0.0,5,1,gener
fold,1,1,1,0,0,0,0,0,0,0,0,0,0,0,0,1,1,0.0,4,1,fold
cross,1,1,1,0,0,0,0,0,0,0,0,0,0,0,0,1,1,0.0,5,1,cross
validation,1,0,0,0,0,0,0,0,0,0,0,0,0,0,0,1,1,0.0,10,1,validation
method,1,0,0,0,0,0,0,0,0,0,0,0,0,0,0,1,1,0.0,6,1,method
metric,1,0,1,0,0,0,0,0,0,0,0,0,0,0,0,1,1,0.0,6,1,metric
compare,0,1,0,0,0,0,0,0,0,0,0,0,0,0,0,1,1,0.0,7,1,compare
ated,0,1,0,0,0,0,0,0,0,0,0,0,0,0,0,1,1,0.0,4,1,ated
com,0,0,0,0,0,0,0,0,0,0,0,0,0,0,0,1,1,0.0,3,1,com
linear,0,0,1,0,0,0,0,0,0,0,0,0,0,0,0,1,1,0.0,6,1,linear
kernel,1,0,0,0,0,0,0,0,0,0,0,0,0,0,0,1,1,0.0,6,1,kernel
good,1,0,1,1,0,0,0,0,0,0,0,0,0,0,0,1,1,0.0,4,1,good
precisely,0,0,0,1,0,0,0,0,0,0,0,0,0,0,0,1,1,0.0,9,1,precisely
time,1,1,0,0,0,0,0,0,0,0,0,0,0,0,0,1,1,0.0,4,1,time
costing,1,1,0,0,0,0,0,0,0,0,0,0,0,0,0,1,1,0.0,7,1,costing
compared,0,1,0,0,0,0,0,0,0,0,0,0,0,0,0,1,1,0.0,8,1,compared
here,1,0,1,1,0,0,0,0,0,0,0,0,0,0,0,1,1,0.0,4,1,here
indicate,0,1,0,0,0,0,0,0,0,0,0,0,0,0,0,1,1,0.0,8,1,indicate
collection,1,0,0,0,0,0,0,0,0,0,0,0,0,0,0,1,1,0.0,10,1,collection
creasing,1,0,0,0,0,0,0,0,0,0,0,0,0,0,0,1,1,0.0,8,1,creasing
gained,0,1,0,0,0,0,0,0,0,0,0,0,0,0,0,1,1,0.0,6,1,gained
parts,1,0,0,0,0,0,0,0,0,0,0,0,0,0,0,1,1,0.0,5,1,parts
sification,0,0,0,0,0,0,0,0,0,0,0,0,0,0,0,1,1,0.0,10,1,sification
algorithms,1,0,0,0,0,0,0,0,0,0,0,0,0,0,0,1,1,0.0,10,1,algorithms
tures,0,0,0,0,0,0,0,0,0,0,0,0,0,0,0,1,1,0.0,5,1,tures
additional,1,0,1,0,0,0,0,0,0,0,0,0,0,0,0,1,1,0.0,10,1,additional
makes,1,1,0,0,0,0,0,0,0,0,0,0,0,0,0,1,1,0.0,5,1,makes
another,0,0,1,0,0,0,0,0,0,0,0,0,0,0,1,1,1,0.0,7,1,another
section,1,0,0,0,0,0,0,0,0,0,0,0,0,0,0,1,1,0.0,7,1,section
cal,1,0,0,0,0,0,0,0,0,0,0,0,0,0,0,1,1,0.0,3,1,cal
culated,0,0,0,0,0,0,0,0,0,0,0,0,0,0,0,1,1,0.0,7,1,culated
name,1,1,0,0,0,0,0,0,0,0,0,0,0,0,0,1,1,0.0,4,1,name
bold,1,0,1,0,0,0,0,0,0,0,0,0,0,0,0,1,1,0.0,4,1,bold
efforts,1,0,0,0,0,0,0,0,0,0,0,0,0,0,0,1,1,0.0,7,1,efforts
dedicated,0,1,1,0,0,0,0,0,0,0,0,0,0,0,0,1,1,0.0,9,1,dedicated
et,0,0,0,0,0,0,1,0,0,0,0,0,0,0,0,1,1,0.0,2,1,et
experi,0,0,0,0,0,0,0,0,0,0,0,0,0,0,0,1,1,0.0,6,1,experi
val,0,0,0,0,0,0,0,0,0,0,0,0,0,0,0,1,1,0.0,3,1,val
ues,1,0,0,0,0,0,0,0,0,0,0,0,0,0,0,1,1,0.0,3,1,ues
measures,1,1,0,0,0,0,0,0,0,0,0,0,0,0,0,1,1,0.0,8,1,measures
always,0,0,0,1,0,0,0,0,0,0,0,0,0,0,0,1,1,0.0,6,1,always
great,1,0,1,1,0,0,0,0,0,0,0,0,0,0,0,1,1,0.0,5,1,great
near,1,0,1,1,0,0,0,0,0,0,0,0,0,0,0,1,1,0.0,4,1,near
bound,1,1,1,0,0,0,0,0,0,0,0,0,0,0,0,1,1,0.0,5,1,bound
aries,1,0,0,0,0,0,0,0,0,0,0,0,0,0,0,1,1,0.0,5,1,aries
hard,1,0,1,1,0,0,0,0,0,0,0,0,0,0,0,1,1,0.0,4,1,hard
mining,1,1,0,0,0,0,0,0,0,0,0,0,0,0,0,1,1,0.0,6,1,mining
communities,1,0,0,0,0,0,0,0,0,0,0,0,0,0,0,1,1,0.0,11,1,communities
indeed,0,0,0,1,0,0,0,0,0,0,0,0,0,0,0,1,1,0.0,6,1,indeed
less,0,0,1,1,0,0,0,0,0,0,0,0,0,0,0,1,1,0.0,4,1,less
network,1,1,0,0,0,0,0,0,0,0,0,0,0,0,0,1,1,0.0,7,1,network
fea,0,0,0,0,0,0,0,0,0,0,0,0,0,0,0,1,1,0.0,3,1,fea
sible,0,0,0,0,0,0,0,0,0,0,0,0,0,0,0,1,1,0.0,5,1,sible
solution,1,0,0,0,0,0,0,0,0,0,0,0,0,0,0,1,1,0.0,8,1,solution
importance,1,0,0,0,0,0,0,0,0,0,0,0,0,0,0,1,1,0.0,10,1,importance
difficulty,1,0,0,0,0,0,0,0,0,0,0,0,0,0,0,1,1,0.0,10,1,difficulty
literature,1,0,0,0,0,0,0,0,0,0,0,0,0,0,0,1,1,0.0,10,1,literature
broad,1,0,1,1,0,0,0,0,0,0,0,0,0,0,0,1,1,0.0,5,1,broad
because,0,0,0,0,0,0,1,0,0,0,0,0,0,0,0,1,1,0.0,7,1,because
ignoring,0,1,0,0,0,0,0,0,0,0,0,0,0,0,0,1,1,0.0,8,1,ignoring
lose,0,1,0,0,0,0,0,0,0,0,0,0,0,0,0,1,1,0.0,4,1,lose
important,0,0,1,0,0,0,0,0,0,0,0,0,0,0,0,1,1,0.0,9,1,important
almost,1,0,0,1,0,0,0,0,0,0,0,0,0,0,0,1,1,0.0,6,1,almost
while,1,0,0,0,0,0,1,0,0,0,0,0,0,0,0,1,1,0.0,5,1,while
remaining,1,1,1,0,0,0,0,0,0,0,0,0,0,0,0,1,1,0.0,9,1,remaining
signed,0,1,1,0,0,0,0,0,0,0,0,0,0,0,0,1,1,0.0,6,1,signed
out,1,1,1,1,0,0,0,0,0,0,0,0,0,0,0,1,1,0.0,3,1,out
discarded,0,1,1,0,0,0,0,0,0,0,0,0,0,0,0,1,1,0.0,9,1,discarded
bring,0,1,0,0,0,0,0,0,0,0,0,0,0,0,0,1,1,0.0,5,1,bring
lower,0,1,1,0,0,0,0,0,0,0,0,0,0,0,0,1,1,0.0,5,1,lower
observations,1,0,0,0,0,0,0,0,0,0,0,0,0,0,0,1,1,0.0,12,1,observations
part,1,0,1,1,0,0,0,0,0,0,0,0,0,0,0,1,1,0.0,4,1,part
forms,1,1,0,0,0,0,0,0,0,0,0,0,0,0,0,1,1,0.0,5,1,forms
comparing,0,1,0,0,0,0,0,0,0,0,0,0,0,0,0,1,1,0.0,9,1,comparing
reside,0,1,0,0,0,0,0,0,0,0,0,0,0,0,0,1,1,0.0,6,1,reside
very,0,0,1,1,0,0,0,0,0,0,0,0,0,0,0,1,1,0.0,4,1,very
similar,1,0,1,0,0,0,0,0,0,0,0,0,0,0,0,1,1,0.0,7,1,similar
intru,0,0,0,0,0,0,0,0,0,0,0,0,0,0,0,1,1,0.0,5,1,intru
sion,0,0,0,0,0,0,0,0,0,0,0,0,0,0,0,1,1,0.0,4,1,sion
character,1,1,0,0,0,0,0,0,0,0,0,0,0,0,0,1,1,0.0,9,1,character
recogni,0,0,0,0,0,0,0,0,0,0,0,0,0,0,0,1,1,0.0,7,1,recogni
sorted,0,0,1,0,0,0,0,0,0,0,0,0,0,0,0,1,1,0.0,6,1,sorted
ascending,0,1,1,0,0,0,0,0,0,0,0,0,0,0,0,1,1,0.0,9,1,ascending
increases,1,1,0,0,0,0,0,0,0,0,0,0,0,0,0,1,1,0.0,9,1,increases
obvious,0,0,1,0,0,0,0,0,0,0,0,0,0,0,0,1,1,0.0,7,1,obvious
except,0,0,0,0,0,0,1,0,0,0,0,0,0,0,0,1,1,0.0,6,1,except
mod,1,0,1,0,0,0,0,0,0,0,0,0,0,0,0,1,1,0.0,3,1,mod
eling,0,0,0,0,0,0,0,0,0,0,0,0,0,0,0,1,1,0.0,5,1,eling
pervious,0,0,1,0,0,0,0,0,0,0,0,0,0,0,0,1,1,0.0,8,1,pervious
technique,1,0,0,0,0,0,0,0,0,0,0,0,0,0,0,1,1,0.0,9,1,technique
reasonable,0,0,1,0,0,0,0,0,0,0,0,0,0,0,0,1,1,0.0,10,1,reasonable
difficultly,0,0,0,1,0,0,0,0,0,0,0,0,0,0,0,1,1,0.0,11,1,difficultly
improved,0,0,1,0,0,0,0,0,0,0,0,0,0,0,0,1,1,0.0,8,1,improved
low,1,0,1,1,0,0,0,0,0,0,0,0,0,0,0,1,1,0.0,3,1,low
little,1,0,1,1,0,0,0,0,0,0,0,0,0,0,0,1,1,0.0,6,1,little
improve,0,0,0,0,0,0,0,0,0,0,0,0,0,0,0,1,1,0.0,7,1,improve
right,1,1,1,1,0,0,0,0,0,0,0,0,0,0,0,1,1,0.0,5,1,right
searchers,1,0,0,0,0,0,0,0,0,0,0,0,0,0,0,1,1,0.0,9,1,searchers
misclassifi,0,0,0,0,0,0,0,0,0,0,0,0,0,0,0,1,1,0.0,11,1,misclassifi
tough,1,0,1,1,0,0,0,0,0,0,0,0,0,0,0,1,1,0.0,5,1,tough
value,1,1,0,0,0,0,0,0,0,0,0,0,0,0,0,1,1,0.0,5,1,value
addition,1,0,0,0,0,0,0,0,0,0,0,0,0,0,0,1,1,0.0,8,1,addition
types,1,1,0,0,0,0,0,0,0,0,0,0,0,0,0,1,1,0.0,5,1,types
employs,1,0,0,0,0,0,0,0,0,0,0,0,0,0,0,1,1,0.0,7,1,employs
greedy,0,0,1,0,0,0,0,0,0,0,0,0,0,0,0,1,1,0.0,6,1,greedy
decision,1,0,0,0,0,0,0,0,0,0,0,0,0,0,0,1,1,0.0,8,1,decision
trees,1,1,0,0,0,0,0,0,0,0,0,0,0,0,0,1,1,0.0,5,1,trees
locally,0,0,0,1,0,0,0,0,0,0,0,0,0,0,0,1,1,0.0,7,1,locally
four,1,0,1,0,0,0,0,0,0,0,0,0,0,0,0,1,1,0.0,4,1,four
classifier,1,0,0,0,0,0,0,0,0,0,0,0,0,0,0,1,1,0.0,10,1,classifier
useful,0,0,1,0,0,0,0,0,0,0,0,0,0,0,0,1,1,0.0,6,1,useful
science,1,0,0,0,0,0,0,0,0,0,0,0,0,0,0,1,1,0.0,7,1,science
foundation,1,0,0,0,0,0,0,0,0,0,0,0,0,0,0,1,1,0.0,10,1,foundation
generate,0,1,0,0,0,0,0,0,0,0,0,0,0,0,0,1,1,0.0,8,1,generate
special,1,0,1,0,0,0,0,0,0,0,0,0,0,0,0,1,1,0.0,7,1,special
converse,1,1,1,0,0,0,0,0,0,0,0,0,0,0,0,1,1,0.0,8,1,converse
reason,1,1,0,0,0,0,0,0,0,0,0,0,0,0,0,1,1,0.0,6,1,reason
rip,1,1,0,0,0,0,0,0,0,0,0,0,0,0,0,1,1,0.0,3,1,rip
builds,1,1,0,0,0,0,0,0,0,0,0,0,0,0,0,1,1,0.0,6,1,builds
smallest,0,0,1,0,0,0,0,0,0,0,0,0,0,0,0,1,1,0.0,8,1,smallest
induce,0,1,0,0,0,0,0,0,0,0,0,0,0,0,0,1,1,0.0,6,1,induce
consistently,0,0,0,1,0,0,0,0,0,0,0,0,0,0,0,1,1,0.0,12,1,consistently
no,1,0,0,1,0,0,0,0,0,0,1,0,0,0,0,1,1,0.0,2,1,no
matter,1,0,0,0,0,0,0,0,0,0,0,0,0,0,0,1,1,0.0,6,1,matter
moreover,0,0,0,1,0,0,0,0,0,0,0,0,0,0,0,1,1,0.0,8,1,moreover
build,1,1,0,0,0,0,0,0,0,0,0,0,0,0,0,1,1,0.0,5,1,build
sifiers,0,0,0,0,0,0,0,0,0,0,0,0,0,0,0,1,1,0.0,7,1,sifiers
concentrates,1,1,0,0,0,0,0,0,0,0,0,0,0,0,0,1,1,0.0,12,1,concentrates
order,1,1,0,0,0,0,0,0,0,0,0,0,0,0,0,1,1,0.0,5,1,order
case,1,1,0,0,0,0,0,0,0,0,0,0,0,0,0,1,1,0.0,4,1,case
introduction,1,0,0,0,0,0,0,0,0,0,0,0,0,0,0,1,1,0.0,12,1,introduction
tasks,1,1,0,0,0,0,0,0,0,0,0,0,0,0,0,1,1,0.0,5,1,tasks
fraud,1,0,0,0,0,0,0,0,0,0,0,0,0,0,0,1,1,0.0,5,1,fraud
keywords,1,0,0,0,0,0,0,0,0,0,0,0,0,0,0,1,1,0.0,8,1,keywords
reveal,1,1,0,0,0,0,0,0,0,0,0,0,0,0,0,1,1,0.0,6,1,reveal
left,1,1,1,1,0,0,0,0,0,0,0,0,0,0,0,1,1,0.0,4,1,left
selected,0,0,1,0,0,0,0,0,0,0,0,0,0,0,0,1,1,0.0,8,1,selected
hierarchical,0,0,1,0,0,0,0,0,0,0,0,0,0,0,0,1,1,0.0,12,1,hierarchical
fier,0,0,0,0,0,0,0,0,0,0,0,0,0,0,0,1,1,0.0,4,1,fier
groups,1,1,0,0,0,0,0,0,0,0,0,0,0,0,0,1,1,0.0,6,1,groups
expert,1,0,1,0,0,0,0,0,0,0,0,0,0,0,0,1,1,0.0,6,1,expert
syst,0,0,0,0,0,0,0,0,0,0,0,0,0,0,0,1,1,0.0,4,1,syst
appl,0,0,0,0,0,0,0,0,0,0,0,0,0,0,0,1,1,0.0,4,1,appl
boutell,0,0,0,0,0,0,0,0,0,0,0,0,0,0,0,1,1,0.0,7,1,boutell
v,1,0,0,0,0,0,0,0,0,0,0,0,0,0,0,1,1,0.0,1,1,v
x,1,0,0,0,0,0,0,0,0,0,0,0,0,0,0,1,1,0.0,1,1,x
shen,0,0,0,0,0,0,0,0,0,0,0,0,0,0,0,1,1,0.0,4,1,shen
browm,0,0,0,0,0,0,0,0,0,0,0,0,0,0,0,1,1,0.0,5,1,browm
multilabel,0,0,0,0,0,0,0,0,0,0,0,0,0,0,0,1,1,0.0,10,1,multilabel
scene,1,0,0,0,0,0,0,0,0,0,0,0,0,0,0,1,1,0.0,5,1,scene
nit,1,0,0,0,0,0,0,0,0,0,0,0,0,0,0,1,1,0.0,3,1,nit
tsoumakas,0,0,0,0,0,0,0,0,0,0,0,0,0,0,0,1,1,0.0,9,1,tsoumakas
katakis,0,0,0,0,0,0,0,0,0,0,0,0,0,0,0,1,1,0.0,7,1,katakis
overview,1,0,0,0,0,0,0,0,0,0,0,0,0,0,0,1,1,0.0,8,1,overview
jo,1,0,0,0,0,0,0,0,0,0,0,0,0,0,0,1,1,0.0,2,1,jo
n,1,0,0,0,0,0,0,0,0,0,0,0,0,0,0,1,1,0.0,1,1,n
japkowicz,0,0,0,0,0,0,0,0,0,0,0,0,0,0,0,1,1,0.0,9,1,japkowicz
imbalances,0,0,0,0,0,0,0,0,0,0,0,0,0,0,0,1,1,0.0,10,1,imbalances
disjuncts,1,0,0,0,0,0,0,0,0,0,0,0,0,0,0,1,1,0.0,9,1,disjuncts
acm,0,0,0,0,0,0,0,0,0,0,0,0,0,0,0,1,1,0.0,3,1,acm
sigkdd,0,0,0,0,0,0,0,0,0,0,0,0,0,0,0,1,1,0.0,6,1,sigkdd
conclusion,1,0,0,0,0,0,0,0,0,0,0,0,0,0,0,1,1,0.0,10,1,conclusion
explorations,1,0,0,0,0,0,0,0,0,0,0,0,0,0,0,1,1,0.0,12,1,explorations
newsletter,1,0,0,0,0,0,0,0,0,0,0,0,0,0,0,1,1,0.0,10,1,newsletter
wu,1,0,0,0,0,0,0,0,0,0,0,0,0,0,0,1,1,0.0,2,1,wu
h,1,0,0,0,0,0,0,0,0,0,0,0,0,0,0,1,1,0.0,1,1,h
chen,1,0,0,0,0,0,0,0,0,0,0,0,0,0,0,1,1,0.0,4,1,chen
cog,1,1,0,0,0,0,0,0,0,0,0,0,0,0,0,1,1,0.0,3,1,cog
local,1,0,1,0,0,0,0,0,0,0,0,0,0,0,0,1,1,0.0,5,1,local
define,1,1,0,0,0,0,0,0,0,0,0,0,0,0,0,1,1,0.0,6,1,define
shown,0,1,0,0,0,0,0,0,0,0,0,0,0,0,0,1,1,0.0,5,1,shown
red,1,0,1,0,0,0,0,0,0,0,0,0,0,0,0,1,1,0.0,3,1,red
dotted,0,1,1,0,0,0,0,0,0,0,0,0,0,0,0,1,1,0.0,6,1,dotted
scription,0,0,0,0,0,0,0,0,0,0,0,0,0,0,0,1,1,0.0,9,1,scription
represented,0,1,1,0,0,0,0,0,0,0,0,0,0,0,0,1,1,0.0,11,1,represented
terms,1,1,0,0,0,0,0,0,0,0,0,0,0,0,0,1,1,0.0,5,1,terms
whose,0,0,0,0,0,0,0,0,0,0,0,0,0,1,1,1,1,0.0,5,1,whose
toughest,0,0,0,0,0,0,0,0,0,0,0,0,0,0,0,1,1,0.0,8,1,toughest
perva,0,0,0,0,0,0,0,0,0,0,0,0,0,0,0,1,1,0.0,5,1,perva
sive,0,0,0,0,0,0,0,0,0,0,0,0,0,0,0,1,1,0.0,4,1,sive
haitao,0,0,0,0,0,0,0,0,0,0,0,0,0,0,0,1,1,0.0,6,1,haitao
abstract,1,1,1,0,0,0,0,0,0,0,0,0,0,0,0,1,1,0.0,8,1,abstract
long,1,0,1,1,0,0,0,0,0,0,0,0,0,0,0,1,1,0.0,4,1,long
should,1,0,0,0,0,0,0,0,0,1,0,0,0,0,0,1,1,0.0,6,1,should
satisfy,0,1,0,0,0,0,0,0,0,0,0,0,0,0,0,1,1,0.0,7,1,satisfy
liu,0,0,0,0,0,0,0,0,0,0,0,0,0,0,0,1,1,0.0,3,1,liu
luo,1,0,0,0,0,0,0,0,0,0,0,0,0,0,0,1,1,0.0,3,1,luo
situation,1,0,0,0,0,0,0,0,0,0,0,0,0,0,0,1,1,0.0,9,1,situation
becomes,0,1,0,0,0,0,0,0,0,0,0,0,0,0,0,1,1,0.0,7,1,becomes
even,1,1,1,1,0,0,0,0,0,0,0,0,0,0,0,1,1,0.0,4,1,even
few,1,0,1,0,0,0,0,0,0,0,0,0,0,0,1,1,1,0.0,3,1,few
works,1,1,0,0,0,0,0,0,0,0,0,0,0,0,0,1,1,0.0,5,1,works
garded,0,0,0,0,0,0,0,0,0,0,0,0,0,0,0,1,1,0.0,6,1,garded
garc,0,0,0,0,0,0,0,0,0,0,0,0,0,0,0,1,1,0.0,4,1,garc
alejo,0,0,0,0,0,0,0,0,0,0,0,0,0,0,0,1,1,0.0,5,1,alejo
foun,0,0,0,0,0,0,0,0,0,0,0,0,0,0,0,1,1,0.0,4,1,foun
dation,1,0,0,0,0,0,0,0,0,0,0,0,0,0,0,1,1,0.0,6,1,dation
education,1,0,0,0,0,0,0,0,0,0,0,0,0,0,0,1,1,0.0,9,1,education
ministry,1,0,0,0,0,0,0,0,0,0,0,0,0,0,0,1,1,0.0,8,1,ministry
contract,1,1,0,0,0,0,0,0,0,0,0,0,0,0,0,1,1,0.0,8,1,contract
references,1,1,0,0,0,0,0,0,0,0,0,0,0,0,0,1,1,0.0,10,1,references
