mapped_id,word,sentence_id,location_in_sentence,bundle_id
0,#a,73,7,0
1,#e,73,6,0
2,(#a),72,14,4
3,(#e),72,10,3
4,(1),4,11,1
5,(1),33,0,0
6,(1),35,0,0
7,(2),4,22,4
8,(2),37,0,0
9,(3),4,41,8
10,(3),38,0,0
11,(4),39,0,0
12,(5),40,0,0
13,(d):,54,3,1
14,(k=5),84,25,6
15,(kkt),37,7,2
16,(m):,56,3,1
17,(nb,281,4,1
18,(nb,290,13,2
19,(o),106,31,8
20,(s):,63,3,1
21,(svdd),5,14,1
22,(svdd),18,13,1
23,(svdd),25,13,4
24,(with,84,27,6
25,+,29,21,2
26,+,31,3,0
27,0,37,18,2
28,0,40,22,5
29,0,118,1,0
30,0,119,1,0
31,0,120,1,0
32,0,121,1,0
33,0,122,1,0
34,0,123,1,0
35,0,124,2,0
36,0,125,1,0
37,0,126,1,0
38,0,127,1,0
39,0,128,1,0
40,0,129,1,0
41,0,130,3,0
42,0,131,1,0
43,0,132,1,0
44,0,133,1,0
45,0,134,1,0
46,0,135,1,0
47,0,136,2,0
48,0,137,1,0
49,0,138,1,0
50,0,139,1,0
51,0,140,1,0
52,0,141,1,0
53,0,142,2,0
54,0,143,1,0
55,0,144,1,0
56,0,145,1,0
57,0,146,1,0
58,0,147,1,0
59,0,149,1,0
60,0,150,1,0
61,0,151,1,0
62,0,152,1,0
63,0,153,1,0
64,0,154,1,0
65,0,155,2,0
66,0,156,1,0
67,0,157,1,0
68,0,158,1,0
69,0,159,1,0
70,0,160,1,0
71,0,161,3,0
72,0,162,1,0
73,0,163,1,0
74,0,164,1,0
75,0,165,1,0
76,0,166,1,0
77,0,167,2,0
78,0,168,1,0
79,0,169,1,0
80,0,170,1,0
81,0,171,1,0
82,0,172,1,0
83,0,173,2,0
84,0,174,1,0
85,0,175,1,0
86,0,176,1,0
87,0,177,1,0
88,0,178,1,0
89,0,180,1,0
90,0,181,1,0
91,0,182,1,0
92,0,183,1,0
93,0,184,1,0
94,0,185,1,0
95,0,186,2,0
96,0,187,1,0
97,0,188,1,0
98,0,189,1,0
99,0,190,1,0
100,0,191,1,0
101,0,192,3,0
102,0,193,1,0
103,0,194,1,0
104,0,195,1,0
105,0,196,1,0
106,0,197,1,0
107,0,198,2,0
108,0,199,1,0
109,0,200,1,0
110,0,201,1,0
111,0,202,1,0
112,0,203,1,0
113,0,204,2,0
114,0,205,1,0
115,0,206,1,0
116,0,207,1,0
117,0,208,1,0
118,0,209,1,0
119,0,211,1,0
120,0,212,1,0
121,0,213,1,0
122,0,214,1,0
123,0,215,1,0
124,0,216,1,0
125,0,217,2,0
126,0,218,1,0
127,0,219,1,0
128,0,220,1,0
129,0,221,1,0
130,0,222,1,0
131,0,223,3,0
132,0,224,1,0
133,0,225,1,0
134,0,226,1,0
135,0,227,1,0
136,0,228,1,0
137,0,229,2,0
138,0,230,1,0
139,0,231,1,0
140,0,232,1,0
141,0,233,1,0
142,0,234,1,0
143,0,235,2,0
144,0,236,1,0
145,0,237,1,0
146,0,238,1,0
147,0,239,1,0
148,0,240,1,0
149,0,242,1,0
150,0,243,1,0
151,0,244,1,0
152,0,245,1,0
153,0,246,1,0
154,0,247,1,0
155,0,248,2,0
156,0,249,1,0
157,0,250,1,0
158,0,251,1,0
159,0,252,1,0
160,0,253,1,0
161,0,254,3,0
162,0,255,1,0
163,0,256,1,0
164,0,257,1,0
165,0,258,1,0
166,0,259,1,0
167,0,260,2,0
168,0,261,1,0
169,0,262,1,0
170,0,263,1,0
171,0,264,1,0
172,0,265,1,0
173,0,266,2,0
174,0,267,1,0
175,0,268,1,0
176,0,269,1,0
177,0,270,1,0
178,0,271,1,0
179,0,292,6,2
180,0,293,1,0
181,0,294,1,0
182,0,295,1,0
183,1,5,15,1
184,1,9,22,2
185,1,20,11,3
186,1,24,0,0
187,1,31,9,0
188,1,36,28,8
189,1,36,36,9
190,1,43,0,0
191,1,71,1,0
192,1,87,0,0
193,1,88,1,0
194,1,110,10,2
195,1,317,1,0
196,1),117,14,3
197,10%,291,16,5
198,1000,75,3,0
199,1000,77,3,0
200,100191,0,22,4
201,11(2):53–65,321,1,0
202,12,75,5,0
203,1:,47,0,0
204,1:,78,2,0
205,1school,0,14,3
206,2,9,35,5
207,2,22,0,0
208,2,23,1,0
209,2,48,0,0
210,2,49,0,0
211,2,93,1,0
212,2,105,0,0
213,2,106,1,0
214,2,110,0,0
215,2,110,13,2
216,2,293,0,0
217,2,322,0,0
218,2%,75,0,0
219,2),117,17,3
220,20,74,5,0
221,20%,97,18,4
222,20%,98,13,4
223,20(2):1384–5810,382,1,0
224,2004,346,3,0
225,2004,363,1,0
226,2004,376,5,0
227,2005,341,5,1
228,2006,332,4,1
229,2007,371,1,0
230,2008,321,2,0
231,2008,353,1,0
232,200800060005,314,0,0
233,20091102120014,314,1,0
234,2010,17,12,0
235,2010,50,24,10
236,2010,86,2,1
237,2010,117,2,1
238,2010,298,7,2
239,2010,315,2,1
240,2010,382,2,0
241,2010,383,2,1
242,208,74,3,0
243,24,77,4,0
244,2:,272,2,0
245,2:,299,0,0
246,3,12,0,0
247,3,67,0,0
248,3,86,10,3
249,3,104,0,0
250,3,288,0,0
251,3,289,0,0
252,3,290,1,0
253,3,298,0,0
254,3,333,0,0
255,3%,74,0,0
256,3(3):1–13,371,0,0
257,312–321,341,4,1
258,34,73,13,1
259,34(1):673–682,353,0,0
260,351,73,12,1
261,37(9):1757–1771,363,0,0
262,371–378,332,3,1
263,396,256,0,0
264,3:,316,0,0
265,4,18,14,1
266,4,25,32,9
267,4,294,0,0
268,4,306,0,0
269,4,342,0,0
270,407,128,0,0
271,409,255,0,0
272,41,73,14,1
273,423,257,0,0
274,469,244,0,0
275,479,159,0,0
276,483,267,0,0
277,491,17,8,0
278,492,50,22,9
279,493,86,0,0
280,494,117,0,0
281,495,298,5,1
282,496,315,0,0
283,497,383,0,0
284,5,20,12,3
285,5,77,5,0
286,5,85,0,0
287,5,118,0,0
288,5,149,0,0
289,5,180,0,0
290,5,211,0,0
291,5,242,0,0
292,5,275,0,0
293,5,278,0,0
294,5,280,0,0
295,5,347,0,0
296,512,178,0,0
297,514,261,0,0
298,514,262,0,0
299,521,269,0,0
300,523,243,0,0
301,536,268,0,0
302,537,245,0,0
303,54(1):45–66,346,2,0
304,541,263,0,0
305,548,249,0,0
306,551,197,0,0
307,553,250,0,0
308,557,251,0,0
309,559,154,0,0
310,560,157,0,0
311,569,165,0,0
312,576,177,0,0
313,582,151,0,0
314,593,153,0,0
315,6,20,18,3
316,6,295,0,0
317,6,354,0,0
318,6%,76,0,0
319,6(1):40–49,376,4,0
320,60,74,4,0
321,60,75,4,0
322,600,225,0,0
323,604,213,0,0
324,606,214,0,0
325,607,125,0,0
326,608,224,0,0
327,611,226,0,0
328,612,140,0,0
329,613,175,0,0
330,615,163,0,0
331,617,231,0,0
332,620,150,0,0
333,620,219,0,0
334,622,212,0,0
335,623,166,0,0
336,623,218,0,0
337,625,220,0,0
338,625,237,0,0
339,629,137,0,0
340,629,230,0,0
341,629,232,0,0
342,631,238,0,0
343,632,236,0,0
344,640,179,0,0
345,642,162,0,0
346,645,167,0,0
347,651,164,0,0
348,652,152,0,0
349,663,161,0,0
350,663,169,0,0
351,665,171,0,0
352,668,132,0,0
353,673,160,0,0
354,676,170,0,0
355,678,174,0,0
356,678,176,0,0
357,689,156,0,0
358,689,172,0,0
359,699,168,0,0
360,7,20,19,3
361,7,76,5,0
362,7,364,0,0
363,7%,78,0,0
364,701,155,0,0
365,70901002,313,0,0
366,715,158,0,0
367,719,173,0,0
368,722,131,0,0
369,723,196,0,0
370,726,194,0,0
371,726,198,0,0
372,728,143,0,0
373,730,146,0,0
374,760,138,0,0
375,766,119,0,0
376,768,76,3,0
377,775,193,0,0
378,783,201,0,0
379,784,195,0,0
380,786,139,0,0
381,787,199,0,0
382,788,122,0,0
383,790,200,0,0
384,794,204,0,0
385,795,217,0,0
386,795,247,0,0
387,796,228,0,0
388,797,134,0,0
389,797,216,0,0
390,797,258,0,0
391,798,259,0,0
392,8,21,26,7
393,8,76,4,0
394,8,296,0,0
395,8,372,0,0
396,801,260,0,0
397,802,240,0,0
398,803,202,0,0
399,804,203,0,0
400,804,215,0,0
401,805,133,0,0
402,807,227,0,0
403,808,253,0,0
404,809,120,0,0
405,809,144,0,0
406,809,229,0,0
407,816,239,0,0
408,816,241,0,0
409,817,222,0,0
410,821,187,0,0
411,822,248,0,0
412,823,270,0,0
413,8236,221,0,0
414,824,234,0,0
415,826,188,0,0
416,828,246,0,0
417,829,189,0,0
418,829,271,0,0
419,830,254,0,0
420,830,272,0,0
421,831,191,0,0
422,832,223,0,0
423,832,233,0,0
424,832,235,0,0
425,832,266,0,0
426,833,190,0,0
427,835,252,0,0
428,836,264,0,0
429,836,265,0,0
430,837,192,0,0
431,848,145,0,0
432,849,126,0,0
433,861,127,0,0
434,863,121,0,0
435,873,135,0,0
436,878,206,0,0
437,880,209,0,0
438,892,147,0,0
439,897,141,0,0
440,9,21,27,7
441,9,377,0,0
442,9%,77,0,0
443,902,123,0,0
444,905,142,0,0
445,909,129,0,0
446,90924020,313,1,0
447,910,136,0,0
448,914,130,0,0
449,918,148,0,0
450,925,124,0,0
451,926,182,0,0
452,928,183,0,0
453,929,185,0,0
454,930,186,0,0
455,936,181,0,0
456,936,205,0,0
457,939,184,0,0
458,939,208,0,0
459,941,207,0,0
460,943,210,0,0
461,<,37,14,2
462,<,38,5,0
463,<,38,7,0
464,<,40,23,5
465,<,40,25,5
466,=,29,19,2
467,=,31,8,0
468,=,36,27,8
469,=,36,30,9
470,=,36,35,9
471,=,37,17,2
472,=,38,2,0
473,=,39,6,0
474,>,39,3,0
475,\x0f,29,24,2
476,a,0,5,3
477,a,2,5,3
478,a,9,29,4
479,a,12,3,1
480,a,12,7,2
481,a,13,10,3
482,a,15,2,2
483,a,15,10,4
484,a,15,15,6
485,a,25,17,6
486,a,28,25,10
487,a,29,2,1
488,a,36,17,8
489,a,36,29,9
490,a,51,9,5
491,a,56,14,5
492,a,83,3,2
493,a,88,7,3
494,a,278,3,1
495,a,278,14,4
496,a,282,3,1
497,a,307,6,3
498,a,310,41,8
499,a,329,0,1
500,a,340,9,4
501,above,40,3,2
502,above,88,10,4
503,abstract,0,24,4
504,according,37,1,0
505,acknowledgements,312,0,0
506,acm,376,0,0
507,added,57,12,4
508,addition,116,1,1
509,additional,96,9,3
510,addressing,1,22,5
511,adds,60,8,3
512,adopt,83,2,1
513,affect,69,11,2
514,affect,81,20,5
515,affect,107,11,2
516,affect,116,8,2
517,after,58,0,0
518,after,91,0,0
519,after,94,2,1
520,aims,16,5,2
521,al,11,2,0
522,alejo,324,0,0
523,algorithm,18,7,1
524,algorithm,278,1,0
525,algorithm,278,18,4
526,algorithms,84,17,5
527,all,25,26,7
528,all,112,5,1
529,almost,97,23,5
530,almost,112,23,4
531,also,8,1,0
532,also,106,15,3
533,also,116,3,1
534,also,283,2,0
535,although,20,21,3
536,always,95,19,5
537,among,4,18,3
538,among,102,21,6
539,an,113,0,1
540,an,340,6,2
541,an,367,2,1
542,anal,320,11,4
543,analysis,340,7,2
544,analysis,381,6,1
545,and,0,17,4
546,and,2,15,6
547,and,3,4,0
548,and,6,15,2
549,and,8,21,5
550,and,9,23,2
551,and,10,3,0
552,and,14,10,2
553,and,15,25,8
554,and,19,11,1
555,and,20,13,3
556,and,21,14,4
557,and,21,19,5
558,and,28,27,10
559,and,29,6,1
560,and,33,13,4
561,and,33,18,6
562,and,36,18,8
563,and,44,2,0
564,and,51,12,5
565,and,53,5,2
566,and,53,21,5
567,and,54,13,5
568,and,60,12,3
569,and,63,12,4
570,and,65,12,5
571,and,68,19,6
572,and,70,12,3
573,and,72,15,4
574,and,80,7,1
575,and,81,16,5
576,and,85,1,0
577,and,90,13,2
578,and,91,12,2
579,and,93,9,3
580,and,94,17,6
581,and,97,10,2
582,and,99,23,7
583,and,102,12,4
584,and,103,20,5
585,and,108,2,0
586,and,110,3,1
587,and,110,11,2
588,and,110,22,5
589,and,112,8,1
590,and,113,17,5
591,and,113,22,5
592,and,115,0,0
593,and,272,8,1
594,and,275,1,0
595,and,276,3,0
596,and,281,8,1
597,and,283,20,3
598,and,284,11,4
599,and,285,13,3
600,and,290,16,2
601,and,291,19,5
602,and,299,5,2
603,and,302,19,3
604,and,304,3,1
605,and,309,7,2
606,and,310,21,3
607,and,310,38,7
608,and,313,2,0
609,and,316,9,4
610,and,328,1,0
611,and,331,5,1
612,and,337,0,0
613,and,343,1,0
614,and,358,1,0
615,and,365,1,0
616,and,373,1,0
617,and,379,1,0
618,andr,29,3,1
619,another,97,0,0
620,appl,352,0,0
621,arately,63,18,5
622,arating,103,7,3
623,arating,110,21,5
624,are,3,11,1
625,are,4,27,5
626,are,7,3,1
627,are,44,6,0
628,are,70,22,4
629,are,73,1,0
630,are,89,8,3
631,are,94,8,3
632,are,95,18,5
633,are,103,9,3
634,are,108,8,2
635,are,111,6,2
636,are,115,10,1
637,are,275,3,0
638,are,276,5,0
639,are,284,2,1
640,are,287,7,2
641,are,301,20,5
642,are,301,33,7
643,aries,9,14,1
644,artificially,12,10,3
645,artificially,14,7,2
646,as,0,33,5
647,as,4,42,8
648,as,6,7,1
649,as,9,20,2
650,as,17,6,0
651,as,42,10,2
652,as,45,10,2
653,as,56,13,4
654,as,62,5,0
655,as,95,0,0
656,as,99,0,0
657,as,108,11,3
658,as,112,27,5
659,as,113,5,1
660,as,283,0,0
661,as,301,0,0
662,as,303,0,0
663,as,305,2,1
664,as,310,19,3
665,as,311,11,2
666,ascending,111,14,6
667,ated,82,10,2
668,atic,15,17,6
669,atively,18,16,1
670,atlantis,17,10,0
671,attributes,72,13,4
672,based,4,25,5
673,based,4,33,6
674,based,275,5,0
675,based,276,7,0
676,based,287,4,2
677,based,287,13,3
678,based,290,11,2
679,based,310,16,3
680,based,310,30,4
681,based,331,10,2
682,basic,14,16,5
683,batista,335,1,0
684,be,27,1,0
685,be,42,3,0
686,be,45,8,2
687,be,50,36,13
688,be,51,16,6
689,be,55,4,0
690,be,59,4,0
691,be,61,4,0
692,be,62,10,0
693,be,66,4,0
694,be,90,5,0
695,be,91,17,2
696,be,92,6,1
697,be,95,2,0
698,be,96,2,1
699,be,101,12,3
700,be,103,15,4
701,be,114,10,2
702,be,115,1,0
703,be,273,3,0
704,be,283,3,0
705,be,286,8,2
706,be,301,2,0
707,because,100,2,1
708,become,8,11,2
709,become,96,18,6
710,becomes,1,11,2
711,been,0,30,5
712,been,10,12,2
713,behavior,340,12,4
714,beihang,0,19,4
715,beijing,0,21,4
716,bels,20,31,6
717,best,4,17,3
718,best,21,9,3
719,best,81,10,4
720,best,94,24,9
721,best,102,20,6
722,best,106,13,3
723,best,309,15,4
724,better,97,24,5
725,better,99,16,5
726,better,112,16,3
727,better,283,11,1
728,better,302,6,1
729,better,310,43,8
730,between,21,7,2
731,between,28,24,9
732,between,113,14,4
733,binary,70,7,2
734,binary,88,12,4
735,binary,93,14,4
736,binary,95,15,5
737,binative,82,17,4
738,blue,44,3,0
739,bold,94,21,8
740,borrowed,20,5,1
741,both,45,4,2
742,both,84,5,2
743,both,92,3,1
744,both,95,12,4
745,bound,9,13,1
746,boundaries,44,8,1
747,boundaries,47,1,0
748,boundary,41,4,1
749,boundary,51,15,6
750,boundary,52,14,6
751,boutell,356,0,0
752,bring,101,15,4
753,broad,99,28,8
754,browm,360,0,0
755,build,285,16,3
756,builds,285,6,1
757,business,50,29,11
758,business,86,7,2
759,business,117,7,2
760,business,298,12,3
761,business,315,7,2
762,business,383,7,2
763,but,282,0,0
764,but,286,0,0
765,by,20,27,5
766,by,47,3,1
767,by,52,9,5
768,by,55,10,3
769,by,66,11,3
770,by,70,20,4
771,by,82,11,3
772,by,89,10,4
773,by,111,8,3
774,by,272,5,1
775,by,310,0,1
776,by,312,5,2
777,c,29,22,2
778,c,33,4,1
779,c,38,8,0
780,c,39,7,0
781,c,40,26,5
782,c,317,2,0
783,c,334,0,0
784,c,338,0,0
785,c,358,2,0
786,c4,84,30,6
787,c4,117,26,4
788,c4,148,2,0
789,c4,179,2,0
790,c4,210,2,0
791,c4,241,2,0
792,c4,274,0,0
793,c4,277,1,1
794,c4,279,15,5
795,cai,341,2,1
796,cal,92,7,1
797,calculated,70,19,3
798,called,7,4,1
799,called,8,5,1
800,called,106,27,7
801,can,15,23,8
802,can,42,2,0
803,can,45,7,2
804,can,50,35,13
805,can,59,3,0
806,can,64,1,0
807,can,90,4,0
808,can,95,1,0
809,can,114,8,2
810,can,115,25,4
811,can,273,2,0
812,can,279,10,4
813,can,283,1,0
814,can,301,1,0
815,capture,18,18,2
816,case,6,23,3
817,cation,9,8,1
818,cation,81,22,5
819,cation,278,12,3
820,cause,8,2,0
821,cause,96,3,1
822,cause,115,2,0
823,center,28,26,10
824,center,29,5,1
825,centrates,82,4,1
826,character,6,16,2
827,characteristics,6,33,4
828,characteristics,78,3,0
829,chen,380,0,0
830,china,0,23,4
831,china,312,13,4
832,china,313,12,3
833,clas,62,3,0
834,clas,84,15,5
835,clas,287,5,2
836,class,0,2,1
837,class,0,25,4
838,class,1,5,1
839,class,2,10,5
840,class,2,21,9
841,class,3,8,1
842,class,4,37,8
843,class,4,47,11
844,class,5,5,0
845,class,5,8,1
846,class,9,12,1
847,class,10,16,4
848,class,13,6,2
849,class,13,14,4
850,class,14,22,8
851,class,18,5,1
852,class,19,23,6
853,class,21,24,7
854,class,50,4,2
855,class,50,21,9
856,class,51,11,5
857,class,53,12,3
858,class,53,26,6
859,class,56,16,5
860,class,57,11,4
861,class,60,11,3
862,class,62,20,3
863,class,68,15,6
864,class,68,24,8
865,class,69,7,1
866,class,80,14,3
867,class,88,18,5
868,class,91,5,1
869,class,96,10,3
870,class,106,8,2
871,class,106,23,6
872,class,107,17,5
873,class,110,9,2
874,class,110,12,2
875,class,115,20,3
876,class,279,6,3
877,class,281,14,3
878,class,285,12,3
879,class,285,21,5
880,class,286,3,1
881,class,286,12,3
882,class,287,17,5
883,class,291,25,7
884,class,302,14,3
885,class,303,9,5
886,class,305,10,5
887,class,307,19,6
888,class,309,20,6
889,class,310,34,6
890,class,311,5,2
891,class,316,4,2
892,class,331,3,1
893,class,331,6,1
894,class,340,0,0
895,class,340,3,0
896,class,350,6,2
897,class,375,0,0
898,class,381,5,1
899,classes,6,29,4
900,classes,44,12,3
901,classes,51,7,3
902,classes,51,20,7
903,classes,52,8,4
904,classes,84,6,2
905,classes,92,4,1
906,classes,95,13,4
907,classes,100,16,4
908,classes,320,8,3
909,classi,310,9,2
910,classi,350,1,0
911,classifi,81,21,5
912,classifi,278,11,3
913,classifica,20,16,3
914,classifica,278,16,4
915,classification,0,0,0
916,classification,0,42,8
917,classification,4,58,14
918,classification,6,4,1
919,classification,18,6,1
920,classification,52,13,6
921,classification,96,17,6
922,classification,272,3,0
923,classification,281,21,5
924,classification,298,3,1
925,classification,305,20,8
926,classification,311,27,9
927,classification,320,4,1
928,classification,331,11,2
929,classification,361,3,0
930,classification:,367,1,0
931,classification;,5,4,0
932,classifier,281,3,1
933,classifiers,3,3,0
934,classifiers,4,26,5
935,classifiers,14,17,5
936,classifiers,21,17,4
937,classifiers,80,10,1
938,classifiers,91,15,2
939,classifiers,93,11,3
940,classifiers,108,3,0
941,classifiers,112,9,1
942,classifiers,116,7,2
943,classifiers,272,10,1
944,classifiers,273,1,0
945,classifiers,275,6,0
946,classifiers,276,8,0
947,classifiers,290,12,2
948,classifiers,310,17,3
949,close,45,16,4
950,close,98,20,6
951,cog:,381,0,0
952,collection,88,8,3
953,com,82,16,4
954,combinative,1,24,6
955,combined,1,3,0
956,combined,311,2,0
957,combined,331,0,0
958,communities,8,24,5
959,compara,310,2,1
960,comparative,3,15,3
961,comparative,53,32,9
962,compare,84,10,3
963,compared,106,16,3
964,compares,81,4,1
965,comparing,110,16,3
966,comparison,70,3,2
967,comparison,92,10,2
968,complicated,1,14,2
969,complicated,96,20,6
970,con,25,24,7
971,con,82,3,1
972,concentrates,290,7,1
973,conclusion,307,0,0
974,condi,69,18,5
975,conditions,37,9,2
976,conducting,15,14,5
977,conference,50,26,10
978,conference,86,4,1
979,conference,117,4,1
980,conference,298,9,2
981,conference,315,4,1
982,conference,383,4,1
983,consistently,301,21,5
984,constrains,33,25,7
985,constraint,28,20,8
986,continues,58,4,1
987,contract,313,14,4
988,contributions,17,5,0
989,converse,284,3,1
990,corporates,33,23,7
991,correlation,13,12,3
992,costing,103,22,5
993,cre,18,15,1
994,creases,113,11,3
995,creasing,88,17,5
996,critical,15,11,4
997,cross,83,6,2
998,crucial,16,9,4
999,culated,92,8,1
1000,cuses,50,15,6
1001,d,117,18,3
1002,d,117,21,3
1003,d,342,1,0
1004,dashed,44,4,0
1005,data,4,7,1
1006,data,5,2,0
1007,data,5,12,1
1008,data,8,22,5
1009,data,15,34,11
1010,data,18,11,1
1011,data,18,27,5
1012,data,19,17,3
1013,data,25,11,4
1014,data,25,31,9
1015,data,27,5,1
1016,data,28,28,10
1017,data,41,7,2
1018,data,45,1,1
1019,data,45,14,4
1020,data,54,8,3
1021,data,54,17,7
1022,data,55,2,0
1023,data,56,8,3
1024,data,57,7,3
1025,data,58,9,4
1026,data,60,6,3
1027,data,60,20,7
1028,data,61,2,0
1029,data,63,8,3
1030,data,65,6,3
1031,data,65,20,9
1032,data,66,2,0
1033,data,66,16,4
1034,data,70,8,2
1035,data,71,4,1
1036,data,72,2,1
1037,data,73,3,0
1038,data,78,5,1
1039,data,80,19,5
1040,data,82,7,2
1041,data,88,13,4
1042,data,89,2,1
1043,data,90,2,0
1044,data,93,15,4
1045,data,94,6,3
1046,data,94,15,6
1047,data,95,16,5
1048,data,96,13,5
1049,data,97,6,1
1050,data,98,5,2
1051,data,100,5,2
1052,data,102,16,5
1053,data,103,1,1
1054,data,108,0,0
1055,data,111,0,0
1056,data,112,6,1
1057,data,115,12,1
1058,data,117,10,3
1059,data,283,13,2
1060,data,283,25,5
1061,data,290,20,3
1062,data,291,5,2
1063,data,291,8,3
1064,data,301,5,1
1065,data,308,12,4
1066,data,345,2,0
1067,data,370,0,0
1068,datasets,12,12,3
1069,datasets,14,9,2
1070,dation,313,7,1
1071,de,40,7,3
1072,de,88,16,5
1073,de,107,4,1
1074,de,305,7,4
1075,deal,80,12,2
1076,dealing,6,2,0
1077,dealing,50,2,1
1078,dealing,50,19,8
1079,dealing,69,5,0
1080,dealing,106,21,5
1081,dealing,279,4,2
1082,dealing,281,12,2
1083,deals,106,6,1
1084,decision,278,8,2
1085,decomposition,381,2,0
1086,dedicated,10,13,2
1087,deed,9,1,1
1088,define,41,2,0
1089,degree,13,4,1
1090,degree,311,16,5
1091,denote,29,4,1
1092,der,28,2,1
1093,der,111,16,6
1094,derivative,36,8,3
1095,described,47,2,0
1096,described,91,8,1
1097,description,5,13,1
1098,description,18,12,1
1099,description,25,12,4
1100,description,345,3,0
1101,detection,6,9,1
1102,detection,6,14,2
1103,determine,62,17,3
1104,determined,66,10,2
1105,devel,12,1,0
1106,di,50,37,13
1107,di,73,2,0
1108,diabetes,76,1,0
1109,diabetes,210,1,0
1110,diabetes,283,15,2
1111,different,6,28,4
1112,different,53,9,2
1113,different,70,15,3
1114,different,80,5,1
1115,different,80,22,6
1116,difficultly,114,9,2
1117,difficulty,10,4,0
1118,discard,53,17,4
1119,discard,99,19,6
1120,discarded,101,13,3
1121,discarding,19,9,1
1122,discarding,54,1,1
1123,discarding,97,27,6
1124,discarding,98,23,8
1125,discriminative,320,1,0
1126,disjuncts,375,4,0
1127,distance,4,24,5
1128,distance,28,23,9
1129,distance,276,6,0
1130,distance,287,3,2
1131,distance,290,10,2
1132,distance,310,15,3
1133,distinct,80,9,1
1134,distinct,84,19,6
1135,distinct,91,14,2
1136,dius,28,15,5
1137,divided,90,6,0
1138,divided,103,10,3
1139,divided,273,4,0
1140,dmkd,382,0,0
1141,document,320,10,4
1142,domain,25,20,6
1143,domain,28,6,3
1144,domain,40,6,3
1145,dotted,44,1,0
1146,dropped,45,2,1
1147,duced,35,6,2
1148,duin,344,0,0
1149,e,50,28,11
1150,e,86,6,2
1151,e,117,6,2
1152,e,298,11,3
1153,e,315,6,2
1154,e,336,0,0
1155,e,383,6,2
1156,each,45,22,7
1157,each,55,0,0
1158,each,61,0,0
1159,each,66,0,0
1160,each,72,1,1
1161,each,89,1,1
1162,each,90,1,0
1163,each,94,14,6
1164,each,100,14,4
1165,economics,0,16,4
1166,education,313,9,2
1167,ef,1,25,6
1168,effect,82,18,4
1169,effect,316,2,1
1170,effectiveness,14,14,4
1171,effects,331,1,0
1172,efforts,10,10,2
1173,eling,107,19,5
1174,employed,3,12,1
1175,employed,308,3,0
1176,employs,278,2,0
1177,enjoyed,310,40,7
1178,eq,34,3,2
1179,erature,1,21,5
1180,error,33,17,6
1181,est,8,16,4
1182,et,11,1,0
1183,eval,53,6,2
1184,even,1,12,2
1185,examples,72,9,3
1186,except,113,25,5
1187,experi,81,14,5
1188,experiment,88,0,0
1189,experiment,88,4,1
1190,experiment,106,0,0
1191,experiment,107,2,1
1192,experiment,108,7,2
1193,experiment,108,15,5
1194,experiment,290,0,0
1195,experiment,290,4,0
1196,experiment,290,6,1
1197,experimental,4,1,0
1198,experimental,68,0,0
1199,experiments,73,0,0
1200,experiments,83,1,1
1201,expert,351,0,0
1202,explorations,376,2,0
1203,extensive,4,0,0
1204,f,84,0,0
1205,f,92,0,0
1206,f,95,4,0
1207,f,101,17,4
1208,f,110,6,1
1209,f,113,29,7
1210,f,114,6,2
1211,f,117,12,3
1212,f,117,15,3
1213,f,301,13,3
1214,f1,110,2,1
1215,f2,110,4,1
1216,fea,9,30,4
1217,feature,7,18,7
1218,feature,52,17,8
1219,fect,1,26,6
1220,few,1,16,3
1221,fier,350,2,0
1222,fiers,310,10,2
1223,fig,42,13,3
1224,fig,46,0,0
1225,fig,109,0,0
1226,fig,297,0,0
1227,fig,298,15,4
1228,fig,315,10,3
1229,fill,16,7,3
1230,finally,21,0,0
1231,finally,311,0,0
1232,find,9,28,3
1233,find,15,24,8
1234,find,25,16,5
1235,find,28,4,2
1236,find,42,6,1
1237,find,82,15,4
1238,find,107,7,2
1239,find,308,5,1
1240,finding,25,2,1
1241,finds,81,17,5
1242,fining,52,11,5
1243,first,18,0,0
1244,first,61,9,2
1245,first,80,1,1
1246,first,81,13,5
1247,first,88,3,1
1248,first,285,8,1
1249,first,308,2,0
1250,firstly,61,5,0
1251,five,3,0,0
1252,five,21,15,4
1253,five,70,4,2
1254,five,80,8,1
1255,five,84,14,5
1256,five,88,11,4
1257,five,91,13,2
1258,five,93,10,3
1259,five,93,13,4
1260,five,272,9,1
1261,five,273,0,0
1262,five,310,6,2
1263,fo,50,14,6
1264,focus,14,11,2
1265,focus,57,3,1
1266,fol,17,7,0
1267,fold,83,5,2
1268,following,29,10,2
1269,following,290,2,0
1270,for,3,13,2
1271,for,4,63,16
1272,for,7,8,3
1273,for,9,33,5
1274,for,15,30,10
1275,for,25,1,1
1276,for,36,0,1
1277,for,50,1,1
1278,for,50,18,8
1279,for,53,30,8
1280,for,72,0,1
1281,for,80,18,5
1282,for,89,0,1
1283,for,92,9,2
1284,for,95,10,3
1285,for,97,4,1
1286,for,98,1,1
1287,for,103,17,5
1288,for,110,8,2
1289,for,112,4,1
1290,for,113,26,6
1291,for,114,3,2
1292,for,278,10,3
1293,for,279,3,2
1294,for,281,0,1
1295,for,281,11,2
1296,for,281,20,5
1297,for,285,9,2
1298,for,285,18,4
1299,for,290,18,3
1300,for,303,14,7
1301,for,304,1,1
1302,for,305,25,10
1303,for,307,17,6
1304,for,309,17,5
1305,for,311,32,11
1306,for,320,3,1
1307,for,381,3,1
1308,forma,100,11,3
1309,forma,101,9,3
1310,formance,303,12,6
1311,formance,310,45,8
1312,formance,311,29,9
1313,forms,99,14,5
1314,foun,313,6,1
1315,found,9,5,1
1316,found,20,23,3
1317,found,309,1,0
1318,found,310,12,2
1319,found,311,9,2
1320,foundation,312,11,3
1321,four,281,2,1
1322,fraud,6,8,1
1323,from,6,27,4
1324,from,15,1,1
1325,from,20,6,2
1326,from,40,1,1
1327,from,56,9,4
1328,from,70,10,3
1329,from,111,2,1
1330,function,29,11,2
1331,function,36,4,2
1332,further,310,1,1
1333,g,21,12,4
1334,g,53,19,5
1335,g,99,21,7
1336,g,112,13,3
1337,g,115,23,4
1338,g,335,2,0
1339,g,364,1,0
1340,g,370,3,1
1341,gain,68,10,4
1342,gained,89,9,3
1343,gap,99,26,8
1344,gap,113,13,4
1345,gap,303,13,6
1346,gap,304,9,2
1347,garcía,323,0,0
1348,garded,0,32,5
1349,gener,82,9,2
1350,generate,291,3,2
1351,generated,12,11,3
1352,generated,14,8,2
1353,german,77,1,0
1354,german,241,1,0
1355,get,64,2,0
1356,gion,65,11,5
1357,gions,18,23,4
1358,gions,66,24,6
1359,gions,308,9,2
1360,given,10,0,0
1361,given,20,29,6
1362,given,27,3,1
1363,gives,33,5,1
1364,goal,68,4,1
1365,good,103,16,4
1366,got,59,5,0
1367,grant,312,15,5
1368,great,10,8,2
1369,gree,305,8,4
1370,greedy,278,4,1
1371,groups,350,7,2
1372,h,378,1,0
1373,had,13,9,2
1374,haitao,0,8,3
1375,handle,15,26,8
1376,handle,53,25,6
1377,handling,307,18,6
1378,handwriting,20,8,3
1379,hard,9,26,2
1380,hardly,115,26,4
1381,hardly,279,11,4
1382,has,0,28,5
1383,has,8,10,2
1384,has,112,22,4
1385,have,6,30,4
1386,have,9,4,1
1387,have,10,11,2
1388,have,17,2,0
1389,have,70,14,3
1390,have,301,7,1
1391,have:,37,11,2
1392,here,106,32,8
1393,hierarchical,350,0,0
1394,high,101,6,2
1395,high,113,28,7
1396,high,114,5,2
1397,high,301,8,1
1398,high,302,26,5
1399,higher,4,54,12
1400,higher,95,20,5
1401,higher,301,22,5
1402,higher,305,16,6
1403,higher,311,23,7
1404,how,69,3,0
1405,how,116,5,1
1406,however,14,3,1
1407,however,304,0,0
1408,i,31,7,0
1409,i,347,1,0
1410,i,365,2,0
1411,i=1,26,1,0
1412,i=1,29,25,2
1413,i=1,36,25,8
1414,i=1,36,32,9
1415,ideal,332,1,1
1416,if,62,0,0
1417,if,66,13,3
1418,if,101,0,0
1419,ignore,51,13,5
1420,ignores,54,6,2
1421,ignoring,100,3,1
1422,ijoc,321,0,0
1423,imbalance,1,6,1
1424,imbalance,2,22,9
1425,imbalance,4,48,11
1426,imbalance,5,9,1
1427,imbalance,13,15,4
1428,imbalance,21,25,7
1429,imbalance,68,25,8
1430,imbalance,82,6,2
1431,imbalance,290,19,3
1432,imbalance,291,4,2
1433,imbalance,305,11,5
1434,imbalance,311,6,2
1435,imbalance,311,18,6
1436,imbalance,316,5,2
1437,imbalance,331,4,1
1438,imbalance,340,1,0
1439,imbalances,375,1,0
1440,impact,21,22,6
1441,importance,10,2,0
1442,important,100,9,2
1443,improve,115,27,4
1444,improved,114,11,2
1445,improvements,4,55,12
1446,improvements,305,17,6
1447,improvements,311,24,7
1448,in,0,41,8
1449,in,1,18,4
1450,in,2,0,1
1451,in,2,17,7
1452,in,4,60,15
1453,in,6,11,2
1454,in,7,12,4
1455,in,7,16,6
1456,in,8,18,5
1457,in,9,0,1
1458,in,10,5,1
1459,in,14,18,6
1460,in,15,13,5
1461,in,16,2,1
1462,in,18,24,5
1463,in,21,4,2
1464,in,21,11,4
1465,in,28,0,1
1466,in,33,22,7
1467,in,35,4,2
1468,in,40,11,4
1469,in,42,12,3
1470,in,45,3,2
1471,in,50,30,12
1472,in,52,15,7
1473,in,53,0,1
1474,in,53,18,5
1475,in,54,9,4
1476,in,54,18,8
1477,in,58,10,5
1478,in,60,21,8
1479,in,63,9,4
1480,in,65,7,4
1481,in,65,21,10
1482,in,68,12,5
1483,in,68,21,7
1484,in,69,16,5
1485,in,73,9,1
1486,in,81,12,5
1487,in,86,8,3
1488,in,91,9,2
1489,in,94,20,8
1490,in,95,14,5
1491,in,96,7,3
1492,in,97,8,2
1493,in,99,20,7
1494,in,100,10,3
1495,in,101,8,3
1496,in,103,4,2
1497,in,108,5,1
1498,in,108,13,5
1499,in,110,1,1
1500,in,111,13,6
1501,in,112,12,3
1502,in,113,10,3
1503,in,115,22,4
1504,in,116,0,1
1505,in,117,8,3
1506,in,117,24,4
1507,in,279,14,5
1508,in,286,4,2
1509,in,286,13,4
1510,in,287,0,1
1511,in,291,0,1
1512,in,298,13,4
1513,in,305,0,1
1514,in,305,22,9
1515,in,307,1,1
1516,in,308,10,3
1517,in,311,30,10
1518,in,315,8,3
1519,in,320,9,4
1520,in,332,0,1
1521,in,341,0,1
1522,in,368,0,1
1523,in,370,2,1
1524,in,383,8,3
1525,increase,4,44,9
1526,increase,99,2,1
1527,increase,303,2,1
1528,increase,305,4,2
1529,increase,311,13,3
1530,indicate,94,22,8
1531,induce,278,7,2
1532,instance,331,9,2
1533,international,50,25,10
1534,international,86,3,1
1535,international,117,3,1
1536,international,298,8,2
1537,international,315,3,1
1538,international,383,3,1
1539,into,50,39,14
1540,into,51,8,4
1541,into,79,1,1
1542,into,90,7,1
1543,into,103,11,4
1544,into,273,5,1
1545,introduction,6,0,0
1546,investigate,69,2,0
1547,investigate,116,4,1
1548,is,1,2,0
1549,is,4,15,2
1550,is,6,20,2
1551,is,9,25,2
1552,is,15,8,3
1553,is,25,14,4
1554,is,28,29,10
1555,is,29,12,2
1556,is,35,3,1
1557,is,40,9,3
1558,is,45,15,4
1559,is,51,1,0
1560,is,52,2,1
1561,is,60,1,0
1562,is,60,15,4
1563,is,62,2,0
1564,is,65,1,0
1565,is,65,15,6
1566,is,66,9,2
1567,is,66,17,4
1568,is,68,8,3
1569,is,84,7,2
1570,is,88,5,1
1571,is,96,1,1
1572,is,97,2,0
1573,is,98,19,6
1574,is,99,27,8
1575,is,100,1,1
1576,is,101,5,2
1577,is,102,18,5
1578,is,106,14,3
1579,is,107,3,1
1580,is,112,2,0
1581,is,113,3,1
1582,is,113,20,5
1583,is,114,1,1
1584,is,278,13,3
1585,is,281,18,4
1586,is,282,2,0
1587,is,282,6,1
1588,is,285,2,1
1589,is,291,17,5
1590,is,291,26,7
1591,is,302,16,3
1592,is,302,24,5
1593,is,303,16,7
1594,is,304,10,2
1595,it,1,1,0
1596,it,9,24,2
1597,it,9,34,5
1598,it,62,1,0
1599,it,62,8,0
1600,it,64,0,0
1601,it,72,4,1
1602,its,2,16,6
1603,its,10,1,0
1604,its,62,18,3
1605,its,68,20,6
1606,j,324,1,0
1607,j,326,1,0
1608,j,356,1,0
1609,j,369,0,0
1610,j,377,1,0
1611,j,379,2,0
1612,japkowicz,374,0,0
1613,jo,373,0,0
1614,junjie,0,10,3
1615,k,84,23,6
1616,k,130,1,0
1617,k,161,1,0
1618,k,192,1,0
1619,k,223,1,0
1620,k,254,1,0
1621,k,276,1,0
1622,k,281,5,1
1623,k,284,9,4
1624,k,290,14,2
1625,k,304,4,1
1626,k,310,22,3
1627,karush,37,4,2
1628,katakis,366,0,0
1629,kernel),84,29,6
1630,keywords,5,1,0
1631,keywords:,5,0,0
1632,known,4,66,17
1633,known,305,28,11
1634,kuhn,37,5,2
1635,l,27,8,2
1636,l,29,23,2
1637,l,32,0,0
1638,l,36,5,2
1639,l,36,10,4
1640,l,318,0,0
1641,l\x16,36,24,8
1642,l\x16,36,31,9
1643,la,20,30,6
1644,label,20,15,3
1645,labeled,56,17,5
1646,lagrange,40,18,5
1647,lagrangian,35,2,1
1648,lagrangian,36,3,2
1649,lapping,0,27,5
1650,lapping,2,12,6
1651,lapping,3,7,1
1652,lapping,5,7,1
1653,lapping,7,6,2
1654,lapping,7,14,5
1655,lapping,8,8,2
1656,lapping,9,17,2
1657,lapping,10,18,5
1658,lapping,14,24,9
1659,lapping,15,28,9
1660,lapping,18,21,4
1661,lapping,19,25,7
1662,lapping,20,25,4
1663,lapping,25,4,2
1664,lapping,42,8,2
1665,lapping,45,13,4
1666,lapping,50,6,3
1667,lapping,50,33,13
1668,lapping,51,6,3
1669,lapping,52,7,4
1670,lapping,53,11,3
1671,lapping,53,28,7
1672,lapping,54,11,5
1673,lapping,54,21,9
1674,lapping,58,12,6
1675,lapping,60,23,9
1676,lapping,63,15,5
1677,lapping,65,9,5
1678,lapping,65,24,11
1679,lapping,66,22,6
1680,lapping,66,27,7
1681,lapping,69,9,2
1682,lapping,80,16,4
1683,lapping,80,24,7
1684,lapping,88,20,6
1685,lapping,89,6,3
1686,lapping,90,12,2
1687,lapping,90,15,3
1688,lapping,91,4,1
1689,lapping,94,11,5
1690,lapping,97,14,4
1691,lapping,98,9,4
1692,lapping,101,3,2
1693,lapping,102,11,4
1694,lapping,102,15,5
1695,lapping,106,10,3
1696,lapping,106,25,7
1697,lapping,107,16,5
1698,lapping,111,11,5
1699,lapping,115,5,1
1700,lapping,115,19,3
1701,lapping,279,8,4
1702,lapping,281,16,4
1703,lapping,286,15,5
1704,lapping,287,19,6
1705,lapping,291,12,5
1706,lapping,301,10,2
1707,lapping,302,22,5
1708,lapping,307,21,7
1709,lapping,308,7,2
1710,lapping,309,6,2
1711,lapping,309,10,3
1712,lapping,309,22,7
1713,lapping,310,36,7
1714,lapping,320,7,3
1715,lapping,350,5,2
1716,lapping(ratio),72,20,7
1717,lapping:,0,4,2
1718,lapping:,340,5,1
1719,lapping’,56,19,5
1720,lapping’,57,10,4
1721,lapping’,60,10,3
1722,lapping’,62,7,0
1723,laps,45,20,6
1724,largest,285,20,5
1725,largest,286,2,1
1726,largest,286,11,3
1727,leads,36,22,8
1728,learn,58,6,2
1729,learned,55,9,2
1730,learning,8,20,5
1731,learning,69,15,4
1732,learning,103,19,5
1733,learning,340,10,4
1734,learning,346,1,0
1735,learning,361,0,0
1736,learns,54,14,5
1737,learns,63,6,2
1738,learns,102,8,2
1739,lected,70,24,4
1740,left,111,3,1
1741,lem,1,8,1
1742,lem,2,14,6
1743,less,98,11,4
1744,letx={xi,26,0,0
1745,libsvm,70,13,3
1746,libsvm,75,2,0
1747,libsvm,77,2,0
1748,line,44,5,0
1749,linear,84,28,6
1750,lit,1,20,5
1751,literature,10,7,2
1752,little,115,11,1
1753,liu,319,0,0
1754,liu1,0,13,3
1755,local,381,1,0
1756,locally,278,15,4
1757,long,0,29,5
1758,lose,100,7,2
1759,low,115,3,0
1760,lower,101,16,4
1761,lows,17,13,0
1762,lu,0,12,3
1763,luo,357,0,0
1764,lying,66,18,4
1765,lying,115,13,1
1766,l},27,0,0
1767,lν,36,37,9
1768,m,117,19,3
1769,m,117,22,3
1770,m,327,0,0
1771,m,337,1,0
1772,m,354,1,0
1773,m,359,0,0
1774,machine,8,19,5
1775,machine,346,0,0
1776,main,68,3,1
1777,mainly,14,4,1
1778,mainly,20,4,1
1779,mainly,50,13,6
1780,major,17,4,0
1781,make,70,1,1
1782,makes,96,15,5
1783,management,0,18,4
1784,mance,304,8,2
1785,matter,301,28,6
1786,may,81,19,5
1787,may,100,6,2
1788,may,107,10,2
1789,may,286,7,2
1790,means,110,5,1
1791,means,115,7,1
1792,measure,84,1,0
1793,measure,92,1,0
1794,measure,101,18,4
1795,measure,110,7,1
1796,measure,113,30,7
1797,measure,114,7,2
1798,measure,301,14,3
1799,measure(class,117,13,3
1800,measure(class,117,16,3
1801,measures,95,5,0
1802,ment,81,15,5
1803,merge,51,3,1
1804,merges,56,6,2
1805,merging,19,10,1
1806,merging,53,20,5
1807,merging,56,1,1
1808,merging,95,23,6
1809,merging,96,5,2
1810,meta,51,10,5
1811,method,83,8,2
1812,methodology,23,0,0
1813,metric,84,2,0
1814,mi,341,1,1
1815,min,29,14,2
1816,min,370,4,1
1817,minimize,28,12,4
1818,minimized:,29,13,2
1819,minimizing,36,1,1
1820,minimum,25,22,7
1821,minimum,28,8,4
1822,mining,5,3,0
1823,mining,8,23,5
1824,ministry,313,10,2
1825,misclassifi,9,7,1
1826,mod,107,18,5
1827,model,19,15,2
1828,model,55,8,2
1829,model,60,3,1
1830,model,60,17,5
1831,model,61,10,2
1832,model,62,15,2
1833,model,65,3,1
1834,model,65,17,7
1835,model,66,8,2
1836,model,115,21,3
1837,modeling,3,9,1
1838,modeling,53,13,3
1839,modeling,91,6,1
1840,modeling,307,11,5
1841,modeling,309,3,0
1842,models,59,2,0
1843,models,64,4,0
1844,mollineda,330,0,0
1845,monard,339,0,0
1846,more,1,13,2
1847,more,4,28,5
1848,more,96,19,6
1849,more,97,16,4
1850,more,101,7,2
1851,more,113,21,5
1852,more,113,23,5
1853,more,287,8,2
1854,more,291,14,5
1855,more,310,25,3
1856,moreover,302,0,0
1857,most,25,28,7
1858,much,99,15,5
1859,much,302,5,1
1860,much,310,42,8
1861,multi,20,14,3
1862,multi,40,19,5
1863,multilabel,361,1,0
1864,multi–label,367,0,0
1865,n,373,2,0
1866,na,84,20,6
1867,na,312,7,3
1868,name,94,4,2
1869,namely,19,7,0
1870,namely,53,15,3
1871,narrowed,303,17,7
1872,narrowed,304,13,2
1873,natural,312,9,3
1874,nb,84,22,6
1875,nb,124,1,0
1876,nb,155,1,0
1877,nb,186,1,0
1878,nb,217,1,0
1879,nb,248,1,0
1880,nb,276,0,0
1881,nb,284,8,4
1882,nb,304,2,1
1883,near,9,11,1
1884,need,15,12,4
1885,network,6,10,1
1886,new,56,15,5
1887,newsletter,376,3,0
1888,nit,362,2,0
1889,nition,20,10,3
1890,nn,84,24,6
1891,nn,130,2,0
1892,nn,161,2,0
1893,nn,192,2,0
1894,nn,223,2,0
1895,nn,254,2,0
1896,nn,276,2,0
1897,nn,281,6,1
1898,nn,284,10,4
1899,nn,290,15,2
1900,nn,304,5,1
1901,nn,310,23,3
1902,no,301,27,6
1903,non,54,19,8
1904,non,63,13,4
1905,non,65,22,10
1906,non,66,20,5
1907,non,90,10,1
1908,non,102,13,4
1909,non,309,8,2
1910,nos,312,16,5
1911,nos,313,15,4
1912,not,285,15,3
1913,not,286,9,2
1914,not,304,11,2
1915,number,33,15,5
1916,number,72,7,2
1917,number,72,11,3
1918,objective,25,7,3
1919,observation,97,1,0
1920,observation,112,1,0
1921,observation,113,2,1
1922,observations,102,2,1
1923,obvious,113,24,5
1924,obviously,304,12,2
1925,occurs,9,10,1
1926,occurs,9,19,2
1927,of,0,15,4
1928,of,0,35,6
1929,of,4,45,10
1930,of,8,13,3
1931,of,12,9,3
1932,of,13,5,2
1933,of,14,15,5
1934,of,14,21,8
1935,of,15,5,3
1936,of,19,22,6
1937,of,21,23,7
1938,of,25,8,4
1939,of,25,29,8
1940,of,27,7,2
1941,of,28,16,6
1942,of,33,11,4
1943,of,33,16,6
1944,of,36,9,4
1945,of,40,13,5
1946,of,41,5,2
1947,of,44,9,2
1948,of,60,4,2
1949,of,60,18,6
1950,of,65,4,2
1951,of,65,18,8
1952,of,68,5,2
1953,of,69,14,4
1954,of,72,8,3
1955,of,72,12,4
1956,of,72,18,6
1957,of,78,4,1
1958,of,84,3,1
1959,of,84,13,5
1960,of,88,9,4
1961,of,92,2,1
1962,of,93,5,2
1963,of,94,5,3
1964,of,94,13,6
1965,of,95,6,1
1966,of,98,15,5
1967,of,99,3,2
1968,of,99,6,4
1969,of,100,13,4
1970,of,107,14,4
1971,of,110,18,4
1972,of,284,7,4
1973,of,299,2,1
1974,of,300,0,1
1975,of,301,16,4
1976,of,303,3,2
1977,of,303,6,4
1978,of,305,5,3
1979,of,305,9,5
1980,of,311,14,4
1981,of,311,17,6
1982,of,312,12,4
1983,of,313,8,2
1984,of,313,11,3
1985,of,316,3,2
1986,of,320,5,2
1987,of,331,2,1
1988,of,340,8,3
1989,offbetween,33,8,2
1990,often,6,21,2
1991,often,9,9,1
1992,on,2,8,4
1993,on,4,3,1
1994,on,14,6,2
1995,on,14,12,3
1996,on,15,19,7
1997,on,50,10,5
1998,on,50,16,7
1999,on,50,27,11
2000,on,54,15,6
2001,on,55,6,1
2002,on,57,4,2
2003,on,58,7,3
2004,on,61,7,1
2005,on,62,12,1
2006,on,63,7,3
2007,on,66,6,1
2008,on,66,19,5
2009,on,68,14,6
2010,on,82,5,2
2011,on,86,5,2
2012,on,93,12,4
2013,on,102,9,3
2014,on,115,14,2
2015,on,117,5,2
2016,on,283,12,2
2017,on,283,24,5
2018,on,290,8,2
2019,on,291,22,6
2020,on,298,10,3
2021,on,300,4,3
2022,on,301,4,1
2023,on,307,9,4
2024,on,310,5,2
2025,on,315,5,2
2026,on,316,6,3
2027,on,331,8,2
2028,on,383,5,2
2029,ond,19,1,0
2030,ond,81,2,1
2031,one,0,34,5
2032,one,8,12,2
2033,one,18,4,1
2034,one,51,0,0
2035,one,60,0,0
2036,one,65,0,0
2037,one,80,2,1
2038,one,81,3,1
2039,one,82,2,1
2040,one,112,0,0
2041,one,282,5,1
2042,ones,4,34,6
2043,ones,287,14,3
2044,ones,310,31,4
2045,only,20,32,6
2046,only,40,14,5
2047,oped,12,2,0
2048,optimality,37,8,2
2049,or,25,19,6
2050,or,25,27,7
2051,or,28,1,1
2052,or,45,18,5
2053,or,66,25,6
2054,or,111,15,6
2055,or,112,21,4
2056,order,291,1,1
2057,original,62,19,3
2058,original,81,6,2
2059,original,106,29,8
2060,original,110,23,5
2061,original,112,19,4
2062,original,112,29,6
2063,original,113,18,5
2064,original,283,18,3
2065,original,299,6,2
2066,original,301,25,6
2067,original,302,9,2
2068,original,316,10,4
2069,osphere,73,10,1
2070,osphere,97,9,2
2071,osphere,117,25,4
2072,other,45,23,7
2073,other,52,1,1
2074,other,60,14,4
2075,other,65,14,6
2076,other,113,1,1
2077,other,281,1,1
2078,our,16,0,0
2079,out,107,8,2
2080,over,0,3,2
2081,over,0,26,5
2082,over,2,11,6
2083,over,3,6,1
2084,over,5,6,1
2085,over,7,5,2
2086,over,7,13,5
2087,over,8,7,2
2088,over,9,16,2
2089,over,10,17,5
2090,over,14,23,9
2091,over,15,27,9
2092,over,18,20,4
2093,over,19,24,7
2094,over,20,24,4
2095,over,25,3,2
2096,over,42,7,2
2097,over,45,12,4
2098,over,45,19,6
2099,over,50,5,3
2100,over,50,32,13
2101,over,51,5,3
2102,over,52,6,4
2103,over,53,10,3
2104,over,53,27,7
2105,over,54,10,5
2106,over,54,20,9
2107,over,58,11,6
2108,over,60,22,9
2109,over,63,14,5
2110,over,65,8,5
2111,over,65,23,11
2112,over,66,21,6
2113,over,66,26,7
2114,over,69,8,2
2115,over,72,19,7
2116,over,80,15,4
2117,over,80,23,7
2118,over,88,6,2
2119,over,88,19,6
2120,over,89,5,3
2121,over,90,11,2
2122,over,90,14,3
2123,over,91,3,1
2124,over,94,10,5
2125,over,97,13,4
2126,over,98,8,4
2127,over,101,2,2
2128,over,102,10,4
2129,over,102,14,5
2130,over,106,9,3
2131,over,106,24,7
2132,over,107,15,5
2133,over,111,10,5
2134,over,115,4,1
2135,over,115,18,3
2136,over,279,7,4
2137,over,281,15,4
2138,over,286,14,5
2139,over,287,18,6
2140,over,291,11,5
2141,over,301,9,2
2142,over,302,21,5
2143,over,307,20,7
2144,over,308,6,2
2145,over,309,5,2
2146,over,309,9,3
2147,over,309,21,7
2148,over,310,35,7
2149,over,320,6,3
2150,over,340,4,1
2151,over,350,4,2
2152,over,367,3,2
2153,overall,115,29,5
2154,overall,286,5,2
2155,overlap,4,38,8
2156,overlap,13,7,2
2157,overlap,56,10,4
2158,overlap,63,10,4
2159,overlap,68,16,6
2160,overlap,70,16,3
2161,overlap,99,7,4
2162,overlap,113,7,2
2163,overlap,115,15,2
2164,overlap,331,7,1
2165,pages,332,2,1
2166,pages,341,3,1
2167,paper,2,2,2
2168,paper,16,4,2
2169,paper,53,2,2
2170,paper,307,3,2
2171,par,4,61,15
2172,par,305,23,9
2173,parameter,33,3,1
2174,part,103,13,4
2175,partial,320,0,0
2176,particular,311,31,10
2177,parts:,90,9,1
2178,pattern,362,0,0
2179,pay,2,4,2
2180,per,99,13,5
2181,per,285,5,1
2182,per,303,11,6
2183,per,310,44,8
2184,per,311,28,9
2185,perfor,304,7,2
2186,performance,4,59,14
2187,performance,69,13,3
2188,performance,81,23,5
2189,performance,84,12,4
2190,performance,98,14,4
2191,performance,99,25,8
2192,performance,107,13,3
2193,performance,115,30,5
2194,performance,116,10,3
2195,performance,305,21,8
2196,performances,93,4,1
2197,performances,299,1,0
2198,performs,97,22,5
2199,performs,106,12,3
2200,performs,112,15,3
2201,performs,283,10,1
2202,performs,283,21,3
2203,performs,302,4,1
2204,perva,0,38,7
2205,pervious,108,14,5
2206,phd,313,4,1
2207,ping,4,39,8
2208,ping,13,8,2
2209,ping,56,11,4
2210,ping,63,11,4
2211,ping,68,17,6
2212,ping,70,17,3
2213,ping,99,8,4
2214,ping,113,8,2
2215,ping,115,16,2
2216,pliers,40,20,5
2217,podolak,349,0,0
2218,point,15,4,2
2219,points,27,9,2
2220,popular,21,16,4
2221,practice,15,3,2
2222,prati,11,0,0
2223,prati,335,0,0
2224,precisely,103,18,5
2225,presence,14,20,7
2226,presence,19,21,5
2227,present,19,3,0
2228,press,17,11,0
2229,previous,91,10,2
2230,previous,290,3,0
2231,prob,1,7,1
2232,prob,2,13,6
2233,problem,2,23,9
2234,problem,10,19,5
2235,problem,50,7,3
2236,problem,50,34,13
2237,problem,53,29,7
2238,problem,68,18,6
2239,problem,68,26,8
2240,problem,69,10,2
2241,problem,80,17,4
2242,problem,106,11,3
2243,problem,106,26,7
2244,problem,279,9,4
2245,problem,281,17,4
2246,problem,287,20,6
2247,problem,307,22,7
2248,problem,309,23,7
2249,problem,310,37,7
2250,problem,311,7,2
2251,problem;,4,40,8
2252,problems,0,40,7
2253,problems,8,17,4
2254,problem”,8,9,2
2255,program,313,5,1
2256,propose,53,4,2
2257,proposed,307,15,5
2258,q(r,29,17,2
2259,r,29,15,2
2260,r,36,16,7
2261,r,323,1,0
2262,r,328,2,0
2263,r,333,1,0
2264,r,343,2,0
2265,r,355,0,0
2266,r2,29,20,2
2267,r2,37,15,2
2268,r2,38,3,0
2269,r2,39,4,0
2270,ra,28,14,5
2271,radius,28,33,11
2272,radius,29,7,1
2273,random,82,12,3
2274,random,291,20,5
2275,rare,302,13,3
2276,rare,303,8,5
2277,rare,381,4,1
2278,ratio,4,49,11
2279,ratio,72,17,5
2280,ratio,73,8,0
2281,ratio,94,12,5
2282,ratio,97,15,4
2283,ratio,98,10,4
2284,ratio,99,9,4
2285,ratio,101,4,2
2286,ratio,111,12,5
2287,ratio,113,9,2
2288,ratio,115,6,1
2289,ratio,291,13,5
2290,ratio,292,2,1
2291,ratio,302,23,5
2292,ratios,70,18,3
2293,ratios,80,25,7
2294,ratios,88,21,6
2295,ratios,301,11,2
2296,ratios,301,32,7
2297,re,0,31,5
2298,re,9,2,1
2299,re,18,22,4
2300,re,36,20,8
2301,re,52,10,5
2302,re,65,10,5
2303,re,66,23,6
2304,re,308,8,2
2305,real,4,5,1
2306,real,15,32,11
2307,real,18,25,5
2308,real,70,5,2
2309,reason,285,1,1
2310,reasonable,114,2,1
2311,recog,20,9,3
2312,recog,362,1,0
2313,recogni,6,17,2
2314,red,44,0,0
2315,references,317,0,0
2316,region,42,9,2
2317,region,54,22,9
2318,region,58,13,6
2319,region,60,24,9
2320,region,65,25,11
2321,region,115,17,2
2322,regions,7,15,5
2323,regions,15,29,9
2324,regions,25,5,2
2325,regions,54,12,5
2326,regions,56,12,4
2327,regions,63,16,5
2328,regions,66,28,7
2329,regions,89,7,3
2330,regions,286,6,2
2331,regions,286,16,5
2332,regions,309,11,3
2333,relationships,21,6,2
2334,relatively,302,17,3
2335,relatively,302,25,5
2336,remaining,98,3,2
2337,represented,40,10,3
2338,research,10,9,2
2339,research,50,9,4
2340,research,68,7,3
2341,research,312,2,1
2342,researches,14,2,1
2343,reside,7,11,3
2344,respect,36,14,6
2345,respectively,29,8,1
2346,results,13,0,0
2347,results,40,4,2
2348,results,68,1,0
2349,results,94,19,7
2350,results,110,17,3
2351,results,112,26,5
2352,results,272,4,0
2353,results,284,6,3
2354,results,298,4,1
2355,reveal,4,9,1
2356,right,111,5,2
2357,rip,285,4,1
2358,ripper,85,2,0
2359,ripper,142,1,0
2360,ripper,173,1,0
2361,ripper,204,1,0
2362,ripper,235,1,0
2363,ripper,266,1,0
2364,ripper,275,2,0
2365,ripper,282,7,1
2366,ripper,283,9,1
2367,ripper),281,9,1
2368,rule,4,32,6
2369,rule,275,4,0
2370,rule,287,12,3
2371,rule,310,29,4
2372,rules,285,7,1
2373,rules,285,17,3
2374,s,29,27,2
2375,s,117,20,3
2376,s,117,23,3
2377,s,325,0,0
2378,same,108,10,3
2379,same,112,25,5
2380,same,283,23,4
2381,samples,6,26,3
2382,samples,7,2,1
2383,samples,7,7,2
2384,samples,20,26,4
2385,samples,300,7,4
2386,sampling,82,13,3
2387,sampling,291,21,5
2388,sampling,292,1,1
2389,sampling,301,31,7
2390,satisfy,40,21,5
2391,scenarios,79,3,1
2392,scene,361,2,0
2393,scheme,4,14,2
2394,scheme,4,52,12
2395,scheme,21,13,4
2396,scheme,54,2,1
2397,scheme,54,5,2
2398,scheme,55,12,4
2399,scheme,56,2,1
2400,scheme,56,5,2
2401,scheme,57,2,1
2402,scheme,58,3,1
2403,scheme,63,2,1
2404,scheme,63,5,2
2405,scheme,81,7,2
2406,scheme,81,11,4
2407,scheme,95,9,2
2408,scheme,95,24,6
2409,scheme,96,6,2
2410,scheme,97,21,5
2411,scheme,97,28,6
2412,scheme,98,18,6
2413,scheme,98,24,8
2414,scheme,99,12,5
2415,scheme,99,22,7
2416,scheme,102,7,2
2417,scheme,103,8,3
2418,scheme,106,4,1
2419,scheme,106,19,5
2420,scheme,106,30,8
2421,scheme,112,14,3
2422,scheme,112,20,4
2423,scheme,112,30,6
2424,scheme,279,2,1
2425,scheme,281,10,1
2426,scheme,283,8,1
2427,scheme,283,19,3
2428,scheme,301,19,5
2429,scheme,301,26,6
2430,scheme,302,3,1
2431,scheme,302,10,2
2432,scheme,305,14,6
2433,scheme,309,16,4
2434,scheme,310,49,9
2435,scheme,311,21,7
2436,schemes,3,10,1
2437,schemes,15,21,8
2438,schemes,19,6,0
2439,schemes,19,13,1
2440,schemes,20,2,1
2441,schemes,25,0,0
2442,schemes,50,0,0
2443,schemes,50,17,7
2444,schemes,53,14,3
2445,schemes,53,23,5
2446,schemes,69,4,0
2447,schemes,80,6,1
2448,schemes,91,7,1
2449,schemes,93,8,3
2450,schemes,102,24,7
2451,schemes,107,20,5
2452,schemes,110,24,5
2453,schemes,113,19,5
2454,schemes,115,24,4
2455,schemes,272,7,1
2456,schemes,299,7,2
2457,schemes,300,3,2
2458,schemes,307,12,5
2459,schemes,316,11,4
2460,schemes;,4,21,4
2461,science,312,10,3
2462,scription,40,8,3
2463,se,7,1,1
2464,se,14,1,1
2465,se,20,1,1
2466,se,51,19,7
2467,se,70,23,4
2468,se,102,1,1
2469,se,284,1,1
2470,se,300,6,4
2471,searchers,9,3,1
2472,sec,19,0,0
2473,sec,81,1,1
2474,second,62,14,2
2475,second,107,1,1
2476,section,91,11,2
2477,seen,95,3,0
2478,seen,283,4,0
2479,seen,301,3,0
2480,selected,291,18,5
2481,sensitive,4,29,5
2482,sensitive,287,9,2
2483,sensitive,310,26,3
2484,sep,63,17,5
2485,sep,103,6,3
2486,sep,110,20,5
2487,separat,21,10,3
2488,separat,112,11,2
2489,separate,52,4,2
2490,separately,102,17,5
2491,separately,309,12,3
2492,separating,4,13,2
2493,separating,4,51,12
2494,separating,19,12,1
2495,separating,53,22,5
2496,separating,63,1,1
2497,separating,95,8,2
2498,separating,97,20,5
2499,separating,98,17,6
2500,separating,99,11,5
2501,separating,102,6,2
2502,separating,106,3,1
2503,separating,113,16,5
2504,separating,283,7,1
2505,separating,299,4,2
2506,separating,301,18,5
2507,separating,302,2,1
2508,separating,305,13,6
2509,separating,310,48,9
2510,separating,311,20,7
2511,separating,316,8,4
2512,set,12,8,2
2513,set,27,6,1
2514,set,72,3,1
2515,set,73,4,0
2516,set,89,3,1
2517,set,90,3,0
2518,set,94,7,3
2519,set,94,16,6
2520,set,96,14,5
2521,set,283,14,2
2522,set,283,26,5
2523,set,290,21,3
2524,set,291,6,2
2525,set,291,9,3
2526,set,292,4,1
2527,sets,4,8,1
2528,sets,15,35,11
2529,sets,18,28,5
2530,sets,19,18,3
2531,sets,70,9,2
2532,sets,71,5,1
2533,sets,78,6,1
2534,sets,80,20,5
2535,sets,82,8,2
2536,sets,88,14,4
2537,sets,93,16,4
2538,sets,95,17,5
2539,sets,97,7,1
2540,sets,98,6,2
2541,sets,103,2,1
2542,sets,108,1,0
2543,sets,111,1,0
2544,sets,112,7,1
2545,sets,117,11,3
2546,sets,301,6,1
2547,setting,36,6,2
2548,shen,358,0,0
2549,should,28,11,4
2550,showed,4,53,12
2551,showed,13,1,0
2552,showed,305,15,6
2553,showed,311,22,7
2554,shown,42,11,2
2555,shows,72,5,1
2556,shows,93,2,0
2557,shows,110,14,2
2558,shows,298,1,0
2559,sible,9,31,4
2560,sification,84,16,5
2561,sified,62,4,0
2562,sifiers,287,6,2
2563,sights,68,13,5
2564,sigkdd,376,1,0
2565,signed,107,5,1
2566,similar,6,32,4
2567,simple,19,5,0
2568,sion,6,13,2
2569,situation,1,10,2
2570,sive,0,39,7
2571,size,302,15,3
2572,size,303,5,3
2573,slack,33,19,6
2574,small,103,12,4
2575,small,291,24,7
2576,small,302,18,3
2577,small,375,3,0
2578,smaller,28,30,10
2579,smallest,285,11,3
2580,so,8,4,1
2581,so,42,0,0
2582,so,59,0,0
2583,so,90,0,0
2584,so,279,0,0
2585,soft,33,24,7
2586,solution,9,32,4
2587,solve,34,1,1
2588,solving,309,18,5
2589,some,6,25,3
2590,some,68,11,4
2591,some,100,8,2
2592,sonar,74,1,0
2593,sonar,97,11,2
2594,sonar,148,1,0
2595,sonar,283,27,5
2596,sorted,111,7,2
2597,sotoca,328,0,0
2598,source,73,5,0
2599,space,7,19,7
2600,space,52,18,8
2601,special,282,4,1
2602,specifically,17,0,0
2603,specifically,307,16,5
2604,spectively,36,21,8
2605,sphere,25,18,6
2606,sphere,28,17,6
2607,sphere,33,12,4
2608,spheres,45,6,2
2609,splice,75,1,0
2610,splice,179,1,0
2611,still,15,9,3
2612,strategies,50,41,14
2613,strong,13,11,3
2614,studies,4,2,0
2615,studies,20,20,3
2616,studies,310,4,1
2617,study,0,7,3
2618,study,2,7,3
2619,study,3,16,3
2620,study,12,5,1
2621,study,15,18,6
2622,study,21,2,0
2623,study,53,33,9
2624,study,307,8,3
2625,such,6,6,1
2626,such,69,17,5
2627,such,310,18,3
2628,summarizes,71,2,0
2629,summary,287,1,1
2630,summary,305,1,1
2631,support,5,10,1
2632,support,18,8,1
2633,support,25,9,4
2634,support,40,15,5
2635,support,41,0,0
2636,support,102,3,1
2637,support,345,0,0
2638,supported,312,4,1
2639,suppose,29,0,0
2640,svdd,42,1,0
2641,svdd,47,4,1
2642,svdd,70,21,4
2643,svdd,89,11,4
2644,svdd,308,0,0
2645,svms,4,67,17
2646,svms,84,26,6
2647,svms,136,1,0
2648,svms,167,1,0
2649,svms,198,1,0
2650,svms,229,1,0
2651,svms,260,1,0
2652,svms,276,4,0
2653,svms,281,7,1
2654,svms,284,12,4
2655,svms,303,15,7
2656,svms,305,29,11
2657,svms,310,20,3
2658,svms,311,33,11
2659,svms),290,17,2
2660,syst,351,1,0
2661,system,15,16,6
2662,system,340,11,4
2663,systematic,0,6,3
2664,systematic,2,6,3
2665,systematic,12,4,1
2666,systematic,307,7,3
2667,sánchez,326,0,0
2668,t,30,0,0
2669,t,348,0,0
2670,t,368,1,1
2671,t,372,1,0
2672,table,71,0,0
2673,table,78,1,0
2674,table,93,0,0
2675,table,272,1,0
2676,taining,25,25,7
2677,tasks,6,5,1
2678,tax,343,0,0
2679,technique,278,5,1
2680,telligence,50,31,12
2681,telligence,86,9,3
2682,telligence,117,9,3
2683,telligence,298,14,4
2684,telligence,315,9,3
2685,telligence,383,9,3
2686,ten,83,4,2
2687,ter,21,5,2
2688,terms,40,12,4
2689,terrelationship,2,18,7
2690,terrelationship,68,22,7
2691,test,55,1,0
2692,test,61,1,0
2693,test,66,1,0
2694,test,66,15,4
2695,tested,55,5,0
2696,tested,61,6,0
2697,tested,62,11,0
2698,tested,66,5,0
2699,than,4,30,5
2700,than,28,31,10
2701,than,95,21,5
2702,than,97,17,4
2703,than,97,25,5
2704,than,98,12,4
2705,than,99,17,5
2706,than,112,17,3
2707,than,283,16,2
2708,than,287,10,2
2709,than,291,15,5
2710,than,301,23,5
2711,than,302,7,1
2712,than,310,27,3
2713,that,6,24,3
2714,that,9,6,1
2715,that,13,2,0
2716,that,15,22,8
2717,that,28,21,8
2718,that,29,1,0
2719,that,58,1,0
2720,that,60,7,3
2721,that,66,12,3
2722,that,91,1,0
2723,that,97,3,0
2724,that,102,4,1
2725,that,106,5,1
2726,that,112,3,0
2727,that,113,4,1
2728,that,114,4,2
2729,that,115,8,1
2730,that,285,3,1
2731,that,307,13,5
2732,that,309,2,0
2733,that,310,13,2
2734,that,311,10,2
2735,that:,4,10,1
2736,the,0,36,7
2737,the,1,9,2
2738,the,1,19,5
2739,the,2,9,5
2740,the,2,20,9
2741,the,3,14,3
2742,the,4,12,2
2743,the,4,16,3
2744,the,4,19,4
2745,the,4,23,5
2746,the,4,31,6
2747,the,4,36,8
2748,the,4,43,9
2749,the,4,46,11
2750,the,4,50,12
2751,the,4,57,14
2752,the,4,64,17
2753,the,6,22,3
2754,the,7,0,1
2755,the,7,17,7
2756,the,8,3,1
2757,the,8,14,4
2758,the,10,6,2
2759,the,10,15,4
2760,the,13,3,1
2761,the,14,0,1
2762,the,14,13,4
2763,the,14,19,7
2764,the,15,20,8
2765,the,15,31,11
2766,the,18,3,1
2767,the,18,19,3
2768,the,19,8,1
2769,the,19,16,3
2770,the,19,20,5
2771,the,20,0,1
2772,the,20,7,3
2773,the,20,28,6
2774,the,21,3,1
2775,the,21,8,3
2776,the,21,21,6
2777,the,25,6,3
2778,the,25,30,9
2779,the,27,2,1
2780,the,28,5,3
2781,the,28,13,5
2782,the,28,19,8
2783,the,28,22,9
2784,the,28,32,11
2785,the,29,9,2
2786,the,33,2,1
2787,the,33,6,2
2788,the,33,9,3
2789,the,33,14,5
2790,the,34,2,2
2791,the,35,1,1
2792,the,36,2,2
2793,the,36,7,3
2794,the,37,3,2
2795,the,40,2,2
2796,the,40,5,3
2797,the,41,3,1
2798,the,44,7,1
2799,the,44,10,3
2800,the,45,0,1
2801,the,45,11,3
2802,the,50,8,4
2803,the,50,23,10
2804,the,51,4,2
2805,the,51,14,6
2806,the,51,18,7
2807,the,52,0,1
2808,the,52,5,3
2809,the,52,12,6
2810,the,52,16,8
2811,the,53,16,4
2812,the,53,31,9
2813,the,54,0,1
2814,the,54,7,3
2815,the,54,16,7
2816,the,55,7,2
2817,the,56,0,1
2818,the,56,7,3
2819,the,57,1,1
2820,the,57,5,3
2821,the,58,2,1
2822,the,58,8,4
2823,the,60,2,1
2824,the,60,5,3
2825,the,60,13,4
2826,the,60,16,5
2827,the,60,19,7
2828,the,61,8,2
2829,the,62,13,2
2830,the,63,0,1
2831,the,65,2,1
2832,the,65,5,3
2833,the,65,13,6
2834,the,65,16,7
2835,the,65,19,9
2836,the,66,7,2
2837,the,66,14,4
2838,the,68,2,1
2839,the,69,12,3
2840,the,71,3,1
2841,the,72,6,2
2842,the,72,16,5
2843,the,80,0,1
2844,the,81,0,1
2845,the,81,5,2
2846,the,81,9,4
2847,the,82,0,1
2848,the,83,0,1
2849,the,84,4,2
2850,the,84,11,4
2851,the,86,1,1
2852,the,88,2,1
2853,the,89,4,2
2854,the,93,3,1
2855,the,93,6,3
2856,the,94,0,1
2857,the,94,3,2
2858,the,94,9,4
2859,the,94,18,7
2860,the,94,23,9
2861,the,95,7,2
2862,the,95,11,4
2863,the,95,22,6
2864,the,96,4,2
2865,the,96,12,5
2866,the,96,16,6
2867,the,97,19,5
2868,the,97,26,6
2869,the,98,2,2
2870,the,98,16,6
2871,the,98,22,8
2872,the,99,1,1
2873,the,99,4,3
2874,the,99,10,5
2875,the,99,18,6
2876,the,99,24,8
2877,the,101,1,1
2878,the,102,0,1
2879,the,102,5,2
2880,the,102,19,6
2881,the,102,22,7
2882,the,103,0,1
2883,the,103,5,3
2884,the,106,2,1
2885,the,106,18,5
2886,the,106,28,8
2887,the,107,0,1
2888,the,107,12,3
2889,the,108,9,3
2890,the,110,15,3
2891,the,110,19,5
2892,the,111,9,4
2893,the,112,10,2
2894,the,112,18,4
2895,the,112,24,5
2896,the,112,28,6
2897,the,113,6,2
2898,the,113,12,4
2899,the,113,15,5
2900,the,115,28,5
2901,the,116,6,2
2902,the,116,9,3
2903,the,117,1,1
2904,the,277,0,1
2905,the,279,1,1
2906,the,283,6,1
2907,the,283,17,3
2908,the,283,22,4
2909,the,284,0,1
2910,the,284,5,3
2911,the,285,0,1
2912,the,285,10,3
2913,the,285,19,5
2914,the,286,1,1
2915,the,286,10,3
2916,the,287,2,2
2917,the,287,11,3
2918,the,287,16,5
2919,the,291,7,3
2920,the,291,23,7
2921,the,292,0,1
2922,the,298,2,1
2923,the,298,6,2
2924,the,299,3,2
2925,the,300,1,2
2926,the,300,5,4
2927,the,301,12,3
2928,the,301,17,5
2929,the,301,24,6
2930,the,301,30,7
2931,the,302,1,1
2932,the,302,8,2
2933,the,302,12,3
2934,the,302,20,4
2935,the,303,1,1
2936,the,303,4,3
2937,the,303,7,5
2938,the,303,10,6
2939,the,304,6,2
2940,the,305,3,2
2941,the,305,6,4
2942,the,305,12,6
2943,the,305,19,8
2944,the,305,26,11
2945,the,307,10,5
2946,the,308,11,4
2947,the,309,4,1
2948,the,309,14,4
2949,the,309,19,6
2950,the,310,14,3
2951,the,310,28,4
2952,the,310,33,6
2953,the,310,47,9
2954,the,311,4,2
2955,the,311,12,3
2956,the,311,15,5
2957,the,311,19,7
2958,the,311,26,9
2959,the,312,1,1
2960,the,312,6,3
2961,the,313,3,1
2962,the,315,1,1
2963,the,316,1,1
2964,the,316,7,4
2965,the,383,1,1
2966,then,57,0,0
2967,there,6,19,2
2968,there,15,7,3
2969,there,115,9,1
2970,there,282,1,0
2971,therefore,15,0,0
2972,therefore,310,39,7
2973,they,7,9,3
2974,they,8,0,0
2975,they,20,22,3
2976,third,82,1,1
2977,this,1,23,6
2978,this,2,1,2
2979,this,16,3,2
2980,this,16,8,4
2981,this,50,11,6
2982,this,53,1,2
2983,this,54,4,2
2984,this,55,11,4
2985,this,56,4,2
2986,this,63,4,2
2987,this,68,6,3
2988,this,70,2,2
2989,this,96,0,1
2990,this,100,0,1
2991,this,100,4,2
2992,this,108,6,2
2993,this,114,0,1
2994,this,290,5,1
2995,this,307,2,2
2996,those,108,12,4
2997,those,113,27,7
2998,thought,45,9,2
2999,three,3,5,0
3000,three,4,20,4
3001,three,17,3,0
3002,three,19,4,0
3003,three,53,8,2
3004,three,79,2,1
3005,three,80,4,1
3006,three,91,2,0
3007,three,93,7,3
3008,three,98,4,2
3009,three,102,23,7
3010,three,272,6,1
3011,three,290,9,2
3012,ticular,4,62,15
3013,ticular,305,24,9
3014,time,103,21,5
3015,tion,6,18,2
3016,tion,20,17,3
3017,tion,100,12,3
3018,tion,101,10,3
3019,tion,278,17,4
3020,tional,312,8,3
3021,tions,69,19,5
3022,tive,310,3,1
3023,to,4,35,7
3024,to,4,56,13
3025,to,9,27,3
3026,to,10,14,3
3027,to,16,6,3
3028,to,18,17,2
3029,to,19,14,2
3030,to,25,15,5
3031,to,28,3,2
3032,to,34,0,1
3033,to,36,11,5
3034,to,36,15,7
3035,to,37,2,1
3036,to,42,5,1
3037,to,45,17,5
3038,to,51,2,1
3039,to,52,3,2
3040,to,53,24,6
3041,to,58,5,2
3042,to,62,16,3
3043,to,68,9,4
3044,to,70,0,1
3045,to,80,11,2
3046,to,82,14,4
3047,to,84,9,3
3048,to,96,11,4
3049,to,98,21,7
3050,to,101,14,4
3051,to,106,17,4
3052,to,107,6,2
3053,to,111,4,2
3054,to,278,6,2
3055,to,284,4,2
3056,to,287,15,4
3057,to,291,2,2
3058,to,292,5,2
3059,to,305,18,7
3060,to,308,4,1
3061,to,310,32,5
3062,to,311,25,8
3063,to:,36,23,8
3064,took,307,5,2
3065,topic,50,12,6
3066,tor,18,10,1
3067,tough,8,15,4
3068,toughest,0,37,7
3069,trade,33,7,2
3070,training,27,4,1
3071,training,41,6,2
3072,training,320,2,0
3073,trees,278,9,2
3074,tro,35,5,2
3075,troduces,96,8,3
3076,tru,6,12,2
3077,tsoumakas,365,0,0
3078,tucker,37,6,2
3079,tures:,84,21,6
3080,tween,51,17,6
3081,two,44,11,3
3082,two,45,5,2
3083,two,50,40,14
3084,two,59,1,0
3085,two,64,3,0
3086,two,90,8,1
3087,two,97,5,1
3088,two,100,15,4
3089,two,273,6,1
3090,two,300,2,2
3091,types,273,7,1
3092,uate,53,7,2
3093,uci,70,11,3
3094,uci,73,11,1
3095,uci,74,2,0
3096,uci,76,2,0
3097,ues,94,26,9
3098,under,312,14,5
3099,under,313,13,4
3100,university,0,20,4
3101,use,18,2,0
3102,used,3,2,0
3103,used,42,4,0
3104,used,84,8,2
3105,used,91,18,2
3106,used,103,3,1
3107,used,108,4,0
3108,used,291,27,7
3109,used,310,8,2
3110,useful,281,19,4
3111,uses,80,3,1
3112,using,12,6,1
3113,using,283,5,0
3114,using,310,46,8
3115,usually,7,10,3
3116,usually,9,18,2
3117,v,322,1,0
3118,val,94,25,9
3119,validation,83,7,2
3120,value,99,5,3
3121,values,94,1,1
3122,values,113,31,7
3123,values,301,15,3
3124,variables,33,20,6
3125,various,4,4,1
3126,vec,18,9,1
3127,vector,5,11,1
3128,vector,25,10,4
3129,vector,345,1,0
3130,vectors,40,16,5
3131,vectors,41,1,0
3132,versus,340,2,0
3133,versus,375,2,0
3134,very,6,31,4
3135,vided,50,38,13
3136,vided,79,0,0
3137,view,15,6,3
3138,view,367,4,2
3139,void,16,10,4
3140,volume,25,23,7
3141,volume,28,9,4
3142,volume,33,10,3
3143,warehous,370,1,0
3144,was,292,3,1
3145,was,308,1,0
3146,was,309,13,3
3147,was,312,3,1
3148,we,2,3,2
3149,we,17,1,0
3150,we,18,1,0
3151,we,19,2,0
3152,we,21,1,0
3153,we,28,10,4
3154,we,37,10,2
3155,we,53,3,2
3156,we,69,0,0
3157,we,116,2,1
3158,we,307,4,2
3159,we,309,0,0
3160,we,310,11,2
3161,we,311,8,2
3162,well,4,65,17
3163,well,9,21,2
3164,well,279,13,4
3165,well,305,27,11
3166,were,20,3,1
3167,were,307,14,5
3168,were,310,24,3
3169,what,81,18,5
3170,what,107,9,2
3171,what,301,29,6
3172,when,1,0,0
3173,when,6,1,0
3174,when,302,11,2
3175,when,311,1,0
3176,where,9,15,1
3177,where,33,1,0
3178,while,98,0,0
3179,whole,57,6,3
3180,whose,40,17,5
3181,widely,3,1,0
3182,widely,310,7,2
3183,will,55,3,0
3184,will,61,3,0
3185,will,62,9,0
3186,will,66,3,0
3187,will,69,1,0
3188,will,91,16,2
3189,will,92,5,1
3190,will,101,11,3
3191,will,103,14,4
3192,will,285,14,3
3193,with,0,1,1
3194,with,1,4,1
3195,with,1,15,3
3196,with,2,19,8
3197,with,6,3,1
3198,with,13,13,4
3199,with,19,19,4
3200,with,21,18,5
3201,with,25,21,7
3202,with,28,7,4
3203,with,28,18,7
3204,with,36,13,6
3205,with,45,21,7
3206,with,50,3,2
3207,with,50,20,9
3208,with,57,8,4
3209,with,68,23,8
3210,with,69,6,1
3211,with,80,13,3
3212,with,80,21,6
3213,with,81,8,3
3214,with,84,18,6
3215,with,88,15,5
3216,with,97,12,3
3217,with,98,7,3
3218,with,106,7,2
3219,with,106,22,6
3220,with,279,5,3
3221,with,281,13,3
3222,with,291,10,4
3223,with,311,3,1
3224,with,350,3,1
3225,without,21,20,5
3226,without,106,20,5
3227,work,14,5,1
3228,work,16,1,0
3229,work,279,12,4
3230,works,1,17,3
3231,world,4,6,1
3232,world,15,33,11
3233,world,18,26,5
3234,world,70,6,2
3235,wu,378,0,0
3236,wu1,0,11,3
3237,x,357,1,0
3238,xiong,379,0,0
3239,xiong1,0,9,3
3240,ysis,320,12,4
3241,zero,36,12,5
3242,||φ(xi),31,0,0
3243,||φ(xi),37,12,2
3244,||φ(xi),39,1,0
3245,||φ(xi)−a||2,38,1,0
3246,©,17,9,0
3247,αi,36,26,8
3248,αi,36,34,9
3249,αi,38,6,0
3250,αi,40,24,5
3251,αiφ(xi),36,33,9
3252,ξ,29,16,2
3253,ξ,33,21,6
3254,ξ,36,19,8
3255,ξ),29,18,2
3256,ξi,29,26,2
3257,ξi,31,4,0
3258,ξi,31,5,0
3259,‘over,56,18,5
3260,‘over,57,9,4
3261,‘over,60,9,3
3262,’over,62,6,0
3263,“class,8,6,1
3264,⇒0,38,4,0
3265,⇒αi,37,16,2
3266,⇒αi,39,5,0
3267,−a||2,31,1,0
3268,−a||2,37,13,2
3269,−a||2,39,2,0
3270,−βi,36,38,9
3271,≤r2,31,2,0
3272,≥0,31,6,0
