mean_fit_time,std_fit_time,mean_score_time,std_score_time,param_max_depth,param_min_samples_leaf,param_n_estimators,params,split0_test_score,split1_test_score,split2_test_score,split3_test_score,split4_test_score,mean_test_score,std_test_score,rank_test_score
0.1251673698425293,0.0015332430668287616,0.005508565902709961,0.0004418597986536796,3,1,100,"{'max_depth': 3, 'min_samples_leaf': 1, 'n_estimators': 100}",0.6563609621596492,0.6997419065252762,0.6417407121763007,0.6473554249272507,0.7256501350569934,0.6741698281690941,0.03283890583609509,3
0.3456858158111572,0.005228596221440068,0.010825490951538086,0.00039853870540233625,3,1,300,"{'max_depth': 3, 'min_samples_leaf': 1, 'n_estimators': 300}",0.656929716284202,0.6984437577982435,0.6415225182602384,0.6523954883547098,0.7182012972096382,0.6734985555814064,0.02953957029990494,5
0.5666696071624756,0.0017561682894590895,0.016982555389404297,0.0007011705656837598,3,1,500,"{'max_depth': 3, 'min_samples_leaf': 1, 'n_estimators': 500}",0.6562003216817222,0.6968243281153566,0.6418876150108773,0.6480143273470428,0.722364264301243,0.6730581712912483,0.031237496090068588,9
0.11724567413330078,0.0023698740609842304,0.004703807830810547,0.0001182750716662286,3,5,100,"{'max_depth': 3, 'min_samples_leaf': 5, 'n_estimators': 100}",0.6559962648584093,0.6993772092240365,0.6404985190898073,0.649327811515022,0.7256501350569934,0.6741699879488536,0.03276215898488755,2
0.3442544937133789,0.0035700468794510926,0.010776901245117187,0.0002505341908173242,3,5,300,"{'max_depth': 3, 'min_samples_leaf': 5, 'n_estimators': 300}",0.6562003216817222,0.6984437577982435,0.6415225182602384,0.6523954883547098,0.7182012972096382,0.6733526766609105,0.029622718054255273,6
0.5677930355072022,0.0007447779182197009,0.016579389572143555,0.00023699041822100526,3,5,500,"{'max_depth': 3, 'min_samples_leaf': 5, 'n_estimators': 500}",0.6558356243804822,0.6968243281153566,0.6418876150108773,0.6480143273470428,0.721999167550604,0.6729122124808725,0.031162023764825606,10
0.11796879768371582,0.0023635672562109956,0.00479278564453125,0.00011482943706481283,3,10,100,"{'max_depth': 3, 'min_samples_leaf': 10, 'n_estimators': 100}",0.6556315675571693,0.6993772092240365,0.6381610357513972,0.6482325212631052,0.7252850383063544,0.6733374744204126,0.03333993650456615,7
0.3463697910308838,0.00709482749301041,0.01081399917602539,0.0002420237434698896,3,10,300,"{'max_depth': 3, 'min_samples_leaf': 10, 'n_estimators': 300}",0.656929716284202,0.6984437577982435,0.6415225182602384,0.652030391604071,0.7174711037083604,0.673279497531023,0.029371699417119427,8
0.5694262981414795,0.0015579300882225483,0.01669917106628418,7.672717354470298e-05,3,10,500,"{'max_depth': 3, 'min_samples_leaf': 10, 'n_estimators': 500}",0.6558356243804822,0.6968243281153566,0.6418876150108773,0.647649230596404,0.7216340707999652,0.6727661737806171,0.03110580614191964,11
0.1473252296447754,0.00258377563890985,0.005539226531982422,0.00019092010800740567,5,1,100,"{'max_depth': 5, 'min_samples_leaf': 1, 'n_estimators': 100}",0.6657996756465028,0.6568478931717444,0.6508681309422736,0.608415372085437,0.7339004574871119,0.663166305866614,0.0404946589990147,16
0.4392999649047852,0.00471762843309529,0.013280344009399415,0.00023101357318018408,5,1,300,"{'max_depth': 5, 'min_samples_leaf': 1, 'n_estimators': 300}",0.6743049377075635,0.6609767876179254,0.6553249037030316,0.6026451151566999,0.7339760692402028,0.6654455626850846,0.042050476223432436,14
0.7236598491668701,0.003291792557631192,0.02085428237915039,0.0003055157630295728,5,1,500,"{'max_depth': 5, 'min_samples_leaf': 1, 'n_estimators': 500}",0.6773831565954104,0.6584673228546314,0.6576623870414418,0.6047644045790478,0.735583359077335,0.6667721260295733,0.042058279524761516,13
0.1506441593170166,0.0020616058345418018,0.005877351760864258,0.00014029993246144755,5,5,100,"{'max_depth': 5, 'min_samples_leaf': 5, 'n_estimators': 100}",0.6717520565988838,0.6810301296078102,0.652475420779406,0.5791233789380221,0.7308327806474239,0.6630427533143093,0.04929303274918634,17
0.43403186798095705,0.003012762488244606,0.013273048400878906,0.00017007534819858027,5,5,300,"{'max_depth': 5, 'min_samples_leaf': 5, 'n_estimators': 300}",0.6486639120665378,0.6578985687300786,0.6522572268633436,0.6016967277393599,0.7303963928152992,0.6581825656429239,0.04130685603711798,18
0.7222444534301757,0.002734737542338727,0.02120509147644043,0.0004920031493316356,5,5,500,"{'max_depth': 5, 'min_samples_leaf': 5, 'n_estimators': 500}",0.6495539471469449,0.6822848619894571,0.6549598069523926,0.6049113074136244,0.7305432956498757,0.6644506438304589,0.041335742643743754,15
0.14628958702087402,0.0022009069609590626,0.005518436431884766,0.0001174678443393172,5,10,100,"{'max_depth': 5, 'min_samples_leaf': 10, 'n_estimators': 100}",0.6722773943780509,0.7061458174696686,0.6502848402755724,0.5988472448157341,0.7309796834820004,0.6717069960842053,0.04575382248158733,12
0.4311201572418213,0.0025690708379968803,0.01362614631652832,0.0004149150630284466,5,10,300,"{'max_depth': 5, 'min_samples_leaf': 10, 'n_estimators': 300}",0.6770184592941705,0.70735713350593,0.6547416130363303,0.6002363407368042,0.7330989729043482,0.6744905038955167,0.04566236519623923,1
0.7141711711883545,0.0029474121053747453,0.020994043350219725,0.0003167553763959691,5,10,500,"{'max_depth': 5, 'min_samples_leaf': 10, 'n_estimators': 500}",0.6771790997720976,0.7055770633451158,0.6538645167004759,0.6030858236604297,0.7296661993140213,0.6738745405584281,0.04368094033831791,4
0.21365814208984374,0.0028523875864312088,0.007969427108764648,0.0004261087495564763,10,1,100,"{'max_depth': 10, 'min_samples_leaf': 1, 'n_estimators': 100}",0.553631877483081,0.46937644776813264,0.5636921003000707,0.5225614669544234,0.5175737916701771,0.5253671368351769,0.03307949111767514,31
0.6369972705841065,0.003418841990850848,0.02087392807006836,0.0006719575732247625,10,1,300,"{'max_depth': 10, 'min_samples_leaf': 1, 'n_estimators': 300}",0.5588982801783677,0.47626228014630634,0.5565327474502636,0.5215374677839923,0.48321995170929366,0.5192901454536447,0.03496661913073188,33
1.0574443817138672,0.010710044117256028,0.03336482048034668,0.0006834335237826971,10,1,500,"{'max_depth': 10, 'min_samples_leaf': 1, 'n_estimators': 500}",0.5617724422429018,0.47642292062423347,0.5620848104629385,0.5195650811962211,0.4902324017245241,0.5220155312501638,0.03544296059844307,32
0.20613722801208495,0.0047698224087371855,0.007595968246459961,0.00011685083067081177,10,5,100,"{'max_depth': 10, 'min_samples_leaf': 5, 'n_estimators': 100}",0.5731822578102665,0.5333664633445815,0.6486559470804142,0.5509093933561032,0.604197316430866,0.5820622756044462,0.04085417000280017,27
0.6120763778686523,0.004966080325406154,0.01976299285888672,0.0001842089892957721,10,5,300,"{'max_depth': 10, 'min_samples_leaf': 5, 'n_estimators': 300}",0.599392037575845,0.5306529417579746,0.6447111739048719,0.5783759027503236,0.6001812521738379,0.5906626616325706,0.03698696573756322,25
1.0058539867401124,0.006562279342592306,0.032357978820800784,0.0007381009858234523,10,5,500,"{'max_depth': 10, 'min_samples_leaf': 5, 'n_estimators': 500}",0.5643557147933516,0.5362406254091155,0.6465366576580664,0.5756733226612746,0.6016416391763936,0.5848895919396403,0.037294217977785,26
0.19682998657226564,0.0016598093700596573,0.007515144348144531,0.00014232965356648808,10,10,100,"{'max_depth': 10, 'min_samples_leaf': 10, 'n_estimators': 100}",0.5826593780641921,0.6179351586900821,0.6359488518895378,0.5753125465822407,0.6412580571524037,0.6106227984756913,0.027063501020763263,20
0.5876165866851807,0.008634336143305176,0.019440412521362305,0.000427012507412915,10,10,300,"{'max_depth': 10, 'min_samples_leaf': 10, 'n_estimators': 300}",0.5960229291739139,0.5908353438440965,0.6384332380625244,0.5735583539105318,0.6340274132211111,0.6065754556424355,0.025368343330596378,21
0.9713065147399902,0.0008177878681983082,0.03134498596191406,0.00048503548058120415,10,10,500,"{'max_depth': 10, 'min_samples_leaf': 10, 'n_estimators': 500}",0.592580012984827,0.5884865195587295,0.6434733014899836,0.5753838376637265,0.6308128335468466,0.6061473010488226,0.026244938521715118,22
0.272949743270874,0.0029691041492712093,0.012331485748291016,0.0002481924811852523,,1,100,"{'max_depth': None, 'min_samples_leaf': 1, 'n_estimators': 100}",0.5298484034807885,0.43024529567199155,0.49968135046911694,0.4854339358509887,0.4211146180562307,0.47326472070582326,0.041516130403212365,36
0.8236106872558594,0.008045401901791068,0.035424232482910156,0.0008179225317193284,,1,300,"{'max_depth': None, 'min_samples_leaf': 1, 'n_estimators': 300}",0.5345460520515225,0.4327981767806713,0.5043563171459372,0.48740632243875986,0.44998768608592515,0.4818189109005632,0.036703036683011794,34
1.3752606868743897,0.013279249253876978,0.057643461227416995,0.001121233005835198,,1,500,"{'max_depth': None, 'min_samples_leaf': 1, 'n_estimators': 500}",0.5352754466540025,0.4327981767806713,0.5004115439703948,0.48704122568812097,0.44494762265846605,0.4800948031503311,0.03735832256293468,35
0.23556218147277833,0.0021335562215819815,0.009645223617553711,0.00014884722224985062,,5,100,"{'max_depth': None, 'min_samples_leaf': 5, 'n_estimators': 100}",0.5562281749371465,0.5151142317444287,0.6352813081265353,0.546154494254587,0.5520163854269508,0.5609589188979297,0.03986746220459286,30
0.7029106616973877,0.003037912002432651,0.026353788375854493,0.0005695326210081489,,5,300,"{'max_depth': None, 'min_samples_leaf': 5, 'n_estimators': 300}",0.5608824071624947,0.5170983587285557,0.6341104061215276,0.5418446243284056,0.5590288354421812,0.5625929263566329,0.03906565307940555,29
1.188091516494751,0.005397960675934707,0.04300322532653809,0.00029505786376615554,,5,500,"{'max_depth': None, 'min_samples_leaf': 5, 'n_estimators': 500}",0.5576435477967207,0.5179883938089628,0.6327969219535485,0.5651481666310211,0.5520163854269508,0.5651186831234407,0.03749441799620032,28
0.22044672966003417,0.0009500875927148746,0.008681726455688477,9.387571015574787e-05,,10,100,"{'max_depth': None, 'min_samples_leaf': 10, 'n_estimators': 100}",0.5926234293302127,0.6356830927399856,0.6401118189811424,0.5775744181675599,0.6240185774476785,0.6140022673333159,0.024641981475027913,19
0.6511522769927979,0.00407811886330487,0.02302408218383789,0.00014764860485889684,,10,300,"{'max_depth': None, 'min_samples_leaf': 10, 'n_estimators': 300}",0.5931921834547654,0.5553170996278217,0.637845626724218,0.5804951921726712,0.6254789644502342,0.5984658132859421,0.02997681079568601,24
1.0777526378631592,0.003653036246868983,0.037511157989501956,0.0005432271009566173,,10,500,"{'max_depth': None, 'min_samples_leaf': 10, 'n_estimators': 500}",0.5931921834547654,0.5553170996278217,0.639599819395927,0.5855352556001305,0.6226294815266086,0.5992547679210507,0.029426515452675724,23
