word,class_type,spacy_label,word_length,vowel_count,open_count,closed_count,noun,verb,adjective,adverb,auxiliary,conjunctions,determiners,prepositions,pronouns,frequency,log_relative_frequency,avg_sentiment
this,open,closed,4,1,2,2,1,0,0,1,0,0,1,0,1,19116,-0.7479567035593926,0.3734599602427385
that,open,closed,4,1,2,3,1,0,0,1,0,1,1,0,1,9933,-0.862733719757254,0.3483680157052237
so,closed,open,2,1,2,1,1,0,0,1,0,1,0,0,0,8327,-0.8936534297502559,0.4626324846883607
have,closed,open,4,2,1,1,0,1,0,0,1,0,0,0,0,7620,-0.9092092259169874,0.3522758398950097
can,open,closed,3,1,2,0,1,1,0,0,0,0,0,0,0,5909,-0.9537936325743164,0.4809369605686223
as,open,closed,2,1,1,0,1,0,0,0,0,0,0,0,0,4968,-0.98420490237696,0.3741810789049904
when,open,closed,4,1,2,1,1,0,0,1,0,1,0,0,0,4482,-1.0022539723949475,0.1929860553324405
has,closed,open,3,1,0,1,0,0,0,0,1,0,0,0,0,3852,-1.0288112406841785,0.3861653426791272
do,closed,open,2,1,2,1,1,1,0,0,1,0,0,0,0,3769,-1.032630246711787,0.238011514990714
its,open,closed,3,1,1,0,1,0,0,0,0,0,0,0,0,3602,-1.0405759332334257,0.3937023875624648
will,open,closed,4,1,2,0,1,1,0,0,0,0,0,0,0,3210,-1.0607762669810383,0.34177492211838
now,closed,open,3,1,2,1,1,0,0,1,0,1,0,0,0,2691,-1.0916957605242743,0.2308651430694901
some,open,closed,4,2,2,1,0,0,1,1,0,0,0,0,1,2124,-1.1331790690859913,0.3575925612052737
every,open,closed,5,2,1,0,0,0,1,0,0,0,0,0,0,2077,-1.1371021777573236,0.3744797785267214
there,open,closed,5,2,2,0,1,0,0,1,0,0,0,0,0,2070,-1.1376940547497754,0.2887937198067631
after,open,closed,5,2,2,1,0,0,1,1,0,1,0,0,0,1818,-1.1604529190821349,0.0845458745874587
something,open,closed,9,3,2,1,1,0,0,1,0,0,0,0,1,1563,-1.1869493615722664,0.1879227127319259
anything,open,closed,8,2,2,1,1,0,0,1,0,0,0,0,1,1463,-1.1985413059872465,0.3605200956937798
should,open,closed,6,2,1,0,1,0,0,0,0,0,0,0,0,1316,-1.2171065808036294,0.3320230243161097
had,closed,open,3,1,0,1,0,0,0,0,1,0,0,0,0,1256,-1.2252879525625395,0.282767436305733
being,open,closed,5,2,2,1,1,1,0,0,1,0,0,0,0,888,-1.2860749137723235,0.2738155405405408
off,open,closed,3,1,2,0,0,0,1,1,0,0,0,0,0,860,-1.2916921254887557,0.0950458139534881
through,open,closed,7,2,3,0,1,0,1,1,0,0,0,0,0,747,-1.3163892812342026,0.4321618473895589
did,closed,open,3,1,1,1,0,1,0,0,1,0,0,0,0,702,-1.3272823651452876,0.1795519943019943
few,closed,open,3,1,2,1,1,0,1,0,0,0,0,0,1,646,-1.3418575879229095,0.3286614551083592
cannot,open,closed,6,2,1,0,1,0,0,0,0,0,0,0,0,590,-1.3577552781461508,0.0146267796610169
nothing,open,closed,7,2,2,0,1,0,0,1,0,0,0,0,0,586,-1.3589479511404277,0.0655793515358361
im,open,closed,2,1,1,0,1,0,0,0,0,0,0,0,0,532,-1.3758974580097612,0.3751007518796992
yet,closed,open,3,1,2,1,1,0,0,1,0,1,0,0,0,477,-1.3950298493550115,0.3252002096436057
were,open,closed,4,2,2,1,1,1,0,0,1,0,0,0,0,448,-1.4060266324111774,0.289985044642857
plus,open,closed,4,1,2,1,1,0,1,0,0,1,0,0,0,400,-1.425895672966381,0.2475947499999999
must,open,closed,4,1,2,0,1,0,1,0,0,0,0,0,0,387,-1.4316882946564624,0.4428080103359177
each,open,closed,4,2,3,1,1,0,1,1,0,0,0,0,1,380,-1.4348885289554485,0.4690597368421051
however,closed,open,7,3,1,1,0,0,0,1,0,1,0,0,0,378,-1.4358137145010563,0.4958108465608469
cant,open,closed,4,1,3,0,1,1,1,0,0,0,0,0,0,357,-1.4458348564527213,-0.021995238095238
whatever,open,closed,8,3,1,0,0,0,1,0,0,0,0,0,0,342,-1.4533605720472,0.352688596491228
may,open,closed,3,1,1,0,1,0,0,0,0,0,0,0,0,339,-1.454905271502571,0.4127713864306783
between,open,closed,7,3,2,0,1,0,0,1,0,0,0,0,0,272,-1.4935108884002817,0.3423036764705882
might,open,closed,5,1,1,0,1,0,0,0,0,0,0,0,0,263,-1.4994101375858422,0.3977577946768061
across,open,closed,6,2,3,0,1,0,1,1,0,0,0,0,0,222,-1.5291231659242346,0.5000364864864861
within,open,closed,6,2,1,0,0,0,0,1,0,0,0,0,0,199,-1.5482986091733006,0.3317286432160801
either,closed,open,6,3,1,2,0,0,0,1,0,1,0,0,1,196,-1.550961783226917,0.1909704081632653
unlike,open,closed,6,3,1,0,0,0,1,0,0,0,0,0,0,194,-1.5527599759547712,0.4386438144329899
immediately,closed,open,11,5,1,1,0,0,0,1,0,1,0,0,0,180,-1.565891842134088,0.0704388888888889
beyond,open,closed,6,2,1,0,0,0,0,1,0,0,0,0,0,167,-1.5790345310088023,0.4515532934131732
till,open,closed,4,1,2,1,1,1,0,0,0,1,0,0,0,155,-1.5921080827841096,0.2872987096774191
despite,open,closed,7,3,1,0,1,0,0,0,0,0,0,0,0,152,-1.595534685421888,-0.0553513157894737
under,open,closed,5,2,2,1,0,0,1,1,0,0,0,1,0,134,-1.617632428709856,0.2219537313432835
thats,open,closed,5,1,1,0,1,0,0,0,0,0,0,0,0,133,-1.618945710161672,0.2379962406015038
along,open,closed,5,2,1,0,0,0,0,1,0,0,0,0,0,130,-1.622945630892791,0.5139038461538457
directly,closed,open,8,2,1,1,0,0,0,1,0,1,0,0,0,118,-1.6399255606885457,0.2789025423728814
ya,open,closed,2,1,1,0,1,0,0,0,0,0,0,0,0,115,-1.6444405463523295,0.3530573913043479
via,open,closed,3,2,1,0,1,0,0,0,0,0,0,0,0,99,-1.670705972653968,0.1356080808080807
id,open,closed,2,1,1,0,1,0,0,0,0,0,0,0,0,92,-1.6835625767428135,0.3811250000000001
near,open,closed,4,2,3,0,1,0,1,1,0,0,0,0,0,70,-1.73147698024856,0.2355357142857144
thankyou,open,closed,8,3,1,0,1,0,0,0,0,0,0,0,0,66,-1.7417930293413122,0.6341045454545455
wo,open,closed,2,1,1,0,1,0,0,0,0,0,0,0,0,52,-1.7835917873592306,0.0983365384615384
theres,open,closed,6,2,1,0,1,0,0,0,0,0,0,0,0,45,-1.8089400942859988,0.1613266666666667
neither,open,closed,7,3,2,2,0,0,1,1,0,1,0,0,1,32,-1.8687121119752157,0.04353125
below,open,closed,5,2,1,0,0,0,0,1,0,0,0,0,0,27,-1.8984991940650944,0.0928333333333333
nobody,open,closed,6,2,1,1,1,0,0,0,0,0,0,0,1,26,-1.905115913435186,0.1767307692307693
toward,open,closed,6,2,1,0,0,0,1,0,0,0,0,0,0,23,-1.9266108288947248,0.4997608695652173
somebody,open,closed,8,3,1,1,1,0,0,0,0,0,0,0,1,22,-1.9344042121046117,0.3380681818181817
pe,open,closed,2,1,1,0,1,0,0,0,0,0,0,0,0,20,-1.9511142076606869,0.0968349999999999
fi,closed,open,2,1,0,1,0,0,0,0,0,1,0,0,0,20,-1.9511142076606869,0.29871
whereas,open,closed,7,3,1,1,1,0,0,0,0,1,0,0,0,20,-1.9511142076606869,0.24267
em,open,closed,2,1,1,0,1,0,0,0,0,0,0,0,0,15,-2.0015512770492982,0.24604
cos,open,closed,3,1,1,0,1,0,0,0,0,0,0,0,0,12,-2.0406733074397825,0.3893250000000001
yea,closed,open,3,2,2,1,1,0,0,1,0,1,0,0,0,11,-2.055928338180567,0.4252545454545454
ut,open,closed,2,1,1,0,1,0,0,0,0,0,0,0,0,10,-2.072638333736642,0.2633
ro,open,closed,2,1,1,0,1,0,0,0,0,0,0,0,0,9,-2.0911103768283934,0.3547555555555555
wherever,open,closed,8,3,1,1,0,0,0,1,0,1,0,0,0,9,-2.0911103768283934,0.6679
iv,open,closed,2,1,1,0,1,0,0,0,0,0,0,0,0,9,-2.0911103768283934,0.6581222222222222
ourselves,open,closed,9,4,1,1,1,0,0,0,0,0,0,0,1,8,-2.111760364127126,0.5986125
shes,open,closed,4,1,1,0,1,0,0,0,0,0,0,0,0,8,-2.111760364127126,0.5703875
arent,open,closed,5,2,1,0,1,0,0,0,0,0,0,0,0,7,-2.13517138886691,-0.0920714285714285
nu,open,closed,2,1,1,0,1,0,0,0,0,0,0,0,0,7,-2.13517138886691,0.2378285714285714
ip,open,closed,2,1,1,0,1,0,0,0,0,0,0,0,0,7,-2.13517138886691,0.1055571428571428
whos,open,closed,4,1,1,0,1,0,0,0,0,0,0,0,0,6,-2.162197433515738,0.8287666666666667
epstein,open,closed,7,3,1,0,1,0,0,0,0,0,0,0,0,5,-2.1941624598125973,-0.4093400000000001
nike,open,closed,4,2,1,0,1,0,0,0,0,0,0,0,0,5,-2.1941624598125973,0.6192599999999999
