"filename", "language", "Python", "CSV", "Markdown", "JSON", "comment", "blank", "total"
"/home/michael/Desktop/projects/pos_analysis/.ipynb_checkpoints/load_data-checkpoint.py", "Python", 21, 0, 0, 0, 4, 7, 32
"/home/michael/Desktop/projects/pos_analysis/CBOW/prob_functions.py", "Python", 137, 0, 0, 0, 14, 30, 181
"/home/michael/Desktop/projects/pos_analysis/add_features.py", "Python", 46, 0, 0, 0, 21, 16, 83
"/home/michael/Desktop/projects/pos_analysis/aggregate.py", "Python", 33, 0, 0, 0, 19, 7, 59
"/home/michael/Desktop/projects/pos_analysis/analyze_single_document/3d_chart.py", "Python", 69, 0, 0, 0, 8, 26, 103
"/home/michael/Desktop/projects/pos_analysis/analyze_single_document/PCA.py", "Python", 0, 0, 0, 0, 0, 1, 1
"/home/michael/Desktop/projects/pos_analysis/analyze_single_document/add_features.py", "Python", 35, 0, 0, 0, 18, 14, 67
"/home/michael/Desktop/projects/pos_analysis/analyze_single_document/backup_csvs/50k_reviews.csv", "CSV", 0, 50001, 0, 0, 0, 1, 50002
"/home/michael/Desktop/projects/pos_analysis/analyze_single_document/backup_csvs/adjs.csv", "CSV", 0, 21480, 0, 0, 0, 1, 21481
"/home/michael/Desktop/projects/pos_analysis/analyze_single_document/backup_csvs/advs.csv", "CSV", 0, 4482, 0, 0, 0, 1, 4483
"/home/michael/Desktop/projects/pos_analysis/analyze_single_document/backup_csvs/nouns.csv", "CSV", 0, 117799, 0, 0, 0, 1, 117800
"/home/michael/Desktop/projects/pos_analysis/analyze_single_document/backup_csvs/verbs.csv", "CSV", 0, 11530, 0, 0, 0, 1, 11531
"/home/michael/Desktop/projects/pos_analysis/analyze_single_document/clean_data.py", "Python", 54, 0, 0, 0, 3, 19, 76
"/home/michael/Desktop/projects/pos_analysis/analyze_single_document/cluster_words.py", "Python", 113, 0, 0, 0, 15, 24, 152
"/home/michael/Desktop/projects/pos_analysis/analyze_single_document/data/ambiguous_word_predictions.csv", "CSV", 0, 362, 0, 0, 0, 1, 363
"/home/michael/Desktop/projects/pos_analysis/analyze_single_document/data/ambiguous_words.csv", "CSV", 0, 1205, 0, 0, 0, 1, 1206
"/home/michael/Desktop/projects/pos_analysis/analyze_single_document/data/class_summary_statistics.csv", "CSV", 0, 6, 0, 0, 0, 1, 7
"/home/michael/Desktop/projects/pos_analysis/analyze_single_document/data/dbscan_results.csv", "CSV", 0, 7821, 0, 0, 0, 1, 7822
"/home/michael/Desktop/projects/pos_analysis/analyze_single_document/data/dict/csvs/adjs.csv", "CSV", 0, 21480, 0, 0, 0, 1, 21481
"/home/michael/Desktop/projects/pos_analysis/analyze_single_document/data/dict/csvs/advs.csv", "CSV", 0, 4482, 0, 0, 0, 1, 4483
"/home/michael/Desktop/projects/pos_analysis/analyze_single_document/data/dict/csvs/l/adjs.csv", "CSV", 0, 21480, 0, 0, 0, 1, 21481
"/home/michael/Desktop/projects/pos_analysis/analyze_single_document/data/dict/csvs/l/advs.csv", "CSV", 0, 4482, 0, 0, 0, 1, 4483
"/home/michael/Desktop/projects/pos_analysis/analyze_single_document/data/dict/csvs/l/nouns.csv", "CSV", 0, 117799, 0, 0, 0, 1, 117800
"/home/michael/Desktop/projects/pos_analysis/analyze_single_document/data/dict/csvs/l/verbs.csv", "CSV", 0, 11530, 0, 0, 0, 1, 11531
"/home/michael/Desktop/projects/pos_analysis/analyze_single_document/data/dict/csvs/nouns.csv", "CSV", 0, 117799, 0, 0, 0, 1, 117800
"/home/michael/Desktop/projects/pos_analysis/analyze_single_document/data/dict/csvs/plural-nouns2.csv", "CSV", 0, 90963, 0, 0, 0, 1, 90964
"/home/michael/Desktop/projects/pos_analysis/analyze_single_document/data/dict/csvs/verbs.csv", "CSV", 0, 11530, 0, 0, 0, 1, 11531
"/home/michael/Desktop/projects/pos_analysis/analyze_single_document/data/dict/intermediate_data/50k_reviews.csv", "CSV", 0, 50001, 0, 0, 0, 1, 50002
"/home/michael/Desktop/projects/pos_analysis/analyze_single_document/data/dict/intermediate_data/Adjectives2_202604300830.csv", "CSV", 0, 28480, 0, 0, 0, 1, 28481
"/home/michael/Desktop/projects/pos_analysis/analyze_single_document/data/dict/intermediate_data/Adverbs2_202604300831.csv", "CSV", 0, 6277, 0, 0, 0, 1, 6278
"/home/michael/Desktop/projects/pos_analysis/analyze_single_document/data/dict/intermediate_data/Nouns2_202604300832.csv", "CSV", 0, 277046, 0, 0, 0, 1, 277047
"/home/michael/Desktop/projects/pos_analysis/analyze_single_document/data/dict/intermediate_data/The_ Generative_AI_Ecosystem_50k_User_Reviews_2026.csv", "CSV", 0, 50001, 0, 0, 0, 1, 50002
"/home/michael/Desktop/projects/pos_analysis/analyze_single_document/data/dict/intermediate_data/Verbs2_202604300832.csv", "CSV", 0, 526, 0, 0, 0, 1, 527
"/home/michael/Desktop/projects/pos_analysis/analyze_single_document/data/dict/intermediate_data/conjunctions-in-english.csv", "CSV", 0, 246, 0, 0, 0, 1, 247
"/home/michael/Desktop/projects/pos_analysis/analyze_single_document/data/dict/intermediate_data/kaggle_sets/adjectives.csv", "CSV", 0, 28479, 0, 0, 0, 1, 28480
"/home/michael/Desktop/projects/pos_analysis/analyze_single_document/data/dict/intermediate_data/kaggle_sets/adverbs.csv", "CSV", 0, 6276, 0, 0, 0, 1, 6277
"/home/michael/Desktop/projects/pos_analysis/analyze_single_document/data/dict/intermediate_data/kaggle_sets/nouns.csv", "CSV", 0, 141897, 0, 0, 0, 1, 141898
"/home/michael/Desktop/projects/pos_analysis/analyze_single_document/data/dict/intermediate_data/kaggle_sets/plural-nouns.csv", "CSV", 0, 90963, 0, 0, 0, 1, 90964
"/home/michael/Desktop/projects/pos_analysis/analyze_single_document/data/dict/intermediate_data/kaggle_sets/verbs.csv", "CSV", 0, 175, 0, 0, 0, 0, 175
"/home/michael/Desktop/projects/pos_analysis/analyze_single_document/data/dict/intermediate_data/kaggle_sets/words-multiple-present-participle.csv", "CSV", 0, 385, 0, 0, 0, 1, 386
"/home/michael/Desktop/projects/pos_analysis/analyze_single_document/data/dict/intermediate_data/nouns2.csv", "CSV", 0, 277046, 0, 0, 0, 1, 277047
"/home/michael/Desktop/projects/pos_analysis/analyze_single_document/data/dict/intermediate_data/nouns2_clean.csv", "CSV", 0, 277046, 0, 0, 0, 1, 277047
"/home/michael/Desktop/projects/pos_analysis/analyze_single_document/data/dict/intermediate_data/verbs2.csv", "CSV", 0, 526, 0, 0, 0, 1, 527
"/home/michael/Desktop/projects/pos_analysis/analyze_single_document/data/dict/intermediate_data/wordnet_data/adjectives.csv", "CSV", 0, 18157, 0, 0, 0, 1, 18158
"/home/michael/Desktop/projects/pos_analysis/analyze_single_document/data/dict/intermediate_data/wordnet_data/adverbs.csv", "CSV", 0, 3622, 0, 0, 0, 1, 3623
"/home/michael/Desktop/projects/pos_analysis/analyze_single_document/data/dict/intermediate_data/wordnet_data/nouns.csv", "CSV", 0, 82116, 0, 0, 0, 1, 82117
"/home/michael/Desktop/projects/pos_analysis/analyze_single_document/data/dict/intermediate_data/wordnet_data/verbs.csv", "CSV", 0, 13768, 0, 0, 0, 1, 13769
"/home/michael/Desktop/projects/pos_analysis/analyze_single_document/data/dict/working_set/closed_class/auxiliary.csv", "CSV", 0, 15, 0, 0, 0, 1, 16
"/home/michael/Desktop/projects/pos_analysis/analyze_single_document/data/dict/working_set/closed_class/compositions.csv", "CSV", 0, 5, 0, 0, 0, 1, 6
"/home/michael/Desktop/projects/pos_analysis/analyze_single_document/data/dict/working_set/closed_class/conjunctions.csv", "CSV", 0, 246, 0, 0, 0, 1, 247
"/home/michael/Desktop/projects/pos_analysis/analyze_single_document/data/dict/working_set/closed_class/determiners.csv", "CSV", 0, 8, 0, 0, 0, 1, 9
"/home/michael/Desktop/projects/pos_analysis/analyze_single_document/data/dict/working_set/closed_class/existential_determiners.csv", "CSV", 0, 10, 0, 0, 0, 1, 11
"/home/michael/Desktop/projects/pos_analysis/analyze_single_document/data/dict/working_set/closed_class/modifiers.csv", "CSV", 0, 10, 0, 0, 0, 1, 11
"/home/michael/Desktop/projects/pos_analysis/analyze_single_document/data/dict/working_set/closed_class/negative_quantifiers.csv", "CSV", 0, 10, 0, 0, 0, 1, 11
"/home/michael/Desktop/projects/pos_analysis/analyze_single_document/data/dict/working_set/closed_class/posessive_det.csv", "CSV", 0, 9, 0, 0, 0, 1, 10
"/home/michael/Desktop/projects/pos_analysis/analyze_single_document/data/dict/working_set/closed_class/prepositions.csv", "CSV", 0, 15, 0, 0, 0, 1, 16
"/home/michael/Desktop/projects/pos_analysis/analyze_single_document/data/dict/working_set/closed_class/pronouns.csv", "CSV", 0, 64, 0, 0, 0, 1, 65
"/home/michael/Desktop/projects/pos_analysis/analyze_single_document/data/dict/working_set/closed_class/universal_determiners.csv", "CSV", 0, 9, 0, 0, 0, 1, 10
"/home/michael/Desktop/projects/pos_analysis/analyze_single_document/data/dict/working_set/clustered_word_features.csv", "CSV", 0, 6609, 0, 0, 0, 1, 6610
"/home/michael/Desktop/projects/pos_analysis/analyze_single_document/data/dict/working_set/open_class/adjectives.csv", "CSV", 0, 32094, 0, 0, 0, 1, 32095
"/home/michael/Desktop/projects/pos_analysis/analyze_single_document/data/dict/working_set/open_class/adverbs.csv", "CSV", 0, 6762, 0, 0, 0, 1, 6763
"/home/michael/Desktop/projects/pos_analysis/analyze_single_document/data/dict/working_set/open_class/expanded_verbs.csv", "CSV", 0, 26491, 0, 0, 0, 1, 26492
"/home/michael/Desktop/projects/pos_analysis/analyze_single_document/data/dict/working_set/open_class/nouns.csv", "CSV", 0, 316400, 0, 0, 0, 1, 316401
"/home/michael/Desktop/projects/pos_analysis/analyze_single_document/data/dict/working_set/reviews.csv", "CSV", 0, 50001, 0, 0, 0, 1, 50002
"/home/michael/Desktop/projects/pos_analysis/analyze_single_document/data/dict/working_set/unclassified_words.csv", "CSV", 0, 11636, 0, 0, 0, 1, 11637
"/home/michael/Desktop/projects/pos_analysis/analyze_single_document/data/dict/working_set/word_sentiment_stats.csv", "CSV", 0, 29852, 0, 0, 0, 1, 29853
"/home/michael/Desktop/projects/pos_analysis/analyze_single_document/data/error_label_audit_sample.csv", "CSV", 0, 120, 0, 0, 0, 1, 121
"/home/michael/Desktop/projects/pos_analysis/analyze_single_document/data/excluded_low_confidence_words.csv", "CSV", 0, 1492, 0, 0, 0, 1, 1493
"/home/michael/Desktop/projects/pos_analysis/analyze_single_document/data/final_prediction_statistics.csv", "CSV", 0, 5, 0, 0, 0, 1, 6
"/home/michael/Desktop/projects/pos_analysis/analyze_single_document/data/final_resolved_predictions.csv", "CSV", 0, 2347, 0, 0, 0, 1, 2348
"/home/michael/Desktop/projects/pos_analysis/analyze_single_document/data/grid_search_results.csv", "CSV", 0, 37, 0, 0, 0, 1, 38
"/home/michael/Desktop/projects/pos_analysis/analyze_single_document/data/included_low_confidence_words.csv", "CSV", 0, 1492, 0, 0, 0, 1, 1493
"/home/michael/Desktop/projects/pos_analysis/analyze_single_document/data/label_audit_sample.csv", "CSV", 0, 201, 0, 0, 0, 1, 202
"/home/michael/Desktop/projects/pos_analysis/analyze_single_document/data/label_audit_sample_checked.csv", "CSV", 0, 201, 0, 0, 0, 1, 202
"/home/michael/Desktop/projects/pos_analysis/analyze_single_document/data/label_disagreements_with_spacy.csv", "CSV", 0, 82, 0, 0, 0, 1, 83
"/home/michael/Desktop/projects/pos_analysis/analyze_single_document/data/likely_pos_gaps.csv", "CSV", 0, 2162, 0, 0, 0, 1, 2163
"/home/michael/Desktop/projects/pos_analysis/analyze_single_document/data/lowest_certainty_words.csv", "CSV", 0, 2347, 0, 0, 0, 1, 2348
"/home/michael/Desktop/projects/pos_analysis/analyze_single_document/data/model_comparison.csv", "CSV", 0, 5, 0, 0, 0, 1, 6
"/home/michael/Desktop/projects/pos_analysis/analyze_single_document/data/output/verbs.csv", "CSV", 0, 7658, 0, 0, 0, 1, 7659
"/home/michael/Desktop/projects/pos_analysis/analyze_single_document/data/pos/core_pos/adjectives.csv", "CSV", 0, 49959, 0, 0, 0, 1, 49960
"/home/michael/Desktop/projects/pos_analysis/analyze_single_document/data/pos/core_pos/adverbs.csv", "CSV", 0, 10758, 0, 0, 0, 1, 10759
"/home/michael/Desktop/projects/pos_analysis/analyze_single_document/data/pos/core_pos/expanded_verbs.csv", "CSV", 0, 37535, 0, 0, 0, 1, 37536
"/home/michael/Desktop/projects/pos_analysis/analyze_single_document/data/pos/core_pos/nouns.csv", "CSV", 0, 394844, 0, 0, 0, 1, 394845
"/home/michael/Desktop/projects/pos_analysis/analyze_single_document/data/pos/core_pos/plural_nouns.csv", "CSV", 0, 90964, 0, 0, 0, 1, 90965
"/home/michael/Desktop/projects/pos_analysis/analyze_single_document/data/pos/core_pos/verbs.csv", "CSV", 0, 12055, 0, 0, 0, 1, 12056
"/home/michael/Desktop/projects/pos_analysis/analyze_single_document/data/pos/directors/auxiliary.csv", "CSV", 0, 15, 0, 0, 0, 1, 16
"/home/michael/Desktop/projects/pos_analysis/analyze_single_document/data/pos/directors/compositions.csv", "CSV", 0, 5, 0, 0, 0, 1, 6
"/home/michael/Desktop/projects/pos_analysis/analyze_single_document/data/pos/directors/conjunctions.csv", "CSV", 0, 246, 0, 0, 0, 1, 247
"/home/michael/Desktop/projects/pos_analysis/analyze_single_document/data/pos/directors/determiners.csv", "CSV", 0, 8, 0, 0, 0, 1, 9
"/home/michael/Desktop/projects/pos_analysis/analyze_single_document/data/pos/directors/existential_determiners.csv", "CSV", 0, 10, 0, 0, 0, 1, 11
"/home/michael/Desktop/projects/pos_analysis/analyze_single_document/data/pos/directors/modifiers.csv", "CSV", 0, 10, 0, 0, 0, 1, 11
"/home/michael/Desktop/projects/pos_analysis/analyze_single_document/data/pos/directors/negative_quantifiers.csv", "CSV", 0, 10, 0, 0, 0, 1, 11
"/home/michael/Desktop/projects/pos_analysis/analyze_single_document/data/pos/directors/prepositions.csv", "CSV", 0, 15, 0, 0, 0, 1, 16
"/home/michael/Desktop/projects/pos_analysis/analyze_single_document/data/pos/directors/universal_determiners.csv", "CSV", 0, 9, 0, 0, 0, 1, 10
"/home/michael/Desktop/projects/pos_analysis/analyze_single_document/data/random_forest_false_negatives.csv", "CSV", 0, 1, 0, 0, 0, 1, 2
"/home/michael/Desktop/projects/pos_analysis/analyze_single_document/data/random_forest_false_positives.csv", "CSV", 0, 1, 0, 0, 0, 1, 2
"/home/michael/Desktop/projects/pos_analysis/analyze_single_document/data/random_forest_misclassified_words.csv", "CSV", 0, 3573, 0, 0, 0, 1, 3574
"/home/michael/Desktop/projects/pos_analysis/analyze_single_document/data/reviews.csv", "CSV", 0, 50001, 0, 0, 0, 1, 50002
"/home/michael/Desktop/projects/pos_analysis/analyze_single_document/data/true_closed_pred_closed.csv", "CSV", 0, 22, 0, 0, 0, 1, 23
"/home/michael/Desktop/projects/pos_analysis/analyze_single_document/data/true_closed_pred_open.csv", "CSV", 0, 2, 0, 0, 0, 1, 3
"/home/michael/Desktop/projects/pos_analysis/analyze_single_document/data/true_open_pred_closed.csv", "CSV", 0, 153, 0, 0, 0, 1, 154
"/home/michael/Desktop/projects/pos_analysis/analyze_single_document/data/true_open_pred_open.csv", "CSV", 0, 1338, 0, 0, 0, 1, 1339
"/home/michael/Desktop/projects/pos_analysis/analyze_single_document/data/typo_suggestions.csv", "CSV", 0, 1519, 0, 0, 0, 1, 1520
"/home/michael/Desktop/projects/pos_analysis/analyze_single_document/data/unclassified_words.csv", "CSV", 0, 11636, 0, 0, 0, 1, 11637
"/home/michael/Desktop/projects/pos_analysis/analyze_single_document/data/word_sentiment_stats.csv", "CSV", 0, 29848, 0, 0, 0, 1, 29849
"/home/michael/Desktop/projects/pos_analysis/analyze_single_document/data/word_sentiment_stats_with_clusters.csv", "CSV", 0, 29852, 0, 0, 0, 1, 29853
"/home/michael/Desktop/projects/pos_analysis/analyze_single_document/data/word_sentiment_stats_with_features.csv", "CSV", 0, 29852, 0, 0, 0, 1, 29853
"/home/michael/Desktop/projects/pos_analysis/analyze_single_document/data_to_csv.py", "Python", 23, 0, 0, 0, 3, 8, 34
"/home/michael/Desktop/projects/pos_analysis/analyze_single_document/db_scan..py", "Python", 0, 0, 0, 0, 0, 1, 1
"/home/michael/Desktop/projects/pos_analysis/analyze_single_document/extract_words.py", "Python", 328, 0, 0, 0, 20, 88, 436
"/home/michael/Desktop/projects/pos_analysis/analyze_single_document/forest.py", "Python", 678, 0, 0, 0, 35, 152, 865
"/home/michael/Desktop/projects/pos_analysis/analyze_single_document/load_data.py", "Python", 33, 0, 0, 0, 3, 7, 43
"/home/michael/Desktop/projects/pos_analysis/analyze_single_document/merge.py", "Python", 77, 0, 0, 0, 8, 25, 110
"/home/michael/Desktop/projects/pos_analysis/analyze_single_document/more_classifications.py", "Python", 198, 0, 0, 0, 3, 22, 223
"/home/michael/Desktop/projects/pos_analysis/analyze_single_document/new_types/unclassified_words.csv", "CSV", 0, 13191, 0, 0, 0, 0, 13191
"/home/michael/Desktop/projects/pos_analysis/analyze_single_document/tense_handler.py", "Python", 62, 0, 0, 0, 11, 26, 99
"/home/michael/Desktop/projects/pos_analysis/analyze_single_document/typo_suggestions.py", "Python", 36, 0, 0, 0, 11, 11, 58
"/home/michael/Desktop/projects/pos_analysis/analyze_single_document/verbs.py", "Python", 12, 0, 0, 0, 0, 4, 16
"/home/michael/Desktop/projects/pos_analysis/analyze_single_document/visualize_data.py", "Python", 143, 0, 0, 0, 32, 43, 218
"/home/michael/Desktop/projects/pos_analysis/clean_data.py", "Python", 124, 0, 0, 0, 54, 15, 193
"/home/michael/Desktop/projects/pos_analysis/csir/Noun.py", "Python", 4, 0, 0, 0, 0, 0, 4
"/home/michael/Desktop/projects/pos_analysis/csir/document.py", "Python", 169, 0, 0, 0, 115, 10, 294
"/home/michael/Desktop/projects/pos_analysis/csir/generate_in_list.py", "Python", 29, 0, 0, 0, 3, 5, 37
"/home/michael/Desktop/projects/pos_analysis/csir/libs.py", "Python", 139, 0, 0, 0, 6, 15, 160
"/home/michael/Desktop/projects/pos_analysis/csir/pdf_extract.py", "Python", 94, 0, 0, 0, 83, 33, 210
"/home/michael/Desktop/projects/pos_analysis/csir/sentence.py", "Python", 3, 0, 0, 0, 0, 2, 5
"/home/michael/Desktop/projects/pos_analysis/csir/skeleton_list.json", "JSON", 0, 0, 0, 746, 0, 1, 747
"/home/michael/Desktop/projects/pos_analysis/csir/skeletons.py", "Python", 96, 0, 0, 0, 155, 14, 265
"/home/michael/Desktop/projects/pos_analysis/csir/test.py", "Python", 57, 0, 0, 0, 8, 8, 73
"/home/michael/Desktop/projects/pos_analysis/csir/word_data.py", "Python", 8, 0, 0, 0, 0, 0, 8
"/home/michael/Desktop/projects/pos_analysis/data/dict/working_set/closed_class/auxiliary.csv", "CSV", 0, 15, 0, 0, 0, 1, 16
"/home/michael/Desktop/projects/pos_analysis/data/dict/working_set/closed_class/compositions.csv", "CSV", 0, 5, 0, 0, 0, 1, 6
"/home/michael/Desktop/projects/pos_analysis/data/dict/working_set/closed_class/conjunctions.csv", "CSV", 0, 246, 0, 0, 0, 1, 247
"/home/michael/Desktop/projects/pos_analysis/data/dict/working_set/closed_class/determiners.csv", "CSV", 0, 8, 0, 0, 0, 1, 9
"/home/michael/Desktop/projects/pos_analysis/data/dict/working_set/closed_class/existential_determiners.csv", "CSV", 0, 10, 0, 0, 0, 1, 11
"/home/michael/Desktop/projects/pos_analysis/data/dict/working_set/closed_class/modifiers.csv", "CSV", 0, 10, 0, 0, 0, 1, 11
"/home/michael/Desktop/projects/pos_analysis/data/dict/working_set/closed_class/negative_quantifiers.csv", "CSV", 0, 10, 0, 0, 0, 1, 11
"/home/michael/Desktop/projects/pos_analysis/data/dict/working_set/closed_class/posessive_det.csv", "CSV", 0, 9, 0, 0, 0, 1, 10
"/home/michael/Desktop/projects/pos_analysis/data/dict/working_set/closed_class/prepositions.csv", "CSV", 0, 15, 0, 0, 0, 1, 16
"/home/michael/Desktop/projects/pos_analysis/data/dict/working_set/closed_class/pronouns.csv", "CSV", 0, 64, 0, 0, 0, 1, 65
"/home/michael/Desktop/projects/pos_analysis/data/dict/working_set/closed_class/universal_determiners.csv", "CSV", 0, 9, 0, 0, 0, 1, 10
"/home/michael/Desktop/projects/pos_analysis/data/dict/working_set/mapped/CRISPR_paper_mapped.csv", "CSV", 0, 54050, 0, 0, 0, 1, 54051
"/home/michael/Desktop/projects/pos_analysis/data/dict/working_set/mapped/ClassOverlapping_mapped.csv", "CSV", 0, 2071, 0, 0, 0, 1, 2072
"/home/michael/Desktop/projects/pos_analysis/data/dict/working_set/mapped/ColdWar_mapped.csv", "CSV", 0, 52480, 0, 0, 0, 1, 52481
"/home/michael/Desktop/projects/pos_analysis/data/dict/working_set/mapped/Constantinople_mapped.csv", "CSV", 0, 3420, 0, 0, 0, 1, 3421
"/home/michael/Desktop/projects/pos_analysis/data/dict/working_set/mapped/FitzgeraldTheGreatGastby_mapped.csv", "CSV", 0, 38843, 0, 0, 0, 1, 38844
"/home/michael/Desktop/projects/pos_analysis/data/dict/working_set/mapped/RiemannSums_mapped.csv", "CSV", 0, 499, 0, 0, 0, 1, 500
"/home/michael/Desktop/projects/pos_analysis/data/dict/working_set/mapped/Test_input_mapped.csv", "CSV", 0, 128, 0, 0, 0, 1, 129
"/home/michael/Desktop/projects/pos_analysis/data/dict/working_set/open_class/adjectives.csv", "CSV", 0, 32094, 0, 0, 0, 1, 32095
"/home/michael/Desktop/projects/pos_analysis/data/dict/working_set/open_class/adverbs.csv", "CSV", 0, 6762, 0, 0, 0, 1, 6763
"/home/michael/Desktop/projects/pos_analysis/data/dict/working_set/open_class/expanded_verbs.csv", "CSV", 0, 26491, 0, 0, 0, 1, 26492
"/home/michael/Desktop/projects/pos_analysis/data/dict/working_set/open_class/nouns.csv", "CSV", 0, 316400, 0, 0, 0, 1, 316401
"/home/michael/Desktop/projects/pos_analysis/data/dict/working_set/pdfs_as_csvs/CRISPR_paper.csv", "CSV", 0, 2463, 0, 0, 0, 1, 2464
"/home/michael/Desktop/projects/pos_analysis/data/dict/working_set/pdfs_as_csvs/ClassOverlapping.csv", "CSV", 0, 756, 0, 0, 0, 1, 757
"/home/michael/Desktop/projects/pos_analysis/data/dict/working_set/pdfs_as_csvs/ColdWar.csv", "CSV", 0, 879, 0, 0, 0, 1, 880
"/home/michael/Desktop/projects/pos_analysis/data/dict/working_set/pdfs_as_csvs/Constantinople.csv", "CSV", 0, 151, 0, 0, 0, 1, 152
"/home/michael/Desktop/projects/pos_analysis/data/dict/working_set/pdfs_as_csvs/FitzgeraldTheGreatGastby.csv", "CSV", 0, 5037, 0, 0, 0, 1, 5038
"/home/michael/Desktop/projects/pos_analysis/data/dict/working_set/pdfs_as_csvs/RiemannSums.csv", "CSV", 0, 235, 0, 0, 0, 1, 236
"/home/michael/Desktop/projects/pos_analysis/data/dict/working_set/pdfs_as_csvs/Test_input.csv", "CSV", 0, 520, 0, 0, 0, 1, 521
"/home/michael/Desktop/projects/pos_analysis/data/dict/working_set/stats/CRISPR_paper_stats.csv", "CSV", 0, 2240, 0, 0, 0, 1, 2241
"/home/michael/Desktop/projects/pos_analysis/data/dict/working_set/stats/ClassOverlapping_stats.csv", "CSV", 0, 677, 0, 0, 0, 1, 678
"/home/michael/Desktop/projects/pos_analysis/data/dict/working_set/stats/ColdWar_stats.csv", "CSV", 0, 2377, 0, 0, 0, 1, 2378
"/home/michael/Desktop/projects/pos_analysis/data/dict/working_set/stats/Constantinople_stats.csv", "CSV", 0, 638, 0, 0, 0, 1, 639
"/home/michael/Desktop/projects/pos_analysis/data/dict/working_set/stats/Crime_and_Punishment_T_stats.csv", "CSV", 0, 6, 0, 0, 0, 1, 7
"/home/michael/Desktop/projects/pos_analysis/data/dict/working_set/stats/FitzgeraldTheGreatGastby_stats.csv", "CSV", 0, 6098, 0, 0, 0, 1, 6099
"/home/michael/Desktop/projects/pos_analysis/data/dict/working_set/stats/RiemannSums_stats.csv", "CSV", 0, 134, 0, 0, 0, 1, 135
"/home/michael/Desktop/projects/pos_analysis/data/dict/working_set/stats/Test_input_stats.csv", "CSV", 0, 75, 0, 0, 0, 1, 76
"/home/michael/Desktop/projects/pos_analysis/data/dict/working_set/stats_with_features/stats_with_features_CRISPR_paper.csv", "CSV", 0, 2240, 0, 0, 0, 1, 2241
"/home/michael/Desktop/projects/pos_analysis/data/dict/working_set/stats_with_features/stats_with_features_ClassOverlapping.csv", "CSV", 0, 677, 0, 0, 0, 1, 678
"/home/michael/Desktop/projects/pos_analysis/data/dict/working_set/stats_with_features/stats_with_features_ColdWar.csv", "CSV", 0, 2377, 0, 0, 0, 1, 2378
"/home/michael/Desktop/projects/pos_analysis/data/dict/working_set/stats_with_features/stats_with_features_Constantinople.csv", "CSV", 0, 638, 0, 0, 0, 1, 639
"/home/michael/Desktop/projects/pos_analysis/data/dict/working_set/stats_with_features/stats_with_features_FitzgeraldTheGreatGastby.csv", "CSV", 0, 6098, 0, 0, 0, 1, 6099
"/home/michael/Desktop/projects/pos_analysis/data/dict/working_set/stats_with_features/stats_with_features_RiemannSums.csv", "CSV", 0, 134, 0, 0, 0, 1, 135
"/home/michael/Desktop/projects/pos_analysis/data/dict/working_set/stats_with_features/stats_with_features_Test_input.csv", "CSV", 0, 75, 0, 0, 0, 1, 76
"/home/michael/Desktop/projects/pos_analysis/data/dict/working_set/traversable_text/CRISPR_paper_traversable.csv", "CSV", 0, 32010, 0, 0, 0, 1, 32011
"/home/michael/Desktop/projects/pos_analysis/data/dict/working_set/traversable_text/ClassOverlapping_traversable.csv", "CSV", 0, 3846, 0, 0, 0, 1, 3847
"/home/michael/Desktop/projects/pos_analysis/data/dict/working_set/traversable_text/ColdWar_traversable.csv", "CSV", 0, 37600, 0, 0, 0, 1, 37601
"/home/michael/Desktop/projects/pos_analysis/data/dict/working_set/traversable_text/Constantinople_traversable.csv", "CSV", 0, 2520, 0, 0, 0, 1, 2521
"/home/michael/Desktop/projects/pos_analysis/data/dict/working_set/traversable_text/Crime_and_Punishment_T_traversable.csv", "CSV", 0, 246854, 0, 0, 0, 1, 246855
"/home/michael/Desktop/projects/pos_analysis/data/dict/working_set/traversable_text/FitzgeraldTheGreatGastby_traversable.csv", "CSV", 0, 85023, 0, 0, 0, 1, 85024
"/home/michael/Desktop/projects/pos_analysis/data/dict/working_set/traversable_text/RiemannSums_traversable.csv", "CSV", 0, 1510, 0, 0, 0, 1, 1511
"/home/michael/Desktop/projects/pos_analysis/data/dict/working_set/traversable_text/Test_input_traversable.csv", "CSV", 0, 4620, 0, 0, 0, 1, 4621
"/home/michael/Desktop/projects/pos_analysis/data/dict/working_set/traversable_text/TheKingInYellow_traversable.csv", "CSV", 0, 120, 0, 0, 0, 1, 121
"/home/michael/Desktop/projects/pos_analysis/data/likely_pos_gaps.csv", "CSV", 0, 18, 0, 0, 0, 1, 19
"/home/michael/Desktop/projects/pos_analysis/extract_words.py", "Python", 12, 0, 0, 0, 3, 2, 17
"/home/michael/Desktop/projects/pos_analysis/extract_words_1_doc.py", "Python", 352, 0, 0, 0, 107, 98, 557
"/home/michael/Desktop/projects/pos_analysis/forest.py", "Python", 678, 0, 0, 0, 35, 152, 865
"/home/michael/Desktop/projects/pos_analysis/formatting_test.py", "Python", 121, 0, 0, 0, 20, 27, 168
"/home/michael/Desktop/projects/pos_analysis/highlight_functions.py", "Python", 101, 0, 0, 0, 34, 20, 155
"/home/michael/Desktop/projects/pos_analysis/identify_themes.py", "Python", 63, 0, 0, 0, 2, 6, 71
"/home/michael/Desktop/projects/pos_analysis/initialize.py", "Python", 3, 0, 0, 0, 0, 1, 4
"/home/michael/Desktop/projects/pos_analysis/load_data.py", "Python", 17, 0, 0, 0, 19, 5, 41
"/home/michael/Desktop/projects/pos_analysis/paths.csv", "CSV", 0, 8, 0, 0, 0, 1, 9
"/home/michael/Desktop/projects/pos_analysis/phrase_doubles.py", "Python", 53, 0, 0, 0, 12, 8, 73
"/home/michael/Desktop/projects/pos_analysis/rect-guide-main/grid_guide.py", "Python", 43, 0, 0, 0, 9, 21, 73
"/home/michael/Desktop/projects/pos_analysis/rect-guide-main/readme.md", "Markdown", 0, 0, 57, 0, 0, 28, 85
"/home/michael/Desktop/projects/pos_analysis/return_pdf.py", "Python", 28, 0, 0, 0, 0, 9, 37
"/home/michael/Desktop/projects/pos_analysis/scraper.py", "Python", 78, 0, 0, 0, 68, 18, 164
"/home/michael/Desktop/projects/pos_analysis/search_word.py", "Python", 154, 0, 0, 0, 4, 19, 177
"/home/michael/Desktop/projects/pos_analysis/skeleton_list.json", "JSON", 0, 0, 0, 1, 0, 0, 1
"/home/michael/Desktop/projects/pos_analysis/sqlite_functions.py", "Python", 55, 0, 0, 0, 15, 9, 79
"/home/michael/Desktop/projects/pos_analysis/test_csir.py", "Python", 18, 0, 0, 0, 3, 1, 22
"/home/michael/Desktop/projects/pos_analysis/traverse_function.py", "Python", 33, 0, 0, 0, 12, 8, 53
"/home/michael/Desktop/projects/pos_analysis/word_to_location.py", "Python", 287, 0, 0, 0, 63, 37, 387
"Total", "-", 4917, 4217384, 57, 747, 1058, 1255, 4225418