Text,Word_Count,Length_Chars,Sentiment_Polarity,Source,Source_Name,Subject,Star_Rating
Text,Word_Count,Length_Chars,Sentiment_Polarity,Source,Source_Name,Subject,Star_Rating
Text,Word_Count,Length_Chars,Sentiment_Polarity,Source,Source_Name,Subject,Star_Rating
Text,Word_Count,Length_Chars,Sentiment_Polarity,Source,Source_Name,Subject,Star_Rating
Text,Word_Count,Length_Chars,Sentiment_Polarity,Source,Source_Name,Subject,Star_Rating
Text,Word_Count,Length_Chars,Sentiment_Polarity,Source,Source_Name,Subject,Star_Rating
Text,Word_Count,Length_Chars,Sentiment_Polarity,Source,Source_Name,Subject,Star_Rating
Text,Word_Count,Length_Chars,Sentiment_Polarity,Source,Source_Name,Subject,Star_Rating
Text,Word_Count,Length_Chars,Sentiment_Polarity,Source,Source_Name,Subject,Star_Rating
Text,Word_Count,Length_Chars,Sentiment_Polarity,Source,Source_Name,Subject,Star_Rating
Text,Word_Count,Length_Chars,Sentiment_Polarity,Source,Source_Name,Subject,Star_Rating
Text,Word_Count,Length_Chars,Sentiment_Polarity,Source,Source_Name,Subject,Star_Rating
Text,Word_Count,Length_Chars,Sentiment_Polarity,Source,Source_Name,Subject,Star_Rating
Text,Word_Count,Length_Chars,Sentiment_Polarity,Source,Source_Name,Subject,Star_Rating
Text,Word_Count,Length_Chars,Sentiment_Polarity,Source,Source_Name,Subject,Star_Rating
Text,Word_Count,Length_Chars,Sentiment_Polarity,Source,Source_Name,Subject,Star_Rating
Text,Word_Count,Length_Chars,Sentiment_Polarity,Source,Source_Name,Subject,Star_Rating
Text,Word_Count,Length_Chars,Sentiment_Polarity,Source,Source_Name,Subject,Star_Rating
Text,Word_Count,Length_Chars,Sentiment_Polarity,Source,Source_Name,Subject,Star_Rating
Text,Word_Count,Length_Chars,Sentiment_Polarity,Source,Source_Name,Subject,Star_Rating
Text,Word_Count,Length_Chars,Sentiment_Polarity,Source,Source_Name,Subject,Star_Rating
Text,Word_Count,Length_Chars,Sentiment_Polarity,Source,Source_Name,Subject,Star_Rating
Text,Word_Count,Length_Chars,Sentiment_Polarity,Source,Source_Name,Subject,Star_Rating
Text,Word_Count,Length_Chars,Sentiment_Polarity,Source,Source_Name,Subject,Star_Rating
Text,Word_Count,Length_Chars,Sentiment_Polarity,Source,Source_Name,Subject,Star_Rating
Text,Word_Count,Length_Chars,Sentiment_Polarity,Source,Source_Name,Subject,Star_Rating
Text,Word_Count,Length_Chars,Sentiment_Polarity,Source,Source_Name,Subject,Star_Rating
Text,Word_Count,Length_Chars,Sentiment_Polarity,Source,Source_Name,Subject,Star_Rating
Text,Word_Count,Length_Chars,Sentiment_Polarity,Source,Source_Name,Subject,Star_Rating
Text,Word_Count,Length_Chars,Sentiment_Polarity,Source,Source_Name,Subject,Star_Rating
Text,Word_Count,Length_Chars,Sentiment_Polarity,Source,Source_Name,Subject,Star_Rating
Text,Word_Count,Length_Chars,Sentiment_Polarity,Source,Source_Name,Subject,Star_Rating
Text,Word_Count,Length_Chars,Sentiment_Polarity,Source,Source_Name,Subject,Star_Rating
Text,Word_Count,Length_Chars,Sentiment_Polarity,Source,Source_Name,Subject,Star_Rating
Text,Word_Count,Length_Chars,Sentiment_Polarity,Source,Source_Name,Subject,Star_Rating
Text,Word_Count,Length_Chars,Sentiment_Polarity,Source,Source_Name,Subject,Star_Rating
Text,Word_Count,Length_Chars,Sentiment_Polarity,Source,Source_Name,Subject,Star_Rating
Text,Word_Count,Length_Chars,Sentiment_Polarity,Source,Source_Name,Subject,Star_Rating
Text,Word_Count,Length_Chars,Sentiment_Polarity,Source,Source_Name,Subject,Star_Rating
Text,Word_Count,Length_Chars,Sentiment_Polarity,Source,Source_Name,Subject,Star_Rating
Text,Word_Count,Length_Chars,Sentiment_Polarity,Source,Source_Name,Subject,Star_Rating
Text,Word_Count,Length_Chars,Sentiment_Polarity,Source,Source_Name,Subject,Star_Rating
Text,Word_Count,Length_Chars,Sentiment_Polarity,Source,Source_Name,Subject,Star_Rating
Text,Word_Count,Length_Chars,Sentiment_Polarity,Source,Source_Name,Subject,Star_Rating
Text,Word_Count,Length_Chars,Sentiment_Polarity,Source,Source_Name,Subject,Star_Rating
Text,Word_Count,Length_Chars,Sentiment_Polarity,Source,Source_Name,Subject,Star_Rating
Text,Word_Count,Length_Chars,Sentiment_Polarity,Source,Source_Name,Subject,Star_Rating
Text,Word_Count,Length_Chars,Sentiment_Polarity,Source,Source_Name,Subject,Star_Rating
Text,Word_Count,Length_Chars,Sentiment_Polarity,Source,Source_Name,Subject,Star_Rating
Text,Word_Count,Length_Chars,Sentiment_Polarity,Source,Source_Name,Subject,Star_Rating
Text,Word_Count,Length_Chars,Sentiment_Polarity,Source,Source_Name,Subject,Star_Rating
Text,Word_Count,Length_Chars,Sentiment_Polarity,Source,Source_Name,Subject,Star_Rating
Text,Word_Count,Length_Chars,Sentiment_Polarity,Source,Source_Name,Subject,Star_Rating
Text,Word_Count,Length_Chars,Sentiment_Polarity,Source,Source_Name,Subject,Star_Rating
Text,Word_Count,Length_Chars,Sentiment_Polarity,Source,Source_Name,Subject,Star_Rating
Text,Word_Count,Length_Chars,Sentiment_Polarity,Source,Source_Name,Subject,Star_Rating
Text,Word_Count,Length_Chars,Sentiment_Polarity,Source,Source_Name,Subject,Star_Rating
Text,Word_Count,Length_Chars,Sentiment_Polarity,Source,Source_Name,Subject,Star_Rating
Text,Word_Count,Length_Chars,Sentiment_Polarity,Source,Source_Name,Subject,Star_Rating
Text,Word_Count,Length_Chars,Sentiment_Polarity,Source,Source_Name,Subject,Star_Rating
Text,Word_Count,Length_Chars,Sentiment_Polarity,Source,Source_Name,Subject,Star_Rating
Text,Word_Count,Length_Chars,Sentiment_Polarity,Source,Source_Name,Subject,Star_Rating
Text,Word_Count,Length_Chars,Sentiment_Polarity,Source,Source_Name,Subject,Star_Rating
Text,Word_Count,Length_Chars,Sentiment_Polarity,Source,Source_Name,Subject,Star_Rating
Text,Word_Count,Length_Chars,Sentiment_Polarity,Source,Source_Name,Subject,Star_Rating
Text,Word_Count,Length_Chars,Sentiment_Polarity,Source,Source_Name,Subject,Star_Rating
Text,Word_Count,Length_Chars,Sentiment_Polarity,Source,Source_Name,Subject,Star_Rating
Text,Word_Count,Length_Chars,Sentiment_Polarity,Source,Source_Name,Subject,Star_Rating
Text,Word_Count,Length_Chars,Sentiment_Polarity,Source,Source_Name,Subject,Star_Rating
Text,Word_Count,Length_Chars,Sentiment_Polarity,Source,Source_Name,Subject,Star_Rating
Text,Word_Count,Length_Chars,Sentiment_Polarity,Source,Source_Name,Subject,Star_Rating
