word,noun,verb,adjective,adverb,auxiliary,compositions,conjunctions,determiners,existential_determiners,modifiers,negative_quantifiers,prepositions,universal_determiners,possessive_determiners,pronouns,frequency,review_count,avg_sentiment,length,confident,resolved_word,relative_frequency,double_log_freq,participation_score,overarcing_theme
the,0,0,0,1,0,0,0,1,0,0,0,0,0,0,0,95,45,0.1138189473684211,3,1,the,0.0655624568668046,0.6927971477338802,0.1333333333333333,"on, for, that, church, history"
and,1,0,0,0,0,0,1,0,0,0,0,0,0,0,0,70,42,0.1895271428571428,3,1,and,0.0483091787439613,0.6823727633956729,0.1333333333333333,"on, for, that, church, history"
of,0,0,0,0,0,0,0,0,0,0,0,1,0,0,0,66,36,0.1818166666666667,2,1,of,0.0455486542443064,0.6802614307792342,0.0666666666666666,"on, for, that, church, history"
in,1,0,1,1,0,0,0,0,0,0,0,1,0,0,0,39,29,0.1687230769230769,2,1,in,0.0269151138716356,0.6596972838889588,0.2666666666666666,"on, for, that, church, history"
to,0,0,0,0,0,0,0,0,0,0,0,1,0,0,0,34,23,0.1696147058823529,2,1,to,0.0234644582470669,0.6537774330630485,0.0666666666666666,"on, for, that, church, history"
a,1,0,0,0,0,0,0,1,1,0,0,0,0,0,0,23,17,0.2206173913043478,1,1,a,0.0158730158730158,0.6354268000766977,0.2,"on, for, that, church, history"
church,1,1,0,0,0,0,0,0,0,0,0,0,0,0,0,16,13,0.173425,6,1,church,0.0110420979986197,0.6161216046825284,0.1333333333333333,"on, for, that, church, history"
for,0,0,0,0,0,0,1,0,0,0,0,1,0,0,0,15,14,0.3635333333333334,3,1,for,0.010351966873706,0.6124288945957818,0.1333333333333333,"on, for, that, church, history"
on,0,0,1,1,0,0,0,0,0,0,0,1,0,0,0,14,13,0.1615642857142857,2,1,on,0.0096618357487922,0.6083877907186052,0.2,"on, for, that, church, history"
history,1,0,0,0,0,0,0,0,0,0,0,0,0,0,0,14,14,0.1009357142857142,7,1,history,0.0096618357487922,0.6083877907186052,0.0666666666666666,"on, for, that, church, history"
that,1,0,0,1,0,1,1,1,0,0,0,0,0,0,1,12,12,0.298775,4,1,that,0.0082815734989648,0.5989937658314455,0.4,"on, for, that, church, history"
jstor,0,0,0,0,0,0,0,0,0,0,0,0,0,0,0,11,10,0.1785363636363636,5,1,jstor,0.007591442374051,0.5934578873666095,0.0,"on, for, that, church, history"
their,0,0,0,0,0,0,0,0,0,0,0,0,0,1,0,11,8,0.3418909090909091,5,1,their,0.007591442374051,0.5934578873666095,0.0666666666666666,"on, for, that, church, history"
ottoman,1,0,1,0,0,0,0,0,0,0,0,0,0,0,0,10,9,0.15123,7,1,ottoman,0.0069013112491373,0.5871908758202614,0.1333333333333333,"on, for, that, church, history"
constantinople,1,0,0,0,0,0,0,0,0,0,0,0,0,0,0,10,9,-0.0503499999999999,14,1,constantinople,0.0069013112491373,0.5871908758202614,0.0666666666666666,"on, for, that, church, history"
is,0,1,0,0,1,0,0,0,0,0,0,0,0,0,0,10,10,0.24515,2,1,is,0.0069013112491373,0.5871908758202614,0.1333333333333333,"on, for, that, church, history"
latin,1,0,1,0,0,0,0,0,0,0,0,0,0,0,0,10,9,0.18594,5,1,latin,0.0069013112491373,0.5871908758202614,0.1333333333333333,"on, for, that, church, history"
as,1,0,0,0,0,0,0,0,0,0,0,0,0,0,0,10,7,-0.0564999999999999,2,1,as,0.0069013112491373,0.5871908758202614,0.0666666666666666,"on, for, that, church, history"
by,1,0,0,1,0,0,0,0,0,0,0,1,0,0,0,10,8,-0.04744,2,1,by,0.0069013112491373,0.5871908758202614,0.2,"on, for, that, church, history"
but,1,0,0,1,0,0,1,0,0,0,0,0,0,0,0,9,9,0.0746,3,1,but,0.0062111801242236,0.5800052903735844,0.2,"on, for, that, church, history"
harris,1,0,0,0,0,0,0,0,0,0,0,0,0,0,0,9,9,-0.007611111111111,6,1,harris,0.0062111801242236,0.5800052903735844,0.0666666666666666,"on, for, that, church, history"
with,1,0,0,0,0,0,0,0,0,0,0,1,0,0,0,9,7,0.2131333333333333,4,1,with,0.0062111801242236,0.5800052903735844,0.1333333333333333,"on, for, that, church, history"
america,1,0,0,0,0,0,0,0,0,0,0,0,0,0,0,8,8,0.1515625,7,1,america,0.0055210489993098,0.571637330557974,0.0666666666666666,"on, for, that, church, history"
byzantine,1,0,1,0,0,0,0,0,0,0,0,0,0,0,0,8,7,0.1495375,9,1,byzantine,0.0055210489993098,0.571637330557974,0.1333333333333333,"on, for, that, church, history"
from,0,0,0,0,0,0,0,0,0,0,0,1,0,0,0,8,8,0.0231875,4,1,from,0.0055210489993098,0.571637330557974,0.0666666666666666,"on, for, that, church, history"
this,1,0,0,1,0,0,0,1,0,0,0,0,0,0,1,8,8,0.1713125,4,1,this,0.0055210489993098,0.571637330557974,0.2666666666666666,"on, for, that, church, history"
have,0,1,0,0,1,0,0,0,0,0,0,0,0,0,0,8,7,0.2815875,4,1,have,0.0055210489993098,0.571637330557974,0.1333333333333333,"on, for, that, church, history"
org,0,0,0,0,0,0,0,0,0,0,0,0,0,0,0,7,7,0.1241,3,1,org,0.0048309178743961,0.5617012295157272,0.0,"on, for, that, church, history"
not,1,0,0,1,0,0,1,0,0,0,1,0,0,0,0,7,6,0.0740999999999999,3,1,not,0.0048309178743961,0.5617012295157272,0.2666666666666666,"on, for, that, church, history"
terms,1,1,0,0,0,0,0,0,0,0,0,0,0,0,0,7,7,-0.0296428571428571,5,1,terms,0.0048309178743961,0.5617012295157272,0.1333333333333333,"on, for, that, church, history"
was,0,1,0,0,1,0,0,0,0,0,0,0,0,0,0,6,6,-0.0863166666666666,3,1,was,0.0041407867494824,0.5496051325127768,0.1333333333333333,"on, for, that, church, history"
university,1,0,0,0,0,0,0,0,0,0,0,0,0,0,0,6,6,0.0789833333333333,10,1,university,0.0041407867494824,0.5496051325127768,0.0666666666666666,"on, for, that, church, history"
turks,1,0,0,0,0,0,0,0,0,0,0,0,0,0,0,6,6,-0.1859833333333333,5,1,turks,0.0041407867494824,0.5496051325127768,0.0666666666666666,"on, for, that, church, history"
it,1,0,0,0,0,0,0,0,0,0,0,0,0,0,1,6,6,0.38015,2,1,it,0.0041407867494824,0.5496051325127768,0.1333333333333333,"on, for, that, church, history"
new,0,0,1,1,0,0,0,0,0,0,0,0,0,0,0,6,5,0.07895,3,1,new,0.0041407867494824,0.5496051325127768,0.1333333333333333,"on, for, that, church, history"
end,1,1,0,0,0,0,0,0,0,0,0,0,0,0,0,6,4,0.1142666666666666,3,1,end,0.0041407867494824,0.5496051325127768,0.1333333333333333,"on, for, that, church, history"
his,0,0,0,0,0,0,0,0,0,0,0,0,0,1,1,6,5,0.2171,3,1,his,0.0041407867494824,0.5496051325127768,0.1333333333333333,"on, for, that, church, history"
they,0,0,0,0,0,0,0,0,0,0,0,0,0,0,1,5,4,0.5707800000000001,4,1,they,0.0034506556245686,0.5343829898349378,0.0666666666666666,"on, for, that, church, history"
press,1,1,0,0,0,0,0,0,0,0,0,0,0,0,0,5,5,0.09478,5,1,press,0.0034506556245686,0.5343829898349378,0.1333333333333333,"on, for, that, church, history"
rulers,1,0,0,0,0,0,0,0,0,0,0,0,0,0,0,5,5,0.13866,6,1,rulers,0.0034506556245686,0.5343829898349378,0.0666666666666666,"on, for, that, church, history"
ii,0,0,0,0,0,0,0,0,0,0,0,0,0,0,0,5,5,0.0438799999999999,2,0,ii,0.0034506556245686,0.5343829898349378,0.0,"on, for, that, church, history"
john,1,0,0,0,0,0,0,0,0,0,0,0,0,0,0,5,5,0.18792,4,1,john,0.0034506556245686,0.5343829898349378,0.0666666666666666,"on, for, that, church, history"
byzantium,1,0,0,0,0,0,0,0,0,0,0,0,0,0,0,5,5,0.05718,9,1,byzantium,0.0034506556245686,0.5343829898349378,0.0666666666666666,"on, for, that, church, history"
use,1,1,0,0,0,0,0,0,0,0,0,0,0,0,0,5,4,0.5103,3,1,use,0.0034506556245686,0.5343829898349378,0.1333333333333333,"on, for, that, church, history"
content,1,1,1,0,0,0,0,0,0,0,0,0,0,0,0,5,5,0.17374,7,1,content,0.0034506556245686,0.5343829898349378,0.2,"on, for, that, church, history"
many,1,0,1,0,0,0,0,0,0,0,0,0,0,0,1,5,5,-0.0032399999999999,4,1,many,0.0034506556245686,0.5343829898349378,0.2,"on, for, that, church, history"
recent,0,0,1,0,0,0,0,0,0,0,0,0,0,0,0,4,4,0.3855,6,1,recent,0.0027605244996549,0.5143212870569726,0.0666666666666666,"on, for, that, church, history"
cambridge,1,0,0,0,0,0,0,0,0,0,0,0,0,0,0,4,3,0.118475,9,1,cambridge,0.0027605244996549,0.5143212870569726,0.0666666666666666,"on, for, that, church, history"
last,1,1,1,1,0,0,0,0,0,0,0,0,0,0,0,4,4,0.17025,4,1,last,0.0027605244996549,0.5143212870569726,0.2666666666666666,"on, for, that, church, history"
conquest,1,0,0,0,0,0,0,0,0,0,0,0,0,0,0,4,4,-0.3895499999999999,8,1,conquest,0.0027605244996549,0.5143212870569726,0.0666666666666666,"on, for, that, church, history"
late,1,0,1,1,0,0,0,0,0,0,0,0,0,0,0,4,4,0.10115,4,1,late,0.0027605244996549,0.5143212870569726,0.2,"on, for, that, church, history"
union,1,0,1,0,0,0,0,0,0,0,0,0,0,0,0,4,4,0.55205,5,1,union,0.0027605244996549,0.5143212870569726,0.1333333333333333,"on, for, that, church, history"
religious,1,0,1,0,0,0,0,0,0,0,0,0,0,0,0,4,4,-0.166175,9,1,religious,0.0027605244996549,0.5143212870569726,0.1333333333333333,"on, for, that, church, history"
manuel,0,0,0,0,0,0,0,0,0,0,0,0,0,0,0,4,4,0.1904249999999999,6,1,manuel,0.0027605244996549,0.5143212870569726,0.0,"on, for, that, church, history"
thu,0,0,0,0,0,0,0,0,0,0,0,0,0,0,0,4,4,0.0,3,1,thu,0.0027605244996549,0.5143212870569726,0.0,"on, for, that, church, history"
period,1,0,0,0,0,0,0,0,0,0,0,0,0,0,0,4,3,0.590875,6,1,period,0.0027605244996549,0.5143212870569726,0.0666666666666666,"on, for, that, church, history"
utc,0,0,0,0,0,0,0,0,0,0,0,0,0,0,0,4,4,0.0,3,1,utc,0.0027605244996549,0.5143212870569726,0.0,"on, for, that, church, history"
may,1,0,0,0,0,0,0,0,0,1,0,0,0,0,0,4,4,0.0,3,1,may,0.0027605244996549,0.5143212870569726,0.1333333333333333,"on, for, that, church, history"
downloaded,0,1,0,0,0,0,0,0,0,0,0,0,0,0,0,4,4,0.044475,10,1,downloaded,0.0027605244996549,0.5143212870569726,0.0666666666666666,"on, for, that, church, history"
acceptance,1,0,0,0,0,0,0,0,0,0,0,0,0,0,0,4,3,0.594375,10,1,acceptance,0.0027605244996549,0.5143212870569726,0.0666666666666666,"on, for, that, church, history"
book,1,1,0,0,0,0,0,0,0,0,0,0,0,0,0,4,4,0.071825,4,1,book,0.0027605244996549,0.5143212870569726,0.1333333333333333,"on, for, that, church, history"
who,1,0,0,0,0,1,0,0,0,0,0,0,0,0,1,4,3,0.08885,3,1,who,0.0027605244996549,0.5143212870569726,0.2,"on, for, that, church, history"
constantine,1,0,0,0,0,0,0,0,0,0,0,0,0,0,0,4,4,0.0072,11,1,constantine,0.0027605244996549,0.5143212870569726,0.0666666666666666,"on, for, that, church, history"
life,1,0,0,0,0,0,0,0,0,0,0,0,0,0,0,3,3,-0.3972666666666666,4,1,life,0.0020703933747412,0.4860001779968491,0.0666666666666666,"on, for, that, church, history"
western,1,0,1,0,0,0,0,0,0,0,0,0,0,0,0,3,3,0.5730333333333333,7,1,western,0.0020703933747412,0.4860001779968491,0.1333333333333333,"on, for, that, church, history"
territories,1,0,0,0,0,0,0,0,0,0,0,0,0,0,0,3,3,0.0588333333333333,11,1,territories,0.0020703933747412,0.4860001779968491,0.0666666666666666,"on, for, that, church, history"
published,0,1,1,0,0,0,0,0,0,0,0,0,0,0,0,3,3,0.3961333333333333,9,1,published,0.0020703933747412,0.4860001779968491,0.1333333333333333,"on, for, that, church, history"
he,1,0,0,0,0,0,0,0,0,0,0,0,0,0,1,3,3,-0.3726666666666667,2,1,he,0.0020703933747412,0.4860001779968491,0.1333333333333333,"on, for, that, church, history"
pp,0,0,0,0,0,0,0,0,0,0,0,0,0,0,0,3,3,0.0,2,0,pp,0.0020703933747412,0.4860001779968491,0.0,"on, for, that, church, history"
genoese,1,0,1,0,0,0,0,0,0,0,0,0,0,0,0,3,3,0.0820666666666666,7,1,genoese,0.0020703933747412,0.4860001779968491,0.1333333333333333,"on, for, that, church, history"
byzantines,1,0,0,0,0,0,0,0,0,0,0,0,0,0,0,3,3,0.1807666666666666,10,1,byzantines,0.0020703933747412,0.4860001779968491,0.0666666666666666,"on, for, that, church, history"
were,1,1,0,0,1,0,0,0,0,0,0,0,0,0,0,3,3,0.3926333333333333,4,1,were,0.0020703933747412,0.4860001779968491,0.2,"on, for, that, church, history"
final,1,0,1,0,0,0,0,0,0,0,0,0,0,0,0,3,3,-0.1807666666666666,5,1,final,0.0020703933747412,0.4860001779968491,0.1333333333333333,"on, for, that, church, history"
most,0,0,1,1,0,0,0,0,0,0,0,0,0,0,0,3,3,0.0172,4,1,most,0.0020703933747412,0.4860001779968491,0.1333333333333333,"on, for, that, church, history"
has,0,0,0,0,1,0,0,0,0,0,0,0,0,0,0,3,3,-0.3464,3,1,has,0.0020703933747412,0.4860001779968491,0.0666666666666666,"on, for, that, church, history"
siege,1,0,0,0,0,0,0,0,0,0,0,0,0,0,0,3,3,-0.1635666666666666,5,1,siege,0.0020703933747412,0.4860001779968491,0.0666666666666666,"on, for, that, church, history"
political,1,0,1,0,0,0,0,0,0,0,0,0,0,0,0,3,3,0.4898,9,1,political,0.0020703933747412,0.4860001779968491,0.1333333333333333,"on, for, that, church, history"
general,1,1,1,0,0,0,0,0,0,0,0,0,0,0,0,3,3,0.2896666666666667,7,1,general,0.0020703933747412,0.4860001779968491,0.2,"on, for, that, church, history"
readers,1,0,0,0,0,0,0,0,0,0,0,0,0,0,0,3,3,0.1428666666666666,7,1,readers,0.0020703933747412,0.4860001779968491,0.0666666666666666,"on, for, that, church, history"
an,1,0,0,0,0,0,0,1,1,0,0,0,0,0,0,3,3,0.331,2,1,an,0.0020703933747412,0.4860001779968491,0.2,"on, for, that, church, history"
christianity,1,0,0,0,0,0,0,0,0,0,0,0,0,0,0,3,3,0.1444666666666666,12,1,christianity,0.0020703933747412,0.4860001779968491,0.0666666666666666,"on, for, that, church, history"
military,1,0,1,0,0,0,0,0,0,0,0,0,0,0,0,3,3,0.0536333333333333,8,1,military,0.0020703933747412,0.4860001779968491,0.1333333333333333,"on, for, that, church, history"
presents,1,1,0,0,0,0,0,0,0,0,0,0,0,0,0,3,3,-0.1671666666666666,8,1,presents,0.0020703933747412,0.4860001779968491,0.1333333333333333,"on, for, that, church, history"
only,1,0,1,1,0,0,1,0,0,0,0,0,0,0,0,3,3,-0.1833,4,1,only,0.0020703933747412,0.4860001779968491,0.2666666666666666,"on, for, that, church, history"
city,1,0,0,0,0,0,0,0,0,0,0,0,0,0,0,3,3,0.3994333333333333,4,1,city,0.0020703933747412,0.4860001779968491,0.0666666666666666,"on, for, that, church, history"
three,1,0,1,0,0,0,0,0,0,0,0,0,0,0,0,3,3,0.3205,5,1,three,0.0020703933747412,0.4860001779968491,0.1333333333333333,"on, for, that, church, history"
after,0,0,1,1,0,0,1,0,0,0,0,0,0,0,0,3,3,-0.1053333333333333,5,1,after,0.0020703933747412,0.4860001779968491,0.2,"on, for, that, church, history"
been,1,0,0,0,1,0,0,0,0,0,0,0,0,0,0,3,3,-0.0677999999999999,4,1,been,0.0020703933747412,0.4860001779968491,0.1333333333333333,"on, for, that, church, history"
more,1,0,1,1,0,0,0,0,0,0,0,0,0,0,0,3,3,0.5075,4,1,more,0.0020703933747412,0.4860001779968491,0.2,"on, for, that, church, history"
at,1,0,0,0,0,0,0,0,0,0,0,1,0,0,0,3,3,0.1217666666666666,2,1,at,0.0020703933747412,0.4860001779968491,0.1333333333333333,"on, for, that, church, history"
its,1,0,0,0,0,0,0,0,0,0,0,0,0,1,0,3,3,0.0942333333333333,3,1,its,0.0020703933747412,0.4860001779968491,0.1333333333333333,"on, for, that, church, history"
are,1,0,0,0,1,0,0,0,0,0,0,0,0,0,0,3,3,0.2451,3,1,are,0.0020703933747412,0.4860001779968491,0.1333333333333333,"on, for, that, church, history"
s,1,0,0,0,0,0,0,0,0,0,0,0,0,0,0,3,3,0.0,1,1,s,0.0020703933747412,0.4860001779968491,0.0666666666666666,"on, for, that, church, history"
work,1,1,0,0,0,0,0,0,0,0,0,0,0,0,0,3,3,0.2507333333333333,4,1,work,0.0020703933747412,0.4860001779968491,0.1333333333333333,"on, for, that, church, history"
jonathan,1,0,0,0,0,0,0,0,0,0,0,0,0,0,0,3,3,0.0754333333333333,8,1,jonathan,0.0020703933747412,0.4860001779968491,0.0666666666666666,"on, for, that, church, history"
offers,1,1,0,0,0,0,0,0,0,0,0,0,0,0,0,2,2,0.6359,6,1,offers,0.0013802622498274,0.4412300856834651,0.1333333333333333,"on, for, that, church, history"
especially,0,0,0,1,0,0,0,0,0,0,0,0,0,0,0,2,2,0.2787,10,1,especially,0.0013802622498274,0.4412300856834651,0.0666666666666666,"on, for, that, church, history"
crusade,1,1,0,0,0,0,0,0,0,0,0,0,0,0,0,2,2,0.3228,7,1,crusade,0.0013802622498274,0.4412300856834651,0.1333333333333333,"on, for, that, church, history"
agreement,1,0,0,0,0,0,0,0,0,0,0,0,0,0,0,2,2,0.3228,9,1,agreement,0.0013802622498274,0.4412300856834651,0.0666666666666666,"on, for, that, church, history"
scholarship,1,0,0,0,0,0,0,0,0,0,0,0,0,0,0,2,2,0.47155,11,1,scholarship,0.0013802622498274,0.4412300856834651,0.0666666666666666,"on, for, that, church, history"
your,0,0,0,0,0,0,0,0,0,0,0,0,0,1,0,2,1,0.4588,4,1,your,0.0013802622498274,0.4412300856834651,0.0666666666666666,"on, for, that, church, history"
support,1,1,0,0,0,0,0,0,0,0,0,0,0,0,0,2,2,0.5811999999999999,7,1,support,0.0013802622498274,0.4412300856834651,0.1333333333333333,"on, for, that, church, history"
author,1,1,0,0,0,0,0,0,0,0,0,0,0,0,0,2,2,0.00755,6,1,author,0.0013802622498274,0.4412300856834651,0.1333333333333333,"on, for, that, church, history"
heroism,1,0,0,0,0,0,0,0,0,0,0,0,0,0,0,2,2,-0.0445499999999999,7,1,heroism,0.0013802622498274,0.4412300856834651,0.0666666666666666,"on, for, that, church, history"
harris's,0,0,0,0,0,0,0,0,0,0,0,0,0,0,0,2,2,0.32345,8,1,harris's,0.0013802622498274,0.4412300856834651,0.0,"on, for, that, church, history"
about,0,0,1,1,0,0,0,0,0,0,0,1,0,0,0,2,2,0.3884999999999999,5,1,about,0.0013802622498274,0.4412300856834651,0.2,"on, for, that, church, history"
available,0,0,1,0,0,0,0,0,0,0,0,0,0,0,0,2,2,0.5081,9,1,available,0.0013802622498274,0.4412300856834651,0.0666666666666666,"on, for, that, church, history"
doi,0,0,0,0,0,0,0,0,0,0,0,0,0,0,0,2,2,0.0,3,1,doi,0.0013802622498274,0.4412300856834651,0.0,"on, for, that, church, history"
archive,1,1,0,0,0,0,0,0,0,0,0,0,0,0,0,2,2,0.5748,7,1,archive,0.0013802622498274,0.4412300856834651,0.1333333333333333,"on, for, that, church, history"
york,1,0,0,0,0,0,0,0,0,0,0,0,0,0,0,2,1,0.0,4,1,york,0.0013802622498274,0.4412300856834651,0.0666666666666666,"on, for, that, church, history"
information,1,0,0,0,0,0,0,0,0,0,0,0,0,0,0,2,2,0.3182,11,1,information,0.0013802622498274,0.4412300856834651,0.0666666666666666,"on, for, that, church, history"
state,1,1,1,0,0,0,0,0,0,0,0,0,0,0,0,2,2,0.0,5,1,state,0.0013802622498274,0.4412300856834651,0.2,"on, for, that, church, history"
gonzalez,0,0,0,0,0,0,0,0,0,0,0,0,0,0,0,2,2,0.2883,8,1,gonzalez,0.0013802622498274,0.4412300856834651,0.0,"on, for, that, church, history"
review,1,1,1,0,0,0,0,0,0,0,0,0,0,0,0,2,1,0.0,6,1,review,0.0013802622498274,0.4412300856834651,0.2,"on, for, that, church, history"
broad,1,0,1,1,0,0,0,0,0,0,0,0,0,0,0,2,2,0.0,5,1,broad,0.0013802622498274,0.4412300856834651,0.2,"on, for, that, church, history"
five,1,0,1,0,0,0,0,0,0,0,0,0,0,0,0,2,2,0.0927,4,1,five,0.0013802622498274,0.4412300856834651,0.1333333333333333,"on, for, that, church, history"
inhabitants,1,0,0,0,0,0,0,0,0,0,0,0,0,0,0,2,2,0.29675,11,1,inhabitants,0.0013802622498274,0.4412300856834651,0.0666666666666666,"on, for, that, church, history"
would,0,0,0,0,0,0,0,0,0,1,0,0,0,0,0,2,2,0.1775499999999999,5,1,would,0.0013802622498274,0.4412300856834651,0.0666666666666666,"on, for, that, church, history"
does,1,1,0,0,1,0,0,0,0,0,0,0,0,0,0,2,2,0.3515,4,1,does,0.0013802622498274,0.4412300856834651,0.2,"on, for, that, church, history"
be,0,1,0,0,1,0,0,0,0,0,0,0,0,0,0,2,2,0.54985,2,1,be,0.0013802622498274,0.4412300856834651,0.1333333333333333,"on, for, that, church, history"
fate,0,0,0,0,0,0,0,0,0,0,0,0,0,0,0,2,2,0.3477,4,1,fate,0.0013802622498274,0.4412300856834651,0.0,"on, for, that, church, history"
over,1,0,1,1,0,0,0,0,0,0,0,1,0,0,0,2,2,-0.2093499999999999,4,1,over,0.0013802622498274,0.4412300856834651,0.2666666666666666,"on, for, that, church, history"
mehmed,0,0,0,0,0,0,0,0,0,0,0,0,0,0,0,2,2,0.0,6,1,mehmed,0.0013802622498274,0.4412300856834651,0.0,"on, for, that, church, history"
often,0,0,1,1,0,0,0,0,0,0,0,0,0,0,0,2,2,0.43705,5,1,often,0.0013802622498274,0.4412300856834651,0.1333333333333333,"on, for, that, church, history"
turkish,1,0,1,0,0,0,0,0,0,0,0,0,0,0,0,2,2,0.5470999999999999,7,1,turkish,0.0013802622498274,0.4412300856834651,0.1333333333333333,"on, for, that, church, history"
accepting,0,1,1,0,0,0,0,0,0,0,0,0,0,0,0,2,2,0.49455,9,1,accepting,0.0013802622498274,0.4412300856834651,0.1333333333333333,"on, for, that, church, history"
diplomacy,1,0,0,0,0,0,0,0,0,0,0,0,0,0,0,2,2,0.44845,9,1,diplomacy,0.0013802622498274,0.4412300856834651,0.0666666666666666,"on, for, that, church, history"
demands,1,1,0,0,0,0,0,0,0,0,0,0,0,0,0,2,1,0.8442,7,1,demands,0.0013802622498274,0.4412300856834651,0.1333333333333333,"on, for, that, church, history"
against,0,0,0,0,0,0,1,0,0,0,0,0,0,0,0,2,2,0.4478999999999999,7,1,against,0.0013802622498274,0.4412300856834651,0.0666666666666666,"on, for, that, church, history"
war,1,1,1,1,0,0,0,0,0,0,0,0,0,0,0,2,2,-0.3312,3,1,war,0.0013802622498274,0.4412300856834651,0.2666666666666666,"on, for, that, church, history"
quarrels,1,1,0,0,0,0,0,0,0,0,0,0,0,0,0,2,2,0.0,8,1,quarrels,0.0013802622498274,0.4412300856834651,0.1333333333333333,"on, for, that, church, history"
heroic,0,0,1,0,0,0,0,0,0,0,0,0,0,0,0,2,2,0.3045,6,1,heroic,0.0013802622498274,0.4412300856834651,0.0666666666666666,"on, for, that, church, history"
holy,1,0,1,0,0,0,0,0,0,0,0,0,0,0,0,2,2,-0.3312,4,1,holy,0.0013802622498274,0.4412300856834651,0.1333333333333333,"on, for, that, church, history"
papal,0,0,1,0,0,0,0,0,0,0,0,0,0,0,0,2,2,0.7455499999999999,5,1,papal,0.0013802622498274,0.4412300856834651,0.0666666666666666,"on, for, that, church, history"
both,0,0,1,0,0,0,1,0,0,0,0,0,0,0,1,2,2,0.05425,4,1,both,0.0013802622498274,0.4412300856834651,0.2,"on, for, that, church, history"
vivid,1,0,1,0,0,0,0,0,0,0,0,0,0,0,0,2,2,0.4366,5,1,vivid,0.0013802622498274,0.4412300856834651,0.1333333333333333,"on, for, that, church, history"
narrative,1,0,1,0,0,0,0,0,0,0,0,0,0,0,0,2,2,0.30405,9,1,narrative,0.0013802622498274,0.4412300856834651,0.1333333333333333,"on, for, that, church, history"
compelling,0,1,1,0,0,0,0,0,0,0,0,0,0,0,0,2,2,0.0365999999999999,10,1,compelling,0.0013802622498274,0.4412300856834651,0.1333333333333333,"on, for, that, church, history"
emperors,1,0,0,0,0,0,0,0,0,0,0,0,0,0,0,2,2,0.5244,8,1,emperors,0.0013802622498274,0.4412300856834651,0.0666666666666666,"on, for, that, church, history"
palaiologan,0,0,0,0,0,0,0,0,0,0,0,0,0,0,0,2,2,0.1897,11,1,palaiologan,0.0013802622498274,0.4412300856834651,0.0,"on, for, that, church, history"
account,1,1,0,0,0,0,0,0,0,0,0,0,0,0,0,2,2,0.2345,7,1,account,0.0013802622498274,0.4412300856834651,0.1333333333333333,"on, for, that, church, history"
families,0,0,0,0,0,0,0,0,0,0,0,0,0,0,0,2,1,0.8225,8,1,families,0.0013802622498274,0.4412300856834651,0.0,"on, for, that, church, history"
aid,1,0,0,0,0,0,0,0,0,0,0,0,0,0,0,2,2,0.73455,3,1,aid,0.0013802622498274,0.4412300856834651,0.0666666666666666,"on, for, that, church, history"
surrender,1,1,0,0,0,0,0,0,0,0,0,0,0,0,0,2,2,-0.1509499999999999,9,1,surrender,0.0013802622498274,0.4412300856834651,0.1333333333333333,"on, for, that, church, history"
resulted,0,1,0,0,0,0,0,0,0,0,0,0,0,0,0,2,2,-0.0986499999999999,8,1,resulted,0.0013802622498274,0.4412300856834651,0.0666666666666666,"on, for, that, church, history"
thessalonica,0,0,0,0,0,0,0,0,0,0,0,0,0,0,0,2,2,-0.1509499999999999,12,1,thessalonica,0.0013802622498274,0.4412300856834651,0.0,"on, for, that, church, history"
long,1,0,1,1,0,0,0,0,0,0,0,0,0,0,0,2,2,0.0,4,1,long,0.0013802622498274,0.4412300856834651,0.2,"on, for, that, church, history"
soon,0,0,0,1,0,0,0,0,0,0,0,0,0,0,0,2,2,-0.27115,4,1,soon,0.0013802622498274,0.4412300856834651,0.0666666666666666,"on, for, that, church, history"
fall,1,1,0,0,0,0,0,0,0,0,0,0,0,0,0,2,2,0.07655,4,1,fall,0.0013802622498274,0.4412300856834651,0.1333333333333333,"on, for, that, church, history"
cloth,1,0,0,0,0,0,0,0,0,0,0,0,0,0,0,2,2,0.0,5,1,cloth,0.0013802622498274,0.4412300856834651,0.0666666666666666,"on, for, that, church, history"
events,1,0,0,0,0,0,0,0,0,0,0,0,0,0,0,2,2,0.0,6,1,events,0.0013802622498274,0.4412300856834651,0.0666666666666666,"on, for, that, church, history"
consequences,1,0,0,0,0,0,0,0,0,0,0,0,0,0,0,2,2,-0.3699,12,1,consequences,0.0013802622498274,0.4412300856834651,0.0666666666666666,"on, for, that, church, history"
beyond,0,0,0,1,0,0,0,0,0,0,0,0,0,0,0,2,2,0.0,6,1,beyond,0.0013802622498274,0.4412300856834651,0.0666666666666666,"on, for, that, church, history"
survival,1,0,0,0,0,0,0,0,0,0,0,0,0,0,0,2,2,0.24695,8,1,survival,0.0013802622498274,0.4412300856834651,0.0666666666666666,"on, for, that, church, history"
empire,1,0,0,0,0,0,0,0,0,0,0,0,0,0,0,2,2,-0.08895,6,1,empire,0.0013802622498274,0.4412300856834651,0.0666666666666666,"on, for, that, church, history"
wealth,1,0,0,0,0,0,0,0,0,0,0,0,0,0,0,2,2,0.7902,6,1,wealth,0.0013802622498274,0.4412300856834651,0.0666666666666666,"on, for, that, church, history"
security,1,0,0,0,0,0,0,0,0,0,0,0,0,0,0,2,2,-0.1509499999999999,8,1,security,0.0013802622498274,0.4412300856834651,0.0666666666666666,"on, for, that, church, history"
focus,1,1,0,0,0,0,0,0,0,0,0,0,0,0,0,2,2,-0.1368,5,1,focus,0.0013802622498274,0.4412300856834651,0.1333333333333333,"on, for, that, church, history"
dramatic,0,0,1,0,0,0,0,0,0,0,0,0,0,0,0,2,2,-0.27115,8,1,dramatic,0.0013802622498274,0.4412300856834651,0.0666666666666666,"on, for, that, church, history"
also,0,0,0,1,0,0,0,0,0,0,0,0,0,0,0,2,2,-0.28785,4,1,also,0.0013802622498274,0.4412300856834651,0.0666666666666666,"on, for, that, church, history"
important,0,0,1,0,0,0,0,0,0,0,0,0,0,0,0,2,2,0.32135,9,1,important,0.0013802622498274,0.4412300856834651,0.0666666666666666,"on, for, that, church, history"
sources,1,1,0,0,0,0,0,0,0,0,0,0,0,0,0,2,2,0.4989,7,1,sources,0.0013802622498274,0.4412300856834651,0.1333333333333333,"on, for, that, church, history"
argues,0,1,0,0,0,0,0,0,0,0,0,0,0,0,0,2,2,-0.1699999999999999,6,1,argues,0.0013802622498274,0.4412300856834651,0.0666666666666666,"on, for, that, church, history"
strong,0,0,1,1,0,0,0,0,0,0,0,0,0,0,0,2,2,0.0031999999999999,6,1,strong,0.0013802622498274,0.4412300856834651,0.1333333333333333,"on, for, that, church, history"
trade,1,1,1,0,0,0,0,0,0,0,0,0,0,0,0,2,2,0.54895,5,1,trade,0.0013802622498274,0.4412300856834651,0.2,"on, for, that, church, history"
family,1,0,0,0,0,0,0,0,0,0,0,0,0,0,0,2,2,0.17,6,1,family,0.0013802622498274,0.4412300856834651,0.0666666666666666,"on, for, that, church, history"
remaining,1,1,1,0,0,0,0,0,0,0,0,0,0,0,0,2,2,0.10115,9,1,remaining,0.0013802622498274,0.4412300856834651,0.2,"on, for, that, church, history"
small,1,0,1,1,0,0,0,0,0,0,0,0,0,0,0,2,2,0.10115,5,1,small,0.0013802622498274,0.4412300856834651,0.2,"on, for, that, church, history"
venetians,1,0,0,0,0,0,0,0,0,0,0,0,0,0,0,2,2,-0.2558499999999999,9,1,venetians,0.0013802622498274,0.4412300856834651,0.0666666666666666,"on, for, that, church, history"
generally,0,0,0,1,0,0,0,0,0,0,0,0,0,0,0,2,2,0.10115,9,1,generally,0.0013802622498274,0.4412300856834651,0.0666666666666666,"on, for, that, church, history"
historians,1,0,0,0,0,0,0,0,0,0,0,0,0,0,0,2,2,0.32135,10,1,historians,0.0013802622498274,0.4412300856834651,0.0666666666666666,"on, for, that, church, history"
limits,1,1,0,0,0,0,0,0,0,0,0,0,0,0,0,2,2,0.37195,6,1,limits,0.0013802622498274,0.4412300856834651,0.1333333333333333,"on, for, that, church, history"
issues,1,1,0,0,0,0,0,0,0,0,0,0,0,0,0,2,2,-0.27495,6,1,issues,0.0013802622498274,0.4412300856834651,0.1333333333333333,"on, for, that, church, history"
personalities,1,0,0,0,0,0,0,0,0,0,0,0,0,0,0,2,2,-0.028,13,1,personalities,0.0013802622498274,0.4412300856834651,0.0666666666666666,"on, for, that, church, history"
https,0,0,0,0,0,0,0,0,0,0,0,0,0,0,0,2,2,0.3773999999999999,5,1,https,0.0013802622498274,0.4412300856834651,0.0,"on, for, that, church, history"
viii,0,0,0,0,0,0,0,0,0,0,0,0,0,0,0,2,2,0.10025,4,1,viii,0.0013802622498274,0.4412300856834651,0.0,"on, for, that, church, history"
religion,1,0,0,0,0,0,0,0,0,0,0,0,0,0,0,2,2,0.23835,8,1,religion,0.0013802622498274,0.4412300856834651,0.0666666666666666,"on, for, that, church, history"
ecclesiastical,0,0,1,0,0,0,0,0,0,0,0,0,0,0,0,2,2,0.1909,14,1,ecclesiastical,0.0013802622498274,0.4412300856834651,0.0666666666666666,"on, for, that, church, history"
american,1,0,1,0,0,0,0,0,0,0,0,0,0,0,0,2,2,0.148,8,1,american,0.0013802622498274,0.4412300856834651,0.1333333333333333,"on, for, that, church, history"
society,1,0,0,0,0,0,0,0,0,0,0,0,0,0,0,2,2,0.148,7,1,society,0.0013802622498274,0.4412300856834651,0.0666666666666666,"on, for, that, church, history"
each,1,0,1,1,0,0,0,0,0,0,0,0,1,0,1,2,2,0.07575,4,1,each,0.0013802622498274,0.4412300856834651,0.3333333333333333,"on, for, that, church, history"
stable,1,1,1,0,0,0,0,0,0,0,0,0,0,0,0,2,2,0.4933999999999999,6,1,stable,0.0013802622498274,0.4412300856834651,0.2,"on, for, that, church, history"
june,1,0,0,0,0,0,0,0,0,0,0,0,0,0,0,2,2,0.0,4,1,june,0.0013802622498274,0.4412300856834651,0.0666666666666666,"on, for, that, church, history"
abrahamse,0,0,0,0,0,0,0,0,0,0,0,0,0,0,0,2,2,0.0,9,1,abrahamse,0.0013802622498274,0.4412300856834651,0.0,"on, for, that, church, history"
dorothy,0,0,0,0,0,0,0,0,0,0,0,0,0,0,0,2,2,0.0,7,1,dorothy,0.0013802622498274,0.4412300856834651,0.0,"on, for, that, church, history"
source,1,1,0,0,0,0,0,0,0,0,0,0,0,0,0,2,2,0.37895,6,1,source,0.0013802622498274,0.4412300856834651,0.1333333333333333,"on, for, that, church, history"
de,1,0,0,0,0,0,0,0,0,0,0,0,0,0,0,2,2,0.0,2,1,de,0.0013802622498274,0.4412300856834651,0.0666666666666666,"on, for, that, church, history"
f,1,0,0,0,0,0,0,0,0,0,0,0,0,0,0,2,2,0.0,1,1,f,0.0013802622498274,0.4412300856834651,0.0666666666666666,"on, for, that, church, history"
petry,0,0,0,0,0,0,0,0,0,0,0,0,0,0,0,1,1,0.0,5,1,petry,0.0006901311249137,0.3527925170786499,0.0,"on, for, that, church, history"
vol,1,0,0,0,0,0,0,0,0,0,0,0,0,0,0,1,1,0.0,3,1,vol,0.0006901311249137,0.3527925170786499,0.0666666666666666,"on, for, that, church, history"
no,1,0,0,1,0,0,0,0,0,0,1,0,0,0,0,1,1,-0.296,2,1,no,0.0006901311249137,0.3527925170786499,0.2,"on, for, that, church, history"
behalf,1,0,0,0,0,0,0,0,0,0,0,0,0,0,0,1,1,0.296,6,1,behalf,0.0006901311249137,0.3527925170786499,0.0666666666666666,"on, for, that, church, history"
url,1,0,0,0,0,0,0,0,0,0,0,0,0,0,0,1,1,0.296,3,1,url,0.0006901311249137,0.3527925170786499,0.0666666666666666,"on, for, that, church, history"
www,0,0,0,0,0,0,0,0,0,0,0,0,0,0,0,1,1,0.296,3,1,www,0.0006901311249137,0.3527925170786499,0.0,"on, for, that, church, history"
providing,0,1,0,0,0,0,0,0,0,0,0,0,0,0,0,1,1,0.0,9,1,providing,0.0006901311249137,0.3527925170786499,0.0666666666666666,"on, for, that, church, history"
much,1,0,1,1,0,0,0,0,0,0,0,0,0,0,0,1,1,0.0,4,1,much,0.0006901311249137,0.3527925170786499,0.2,"on, for, that, church, history"
detail,1,1,0,0,0,0,0,0,0,0,0,0,0,0,0,1,1,0.0,6,1,detail,0.0006901311249137,0.3527925170786499,0.1333333333333333,"on, for, that, church, history"
shifting,1,1,1,0,0,0,0,0,0,0,0,0,0,0,0,1,1,0.0,8,1,shifting,0.0006901311249137,0.3527925170786499,0.2,"on, for, that, church, history"
relations,1,0,0,0,0,0,0,0,0,0,0,0,0,0,0,1,1,0.0,9,1,relations,0.0006901311249137,0.3527925170786499,0.0666666666666666,"on, for, that, church, history"
landholding,1,0,1,0,0,0,0,0,0,0,0,0,0,0,0,1,1,0.0,11,1,landholding,0.0006901311249137,0.3527925170786499,0.1333333333333333,"on, for, that, church, history"
financial,0,0,1,0,0,0,0,0,0,0,0,0,0,0,0,1,1,0.0,9,1,financial,0.0006901311249137,0.3527925170786499,0.0666666666666666,"on, for, that, church, history"
practices,1,1,0,0,0,0,0,0,0,0,0,0,0,0,0,1,1,0.0,9,1,practices,0.0006901311249137,0.3527925170786499,0.1333333333333333,"on, for, that, church, history"
various,0,0,1,0,0,0,0,0,0,0,0,0,0,0,0,1,1,0.0,7,1,various,0.0006901311249137,0.3527925170786499,0.0666666666666666,"on, for, that, church, history"
bodies,1,1,0,0,0,0,0,0,0,0,0,0,0,0,0,1,1,0.0,6,1,bodies,0.0006901311249137,0.3527925170786499,0.1333333333333333,"on, for, that, church, history"
present,1,1,1,0,0,0,0,0,0,0,0,0,0,0,0,1,1,0.0,7,1,present,0.0006901311249137,0.3527925170786499,0.2,"on, for, that, church, history"
surveys,1,1,0,0,0,0,0,0,0,0,0,0,0,0,0,1,1,0.4767,7,1,surveys,0.0006901311249137,0.3527925170786499,0.1333333333333333,"on, for, that, church, history"
valuable,1,0,1,0,0,0,0,0,0,0,0,0,0,0,0,1,1,0.4767,8,1,valuable,0.0006901311249137,0.3527925170786499,0.1333333333333333,"on, for, that, church, history"
surprisingly,0,0,0,1,0,0,0,0,0,0,0,0,0,0,0,1,1,-0.3252,12,1,surprisingly,0.0006901311249137,0.3527925170786499,0.0666666666666666,"on, for, that, church, history"
given,1,1,1,0,0,0,0,0,0,0,0,0,0,0,0,1,1,-0.3252,5,1,given,0.0006901311249137,0.3527925170786499,0.2,"on, for, that, church, history"
vast,1,0,1,0,0,0,0,0,0,0,0,0,0,0,0,1,1,-0.3252,4,1,vast,0.0006901311249137,0.3527925170786499,0.1333333333333333,"on, for, that, church, history"
area,1,0,0,0,0,0,0,0,0,0,0,0,0,0,0,1,1,-0.3252,4,1,area,0.0006901311249137,0.3527925170786499,0.0666666666666666,"on, for, that, church, history"
time,1,1,0,0,0,0,0,0,0,0,0,0,0,0,0,1,1,-0.3252,4,1,time,0.0006901311249137,0.3527925170786499,0.1333333333333333,"on, for, that, church, history"
covered,0,0,1,0,0,0,0,0,0,0,0,0,0,0,0,1,1,-0.3252,7,1,covered,0.0006901311249137,0.3527925170786499,0.0666666666666666,"on, for, that, church, history"
two,1,0,1,0,0,0,0,0,0,0,0,0,0,0,0,1,1,-0.3252,3,1,two,0.0006901311249137,0.3527925170786499,0.1333333333333333,"on, for, that, church, history"
continents,1,0,0,0,0,0,0,0,0,0,0,0,0,0,0,1,1,-0.3252,10,1,continents,0.0006901311249137,0.3527925170786499,0.0666666666666666,"on, for, that, church, history"
centuries,1,0,0,0,0,0,0,0,0,0,0,0,0,0,0,1,1,-0.3252,9,1,centuries,0.0006901311249137,0.3527925170786499,0.0666666666666666,"on, for, that, church, history"
handed,0,1,1,0,0,0,0,0,0,0,0,0,0,0,0,1,1,-0.2023,6,1,handed,0.0006901311249137,0.3527925170786499,0.1333333333333333,"on, for, that, church, history"
luckily,0,0,0,1,0,0,0,0,0,0,0,0,0,0,0,1,1,0.5106,7,1,luckily,0.0006901311249137,0.3527925170786499,0.0666666666666666,"on, for, that, church, history"
past,1,0,1,1,0,0,0,0,0,0,0,0,0,0,0,1,1,0.5106,4,1,past,0.0006901311249137,0.3527925170786499,0.2,"on, for, that, church, history"
years,1,0,0,0,0,0,0,0,0,0,0,0,0,0,0,1,1,0.5106,5,1,years,0.0006901311249137,0.3527925170786499,0.0666666666666666,"on, for, that, church, history"
such,0,0,1,1,0,0,0,0,0,0,0,0,0,0,0,1,1,0.5106,4,1,such,0.0006901311249137,0.3527925170786499,0.1333333333333333,"on, for, that, church, history"
texts,0,0,0,0,0,0,0,0,0,0,0,0,0,0,0,1,1,0.5106,5,1,texts,0.0006901311249137,0.3527925170786499,0.0,"on, for, that, church, history"
schwaller's,0,0,0,0,0,0,0,0,0,0,0,0,0,0,0,1,1,0.0,11,1,schwaller's,0.0006901311249137,0.3527925170786499,0.0,"on, for, that, church, history"
addition,1,0,0,0,0,0,0,0,0,0,0,0,0,0,0,1,1,0.0,8,1,addition,0.0006901311249137,0.3527925170786499,0.0666666666666666,"on, for, that, church, history"
until,0,0,0,0,0,0,1,0,0,0,0,0,0,0,0,1,1,-0.2023,5,1,until,0.0006901311249137,0.3527925170786499,0.0666666666666666,"on, for, that, church, history"
recently,0,0,0,1,0,0,0,0,0,0,0,0,0,0,0,1,1,-0.2023,8,1,recently,0.0006901311249137,0.3527925170786499,0.0666666666666666,"on, for, that, church, history"
anyone,0,0,0,0,0,0,0,0,0,0,0,0,0,0,1,1,1,-0.2023,6,1,anyone,0.0006901311249137,0.3527925170786499,0.0666666666666666,"on, for, that, church, history"
searching,1,1,1,0,0,0,0,0,0,0,0,0,0,0,0,1,1,-0.2023,9,1,searching,0.0006901311249137,0.3527925170786499,0.2,"on, for, that, church, history"
survey,1,1,0,0,0,0,0,0,0,0,0,0,0,0,0,1,1,-0.2023,6,1,survey,0.0006901311249137,0.3527925170786499,0.1333333333333333,"on, for, that, church, history"
come,0,1,0,0,0,0,0,0,0,0,0,0,0,0,0,1,1,-0.2023,4,1,come,0.0006901311249137,0.3527925170786499,0.0666666666666666,"on, for, that, church, history"
away,0,0,1,1,0,0,0,0,0,0,0,0,0,0,0,1,1,-0.2023,4,1,away,0.0006901311249137,0.3527925170786499,0.1333333333333333,"on, for, that, church, history"
empty,1,1,1,0,0,0,0,0,0,0,0,0,0,0,0,1,1,-0.2023,5,1,empty,0.0006901311249137,0.3527925170786499,0.2,"on, for, that, church, history"
we,0,0,0,0,0,0,0,0,0,0,0,0,0,0,1,1,1,0.3182,2,1,we,0.0006901311249137,0.3527925170786499,0.0666666666666666,"on, for, that, church, history"
technology,1,0,0,0,0,0,0,0,0,0,0,0,0,0,0,1,1,0.3182,10,1,technology,0.0006901311249137,0.3527925170786499,0.0666666666666666,"on, for, that, church, history"
tools,1,1,0,0,0,0,0,0,0,0,0,0,0,0,0,1,1,0.3182,5,1,tools,0.0006901311249137,0.3527925170786499,0.1333333333333333,"on, for, that, church, history"
increase,1,1,0,0,0,0,0,0,0,0,0,0,0,0,0,1,1,0.3182,8,1,increase,0.0006901311249137,0.3527925170786499,0.1333333333333333,"on, for, that, church, history"
productivity,1,0,0,0,0,0,0,0,0,0,0,0,0,0,0,1,1,0.3182,12,1,productivity,0.0006901311249137,0.3527925170786499,0.0666666666666666,"on, for, that, church, history"
frederick,1,0,0,0,0,0,0,0,0,0,0,0,0,0,0,1,1,0.0,9,1,frederick,0.0006901311249137,0.3527925170786499,0.0666666666666666,"on, for, that, church, history"
schwaller,0,0,0,0,0,0,0,0,0,0,0,0,0,0,0,1,1,0.0,9,1,schwaller,0.0006901311249137,0.3527925170786499,0.0,"on, for, that, church, history"
x,1,0,0,0,0,0,0,0,0,0,0,0,0,0,0,1,1,0.0,1,1,x,0.0006901311249137,0.3527925170786499,0.0666666666666666,"on, for, that, church, history"
students,1,0,0,0,0,0,0,0,0,0,0,0,0,0,0,1,1,0.6908,8,1,students,0.0006901311249137,0.3527925170786499,0.0666666666666666,"on, for, that, church, history"
discover,0,1,0,0,0,0,0,0,0,0,0,0,0,0,0,1,1,0.6908,8,1,discover,0.0006901311249137,0.3527925170786499,0.0666666666666666,"on, for, that, church, history"
build,1,1,0,0,0,0,0,0,0,0,0,0,0,0,0,1,1,0.6908,5,1,build,0.0006901311249137,0.3527925170786499,0.1333333333333333,"on, for, that, church, history"
upon,0,0,0,0,0,0,0,0,0,0,0,0,0,0,0,1,1,0.6908,4,1,upon,0.0006901311249137,0.3527925170786499,0.0,"on, for, that, church, history"
wide,1,0,1,1,0,0,0,0,0,0,0,0,0,0,0,1,1,0.6908,4,1,wide,0.0006901311249137,0.3527925170786499,0.2,"on, for, that, church, history"
range,1,1,0,0,0,0,0,0,0,0,0,0,0,0,0,1,1,0.6908,5,1,range,0.0006901311249137,0.3527925170786499,0.1333333333333333,"on, for, that, church, history"
trusted,0,1,1,0,0,0,0,0,0,0,0,0,0,0,0,1,1,0.6908,7,1,trusted,0.0006901311249137,0.3527925170786499,0.1333333333333333,"on, for, that, church, history"
digital,0,0,1,0,0,0,0,0,0,0,0,0,0,0,0,1,1,0.6908,7,1,digital,0.0006901311249137,0.3527925170786499,0.0666666666666666,"on, for, that, church, history"
pretenders,1,0,0,0,0,0,0,0,0,0,0,0,0,0,0,1,1,0.25,10,1,pretenders,0.0006901311249137,0.3527925170786499,0.0666666666666666,"on, for, that, church, history"
played,0,1,1,0,0,0,0,0,0,0,0,0,0,0,0,1,1,0.8442,6,1,played,0.0006901311249137,0.3527925170786499,0.1333333333333333,"on, for, that, church, history"
off,0,0,1,1,0,0,0,0,0,0,0,0,0,0,0,1,1,0.8442,3,1,off,0.0006901311249137,0.3527925170786499,0.1333333333333333,"on, for, that, church, history"
assistance,1,0,0,0,0,0,0,0,0,0,0,0,0,0,0,1,1,0.8442,10,1,assistance,0.0006901311249137,0.3527925170786499,0.0666666666666666,"on, for, that, church, history"
traveling,1,0,1,0,0,0,0,0,0,0,0,0,0,0,0,1,1,0.8442,9,1,traveling,0.0006901311249137,0.3527925170786499,0.1333333333333333,"on, for, that, church, history"
west,1,0,1,1,0,0,0,0,0,0,0,0,0,0,0,1,1,0.8442,4,1,west,0.0006901311249137,0.3527925170786499,0.2,"on, for, that, church, history"
seek,1,1,0,0,0,0,0,0,0,0,0,0,0,0,0,1,1,0.8442,4,1,seek,0.0006901311249137,0.3527925170786499,0.1333333333333333,"on, for, that, church, history"
presented,0,1,1,0,0,0,0,0,0,0,0,0,0,0,0,1,1,0.0516,9,1,presented,0.0006901311249137,0.3527925170786499,0.1333333333333333,"on, for, that, church, history"
tribute,1,0,0,0,0,0,0,0,0,0,0,0,0,0,0,1,1,0.25,7,1,tribute,0.0006901311249137,0.3527925170786499,0.0666666666666666,"on, for, that, church, history"
testing,1,1,0,0,0,0,0,0,0,0,0,0,0,0,0,1,1,0.25,7,1,testing,0.0006901311249137,0.3527925170786499,0.1333333333333333,"on, for, that, church, history"
treaties,1,0,0,0,0,0,0,0,0,0,0,0,0,0,0,1,1,0.25,8,1,treaties,0.0006901311249137,0.3527925170786499,0.0666666666666666,"on, for, that, church, history"
engaging,0,1,1,0,0,0,0,0,0,0,0,0,0,0,0,1,1,0.25,8,1,engaging,0.0006901311249137,0.3527925170786499,0.1333333333333333,"on, for, that, church, history"
alternately,0,0,0,1,0,0,0,0,0,0,0,0,0,0,0,1,1,0.25,11,1,alternately,0.0006901311249137,0.3527925170786499,0.0666666666666666,"on, for, that, church, history"
action,1,1,0,0,0,0,0,0,0,0,0,0,0,0,0,1,1,0.25,6,1,action,0.0006901311249137,0.3527925170786499,0.1333333333333333,"on, for, that, church, history"
dabbling,1,1,0,0,0,0,0,0,0,0,0,0,0,0,0,1,1,0.25,8,1,dabbling,0.0006901311249137,0.3527925170786499,0.1333333333333333,"on, for, that, church, history"
dangerously,0,0,0,1,0,0,0,0,0,0,0,0,0,0,0,1,1,0.25,11,1,dangerously,0.0006901311249137,0.3527925170786499,0.0666666666666666,"on, for, that, church, history"
during,0,0,0,0,0,0,0,0,0,0,0,0,0,0,0,1,1,0.25,6,1,during,0.0006901311249137,0.3527925170786499,0.0,"on, for, that, church, history"
half,1,0,1,1,0,0,0,0,0,0,0,0,0,0,0,1,1,0.25,4,1,half,0.0006901311249137,0.3527925170786499,0.2,"on, for, that, church, history"
century,1,0,0,0,0,0,0,0,0,0,0,0,0,0,0,1,1,0.25,7,1,century,0.0006901311249137,0.3527925170786499,0.0666666666666666,"on, for, that, church, history"
maneuvered,0,0,0,0,0,0,0,0,0,0,0,0,0,0,0,1,1,0.25,10,1,maneuvered,0.0006901311249137,0.3527925170786499,0.0,"on, for, that, church, history"
between,1,0,0,1,0,0,0,0,0,0,0,0,0,0,0,1,1,0.25,7,1,between,0.0006901311249137,0.3527925170786499,0.1333333333333333,"on, for, that, church, history"
alliances,0,0,0,0,0,0,0,0,0,0,0,0,0,0,0,1,1,0.25,9,1,alliances,0.0006901311249137,0.3527925170786499,0.0,"on, for, that, church, history"
vassalage,0,0,0,0,0,0,0,0,0,0,0,0,0,0,0,1,1,0.25,9,1,vassalage,0.0006901311249137,0.3527925170786499,0.0,"on, for, that, church, history"
paying,0,1,1,0,0,0,0,0,0,0,0,0,0,0,0,1,1,0.25,6,1,paying,0.0006901311249137,0.3527925170786499,0.1333333333333333,"on, for, that, church, history"
christians,1,0,0,0,0,0,0,0,0,0,0,0,0,0,0,1,1,0.34,10,1,christians,0.0006901311249137,0.3527925170786499,0.0666666666666666,"on, for, that, church, history"
italians,1,0,0,0,0,0,0,0,0,0,0,0,0,0,0,1,1,0.34,8,1,italians,0.0006901311249137,0.3527925170786499,0.0666666666666666,"on, for, that, church, history"
europeans,1,0,0,0,0,0,0,0,0,0,0,0,0,0,0,1,1,0.34,9,1,europeans,0.0006901311249137,0.3527925170786499,0.0666666666666666,"on, for, that, church, history"
shared,0,1,1,0,0,0,0,0,0,0,0,0,0,0,0,1,1,0.34,6,1,shared,0.0006901311249137,0.3527925170786499,0.1333333333333333,"on, for, that, church, history"
byzantium's,0,0,0,0,0,0,0,0,0,0,0,0,0,0,0,1,1,0.34,11,1,byzantium's,0.0006901311249137,0.3527925170786499,0.0,"on, for, that, church, history"
former,1,0,1,0,0,0,0,0,0,0,0,0,0,0,0,1,1,0.34,6,1,former,0.0006901311249137,0.3527925170786499,0.1333333333333333,"on, for, that, church, history"
european,1,0,1,0,0,0,0,0,0,0,0,0,0,0,0,1,1,0.34,8,1,european,0.0006901311249137,0.3527925170786499,0.1333333333333333,"on, for, that, church, history"
territory,1,0,0,0,0,0,0,0,0,0,0,0,0,0,0,1,1,0.34,9,1,territory,0.0006901311249137,0.3527925170786499,0.0666666666666666,"on, for, that, church, history"
sides,1,1,0,0,0,0,0,0,0,0,0,0,0,0,0,1,1,0.8225,5,1,sides,0.0006901311249137,0.3527925170786499,0.1333333333333333,"on, for, that, church, history"
ambition,1,1,0,0,0,0,0,0,0,0,0,0,0,0,0,1,1,0.8225,8,1,ambition,0.0006901311249137,0.3527925170786499,0.1333333333333333,"on, for, that, church, history"
or,0,0,0,0,0,0,1,0,0,0,0,0,0,0,0,1,1,0.8225,2,1,or,0.0006901311249137,0.3527925170786499,0.0666666666666666,"on, for, that, church, history"
need,1,1,0,0,0,0,0,0,0,0,0,0,0,0,0,1,1,0.8225,4,1,need,0.0006901311249137,0.3527925170786499,0.1333333333333333,"on, for, that, church, history"
conserve,1,1,0,0,0,0,0,0,0,0,0,0,0,0,0,1,1,0.8225,8,1,conserve,0.0006901311249137,0.3527925170786499,0.1333333333333333,"on, for, that, church, history"
protect,0,1,0,0,0,0,0,0,0,0,0,0,0,0,0,1,1,0.8225,7,1,protect,0.0006901311249137,0.3527925170786499,0.0666666666666666,"on, for, that, church, history"
following,1,1,1,0,0,0,0,0,0,0,0,0,0,0,0,1,1,-0.1779,9,1,following,0.0006901311249137,0.3527925170786499,0.2,"on, for, that, church, history"
brief,1,1,1,0,0,0,0,0,0,0,0,0,0,0,0,1,1,-0.1779,5,1,brief,0.0006901311249137,0.3527925170786499,0.2,"on, for, that, church, history"
served,0,1,0,0,0,0,0,0,0,0,0,0,0,0,0,1,1,0.8442,6,1,served,0.0006901311249137,0.3527925170786499,0.0666666666666666,"on, for, that, church, history"
condition,1,1,0,0,0,0,0,0,0,0,0,0,0,0,0,1,1,0.8442,9,1,condition,0.0006901311249137,0.3527925170786499,0.1333333333333333,"on, for, that, church, history"
demonstrates,0,1,0,0,0,0,0,0,0,0,0,0,0,0,0,1,1,0.8225,12,1,demonstrates,0.0006901311249137,0.3527925170786499,0.0666666666666666,"on, for, that, church, history"
powerful,0,0,1,1,0,0,0,0,0,0,0,0,0,0,0,1,1,0.8225,8,1,powerful,0.0006901311249137,0.3527925170786499,0.1333333333333333,"on, for, that, church, history"
divided,0,1,1,0,0,0,0,0,0,0,0,0,0,0,0,1,1,0.8225,7,1,divided,0.0006901311249137,0.3527925170786499,0.1333333333333333,"on, for, that, church, history"
allegiances,1,0,0,0,0,0,0,0,0,0,0,0,0,0,0,1,1,0.8225,11,1,allegiances,0.0006901311249137,0.3527925170786499,0.0666666666666666,"on, for, that, church, history"
sometimes,0,0,0,1,0,0,0,0,0,0,0,0,0,0,0,1,1,0.8225,9,1,sometimes,0.0006901311249137,0.3527925170786499,0.0666666666666666,"on, for, that, church, history"
changing,0,1,1,0,0,0,0,0,0,0,0,0,0,0,0,1,1,0.8225,8,1,changing,0.0006901311249137,0.3527925170786499,0.1333333333333333,"on, for, that, church, history"
reinforce,0,1,0,0,0,0,0,0,0,0,0,0,0,0,0,1,1,0.0,9,1,reinforce,0.0006901311249137,0.3527925170786499,0.0666666666666666,"on, for, that, church, history"
stereotypes,1,0,0,0,0,0,0,0,0,0,0,0,0,0,0,1,1,0.0,11,1,stereotypes,0.0006901311249137,0.3527925170786499,0.0666666666666666,"on, for, that, church, history"
reigns,1,1,0,0,0,0,0,0,0,0,0,0,0,0,0,1,1,0.2263,6,1,reigns,0.0006901311249137,0.3527925170786499,0.1333333333333333,"on, for, that, church, history"
crusades,1,1,0,0,0,0,0,0,0,0,0,0,0,0,0,1,1,0.8442,8,1,crusades,0.0006901311249137,0.3527925170786499,0.1333333333333333,"on, for, that, church, history"
did,0,1,0,0,1,0,0,0,0,0,0,0,0,0,0,1,1,0.8442,3,1,did,0.0006901311249137,0.3527925170786499,0.1333333333333333,"on, for, that, church, history"
best,1,0,1,1,0,0,0,0,0,0,0,0,0,0,0,1,1,0.8442,4,1,best,0.0006901311249137,0.3527925170786499,0.2,"on, for, that, church, history"
delay,1,1,0,0,0,0,0,0,0,0,0,0,0,0,0,1,1,0.8442,5,1,delay,0.0006901311249137,0.3527925170786499,0.1333333333333333,"on, for, that, church, history"
implementing,0,1,0,0,0,0,0,0,0,0,0,0,0,0,0,1,1,0.8442,12,1,implementing,0.0006901311249137,0.3527925170786499,0.0666666666666666,"on, for, that, church, history"
defense,1,0,0,0,0,0,0,0,0,0,0,0,0,0,0,1,1,0.0516,7,1,defense,0.0006901311249137,0.3527925170786499,0.0666666666666666,"on, for, that, church, history"
islam,1,0,0,0,0,0,0,0,0,0,0,0,0,0,0,1,1,0.0516,5,1,islam,0.0006901311249137,0.3527925170786499,0.0666666666666666,"on, for, that, church, history"
act,1,1,0,0,0,0,0,0,0,0,0,0,0,0,0,1,1,0.0516,3,1,act,0.0006901311249137,0.3527925170786499,0.1333333333333333,"on, for, that, church, history"
ongoing,1,0,1,0,0,0,0,0,0,0,0,0,0,0,0,1,1,0.0516,7,1,ongoing,0.0006901311249137,0.3527925170786499,0.1333333333333333,"on, for, that, church, history"
endless,0,0,1,0,0,0,0,0,0,0,0,0,0,0,0,1,1,0.0,7,1,endless,0.0006901311249137,0.3527925170786499,0.0666666666666666,"on, for, that, church, history"
dynastic,0,0,1,0,0,0,0,0,0,0,0,0,0,0,0,1,1,0.0,8,1,dynastic,0.0006901311249137,0.3527925170786499,0.0666666666666666,"on, for, that, church, history"
fill,1,1,0,0,0,0,0,0,0,0,0,0,0,0,0,1,1,0.0,4,1,fill,0.0006901311249137,0.3527925170786499,0.1333333333333333,"on, for, that, church, history"
narratives,1,0,0,0,0,0,0,0,0,0,0,0,0,0,0,1,1,0.0,10,1,narratives,0.0006901311249137,0.3527925170786499,0.0666666666666666,"on, for, that, church, history"
finance,1,1,0,0,0,0,0,0,0,0,0,0,0,0,0,1,1,0.7579,7,1,finance,0.0006901311249137,0.3527925170786499,0.1333333333333333,"on, for, that, church, history"
controlled,0,1,1,0,0,0,0,0,0,0,0,0,0,0,0,1,1,0.7579,10,1,controlled,0.0006901311249137,0.3527925170786499,0.1333333333333333,"on, for, that, church, history"
some,0,0,1,1,0,0,0,0,1,0,0,0,0,0,1,1,1,0.7579,4,1,some,0.0006901311249137,0.3527925170786499,0.2666666666666666,"on, for, that, church, history"
constantinople's,0,0,0,0,0,0,0,0,0,0,0,0,0,0,0,1,1,0.7579,16,1,constantinople's,0.0006901311249137,0.3527925170786499,0.0,"on, for, that, church, history"
leading,1,1,1,0,0,0,0,0,0,0,0,0,0,0,0,1,1,0.7579,7,1,leading,0.0006901311249137,0.3527925170786499,0.2,"on, for, that, church, history"
citizens,1,0,0,0,0,0,0,0,0,0,0,0,0,0,0,1,1,0.7579,8,1,citizens,0.0006901311249137,0.3527925170786499,0.0666666666666666,"on, for, that, church, history"
contained,0,1,1,0,0,0,0,0,0,0,0,0,0,0,0,1,1,0.0,9,1,contained,0.0006901311249137,0.3527925170786499,0.1333333333333333,"on, for, that, church, history"
widely,0,0,0,1,0,0,0,0,0,0,0,0,0,0,0,1,1,0.0,6,1,widely,0.0006901311249137,0.3527925170786499,0.0666666666666666,"on, for, that, church, history"
while,1,0,0,0,0,0,1,0,0,0,0,0,0,0,0,1,1,0.7579,5,1,while,0.0006901311249137,0.3527925170786499,0.1333333333333333,"on, for, that, church, history"
venetian,1,0,1,0,0,0,0,0,0,0,0,0,0,0,0,1,1,0.7579,8,1,venetian,0.0006901311249137,0.3527925170786499,0.1333333333333333,"on, for, that, church, history"
semi,1,0,1,0,0,0,0,0,0,0,0,0,0,0,0,1,1,0.7579,4,1,semi,0.0006901311249137,0.3527925170786499,0.1333333333333333,"on, for, that, church, history"
independent,1,0,1,0,0,0,0,0,0,0,0,0,0,0,0,1,1,0.7579,11,1,independent,0.0006901311249137,0.3527925170786499,0.1333333333333333,"on, for, that, church, history"
enclaves,1,0,0,0,0,0,0,0,0,0,0,0,0,0,0,1,1,0.7579,8,1,enclaves,0.0006901311249137,0.3527925170786499,0.0666666666666666,"on, for, that, church, history"
bustled,0,1,1,0,0,0,0,0,0,0,0,0,0,0,0,1,1,0.7579,7,1,bustled,0.0006901311249137,0.3527925170786499,0.1333333333333333,"on, for, that, church, history"
shipping,1,1,0,0,0,0,0,0,0,0,0,0,0,0,0,1,1,0.7579,8,1,shipping,0.0006901311249137,0.3527925170786499,0.1333333333333333,"on, for, that, church, history"
international,1,0,1,0,0,0,0,0,0,0,0,0,0,0,0,1,1,0.7579,13,1,international,0.0006901311249137,0.3527925170786499,0.1333333333333333,"on, for, that, church, history"
impressive,0,0,1,0,0,0,0,0,0,0,0,0,0,0,0,1,1,0.7579,10,1,impressive,0.0006901311249137,0.3527925170786499,0.0666666666666666,"on, for, that, church, history"
ceremonies,1,0,0,0,0,0,0,0,0,0,0,0,0,0,0,1,1,0.7579,10,1,ceremonies,0.0006901311249137,0.3527925170786499,0.0666666666666666,"on, for, that, church, history"
titles,1,0,0,0,0,0,0,0,0,0,0,0,0,0,0,1,1,0.7579,6,1,titles,0.0006901311249137,0.3527925170786499,0.0666666666666666,"on, for, that, church, history"
ramshackle,0,0,1,0,0,0,0,0,0,0,0,0,0,0,0,1,1,0.7579,10,1,ramshackle,0.0006901311249137,0.3527925170786499,0.0666666666666666,"on, for, that, church, history"
crumbling,0,1,0,0,0,0,0,0,0,0,0,0,0,0,0,1,1,0.7579,9,1,crumbling,0.0006901311249137,0.3527925170786499,0.0666666666666666,"on, for, that, church, history"
monuments,1,0,0,0,0,0,0,0,0,0,0,0,0,0,0,1,1,0.7579,9,1,monuments,0.0006901311249137,0.3527925170786499,0.0666666666666666,"on, for, that, church, history"
deserted,0,1,1,0,0,0,0,0,0,0,0,0,0,0,0,1,1,0.7579,8,1,deserted,0.0006901311249137,0.3527925170786499,0.1333333333333333,"on, for, that, church, history"
areas,1,0,0,0,0,0,0,0,0,0,0,0,0,0,0,1,1,0.7579,5,1,areas,0.0006901311249137,0.3527925170786499,0.0666666666666666,"on, for, that, church, history"
expansion,1,0,0,0,0,0,0,0,0,0,0,0,0,0,0,1,1,-0.1779,9,1,expansion,0.0006901311249137,0.3527925170786499,0.0666666666666666,"on, for, that, church, history"
brought,0,1,0,0,0,0,0,0,0,0,0,0,0,0,0,1,1,-0.1779,7,1,brought,0.0006901311249137,0.3527925170786499,0.0666666666666666,"on, for, that, church, history"
control,1,1,0,0,0,0,0,0,0,0,0,0,0,0,0,1,1,-0.1779,7,1,control,0.0006901311249137,0.3527925170786499,0.1333333333333333,"on, for, that, church, history"
outskirts,1,0,0,0,0,0,0,0,0,0,0,0,0,0,0,1,1,-0.1779,9,1,outskirts,0.0006901311249137,0.3527925170786499,0.0666666666666666,"on, for, that, church, history"
dilemma,1,0,0,0,0,0,0,0,0,0,0,0,0,0,0,1,1,-0.1779,7,1,dilemma,0.0006901311249137,0.3527925170786499,0.0666666666666666,"on, for, that, church, history"
subsequent,0,0,1,0,0,0,0,0,0,0,0,0,0,0,0,1,1,-0.1779,10,1,subsequent,0.0006901311249137,0.3527925170786499,0.0666666666666666,"on, for, that, church, history"
diminished,0,1,1,0,0,0,0,0,0,0,0,0,0,0,0,1,1,-0.1779,10,1,diminished,0.0006901311249137,0.3527925170786499,0.1333333333333333,"on, for, that, church, history"
maintained,0,1,1,0,0,0,0,0,0,0,0,0,0,0,0,1,1,0.7579,10,1,maintained,0.0006901311249137,0.3527925170786499,0.1333333333333333,"on, for, that, church, history"
ix,0,0,0,0,0,0,0,0,0,0,0,0,0,0,0,1,1,-0.0258,2,0,ix,0.0006901311249137,0.3527925170786499,0.0,"on, for, that, church, history"
engendered,0,0,0,0,0,0,0,0,0,0,0,0,0,0,0,1,1,-0.0258,10,1,engendered,0.0006901311249137,0.3527925170786499,0.0,"on, for, that, church, history"
involving,0,1,0,0,0,0,0,0,0,0,0,0,0,0,0,1,1,-0.0258,9,1,involving,0.0006901311249137,0.3527925170786499,0.0666666666666666,"on, for, that, church, history"
themselves,0,0,0,0,0,0,0,0,0,0,0,0,0,0,1,1,1,-0.0258,10,1,themselves,0.0006901311249137,0.3527925170786499,0.0666666666666666,"on, for, that, church, history"
succession,1,0,0,0,0,0,0,0,0,0,0,0,0,0,0,1,1,-0.0258,10,1,succession,0.0006901311249137,0.3527925170786499,0.0666666666666666,"on, for, that, church, history"
struggles,1,1,0,0,0,0,0,0,0,0,0,0,0,0,0,1,1,-0.0258,9,1,struggles,0.0006901311249137,0.3527925170786499,0.1333333333333333,"on, for, that, church, history"
expanding,0,1,1,0,0,0,0,0,0,0,0,0,0,0,0,1,1,-0.0258,9,1,expanding,0.0006901311249137,0.3527925170786499,0.1333333333333333,"on, for, that, church, history"
yale,1,0,0,0,0,0,0,0,0,0,0,0,0,0,0,1,1,0.0,4,1,yale,0.0006901311249137,0.3527925170786499,0.0666666666666666,"on, for, that, church, history"
where,0,0,0,1,0,0,1,0,0,0,0,0,0,0,0,1,1,0.4939,5,1,where,0.0006901311249137,0.3527925170786499,0.1333333333333333,"on, for, that, church, history"
could,0,0,0,0,0,0,0,0,0,1,0,0,0,0,0,1,1,0.4939,5,1,could,0.0006901311249137,0.3527925170786499,0.0666666666666666,"on, for, that, church, history"
safely,0,0,0,1,0,0,0,0,0,0,0,0,0,0,0,1,1,0.4939,6,1,safely,0.0006901311249137,0.3527925170786499,0.0666666666666666,"on, for, that, church, history"
push,1,1,0,0,0,0,0,0,0,0,0,0,0,0,0,1,1,0.4939,4,1,push,0.0006901311249137,0.3527925170786499,0.1333333333333333,"on, for, that, church, history"
treaty,1,0,0,0,0,0,0,0,0,0,0,0,0,0,0,1,1,0.4939,6,1,treaty,0.0006901311249137,0.3527925170786499,0.0666666666666666,"on, for, that, church, history"
vividly,0,0,0,1,0,0,0,0,0,0,0,0,0,0,0,1,1,-0.0258,7,1,vividly,0.0006901311249137,0.3527925170786499,0.0666666666666666,"on, for, that, church, history"
describes,0,1,0,0,0,0,0,0,0,0,0,0,0,0,0,1,1,-0.0258,9,1,describes,0.0006901311249137,0.3527925170786499,0.0666666666666666,"on, for, that, church, history"
disastrous,0,0,1,0,0,0,0,0,0,0,0,0,0,0,0,1,1,-0.0258,10,1,disastrous,0.0006901311249137,0.3527925170786499,0.0666666666666666,"on, for, that, church, history"
whose,0,0,0,0,0,0,0,0,0,0,0,0,0,1,1,1,1,0.0,5,1,whose,0.0006901311249137,0.3527925170786499,0.1333333333333333,"on, for, that, church, history"
internecine,0,0,1,0,0,0,0,0,0,0,0,0,0,0,0,1,1,0.0,11,1,internecine,0.0006901311249137,0.3527925170786499,0.0666666666666666,"on, for, that, church, history"
continued,0,1,1,0,0,0,0,0,0,0,0,0,0,0,0,1,1,0.0,9,1,continued,0.0006901311249137,0.3527925170786499,0.1333333333333333,"on, for, that, church, history"
even,1,1,1,1,0,0,0,0,0,0,0,0,0,0,0,1,1,0.0,4,1,even,0.0006901311249137,0.3527925170786499,0.2666666666666666,"on, for, that, church, history"
depended,0,1,0,0,0,0,0,0,0,0,0,0,0,0,0,1,1,0.4939,8,1,depended,0.0006901311249137,0.3527925170786499,0.0666666666666666,"on, for, that, church, history"
fortunes,1,0,0,0,0,0,0,0,0,0,0,0,0,0,0,1,1,0.4939,8,1,fortunes,0.0006901311249137,0.3527925170786499,0.0666666666666666,"on, for, that, church, history"
skill,1,0,0,0,0,0,0,0,0,0,0,0,0,0,0,1,1,0.4939,5,1,skill,0.0006901311249137,0.3527925170786499,0.0666666666666666,"on, for, that, church, history"
determining,0,1,1,0,0,0,0,0,0,0,0,0,0,0,0,1,1,0.4939,11,1,determining,0.0006901311249137,0.3527925170786499,0.1333333333333333,"on, for, that, church, history"
separated,0,1,1,0,0,0,0,0,0,0,0,0,0,0,0,1,1,0.0,9,1,separated,0.0006901311249137,0.3527925170786499,0.1333333333333333,"on, for, that, church, history"
reviews,1,1,0,0,0,0,0,0,0,0,0,0,0,0,0,1,1,0.0,7,1,reviews,0.0006901311249137,0.3527925170786499,0.1333333333333333,"on, for, that, church, history"
notes,0,1,0,0,0,0,0,0,0,0,0,0,0,0,0,1,1,0.0,5,1,notes,0.0006901311249137,0.3527925170786499,0.0666666666666666,"on, for, that, church, history"
ruled,0,1,1,0,0,0,0,0,0,0,0,0,0,0,0,1,1,0.0,5,1,ruled,0.0006901311249137,0.3527925170786499,0.1333333333333333,"on, for, that, church, history"
quasi,0,0,1,0,0,0,0,0,0,0,0,0,0,0,0,1,1,0.0,5,1,quasi,0.0006901311249137,0.3527925170786499,0.0666666666666666,"on, for, that, church, history"
independently,0,0,0,1,0,0,0,0,0,0,0,0,0,0,0,1,1,0.0,13,1,independently,0.0006901311249137,0.3527925170786499,0.0666666666666666,"on, for, that, church, history"
palaiologos,0,0,0,0,0,0,0,0,0,0,0,0,0,0,0,1,1,0.0,11,1,palaiologos,0.0006901311249137,0.3527925170786499,0.0,"on, for, that, church, history"
members,1,0,0,0,0,0,0,0,0,0,0,0,0,0,0,1,1,0.0,7,1,members,0.0006901311249137,0.3527925170786499,0.0666666666666666,"on, for, that, church, history"
besieged,0,1,1,0,0,0,0,0,0,0,0,0,0,0,0,1,1,-0.8442,8,1,besieged,0.0006901311249137,0.3527925170786499,0.1333333333333333,"on, for, that, church, history"
cities,1,0,0,0,0,0,0,0,0,0,0,0,0,0,0,1,1,-0.8442,6,1,cities,0.0006901311249137,0.3527925170786499,0.0666666666666666,"on, for, that, church, history"
critical,1,0,1,0,0,0,0,0,0,0,0,0,0,0,0,1,1,-0.8442,8,1,critical,0.0006901311249137,0.3527925170786499,0.1333333333333333,"on, for, that, church, history"
refusal,1,0,0,0,0,0,0,0,0,0,0,0,0,0,0,1,1,-0.8442,7,1,refusal,0.0006901311249137,0.3527925170786499,0.0666666666666666,"on, for, that, church, history"
pillage,0,0,0,0,0,0,0,0,0,0,0,0,0,0,0,1,1,-0.8442,7,1,pillage,0.0006901311249137,0.3527925170786499,0.0,"on, for, that, church, history"
rape,1,1,0,0,0,0,0,0,0,0,0,0,0,0,0,1,1,-0.8442,4,1,rape,0.0006901311249137,0.3527925170786499,0.1333333333333333,"on, for, that, church, history"
captivity,1,0,0,0,0,0,0,0,0,0,0,0,0,0,0,1,1,-0.8442,9,1,captivity,0.0006901311249137,0.3527925170786499,0.0666666666666666,"on, for, that, church, history"
evident,0,0,1,0,0,0,0,0,0,0,0,0,0,0,0,1,1,-0.8442,7,1,evident,0.0006901311249137,0.3527925170786499,0.0666666666666666,"on, for, that, church, history"
diplomatic,0,0,1,0,0,0,0,0,0,0,0,0,0,0,0,1,1,-0.0258,10,1,diplomatic,0.0006901311249137,0.3527925170786499,0.0666666666666666,"on, for, that, church, history"
skills,0,0,0,0,0,0,0,0,0,0,0,0,0,0,0,1,1,-0.0258,6,1,skills,0.0006901311249137,0.3527925170786499,0.0,"on, for, that, church, history"
policy,1,0,0,0,0,0,0,0,0,0,0,0,0,0,0,1,1,-0.8442,6,1,policy,0.0006901311249137,0.3527925170786499,0.0666666666666666,"on, for, that, church, history"
offering,1,0,0,0,0,0,0,0,0,0,0,0,0,0,0,1,1,-0.8442,8,1,offering,0.0006901311249137,0.3527925170786499,0.0666666666666666,"on, for, that, church, history"
generous,0,0,1,0,0,0,0,0,0,0,0,0,0,0,0,1,1,-0.8442,8,1,generous,0.0006901311249137,0.3527925170786499,0.0666666666666666,"on, for, that, church, history"
peaceful,0,0,1,0,0,0,0,0,0,0,0,0,0,0,0,1,1,-0.8442,8,1,peaceful,0.0006901311249137,0.3527925170786499,0.0666666666666666,"on, for, that, church, history"
property,1,0,0,0,0,0,0,0,0,0,0,0,0,0,0,1,1,-0.8442,8,1,property,0.0006901311249137,0.3527925170786499,0.0666666666666666,"on, for, that, church, history"
practice,1,1,0,0,0,0,0,0,0,0,0,0,0,0,0,1,1,-0.8442,8,1,practice,0.0006901311249137,0.3527925170786499,0.1333333333333333,"on, for, that, church, history"
appear,0,1,0,0,0,0,0,0,0,0,0,0,0,0,0,1,1,0.0,6,1,appear,0.0006901311249137,0.3527925170786499,0.0666666666666666,"on, for, that, church, history"
continue,1,1,0,0,0,0,0,0,0,0,0,0,0,0,0,1,1,0.0,8,1,continue,0.0006901311249137,0.3527925170786499,0.1333333333333333,"on, for, that, church, history"
proliferate,0,1,0,0,0,0,0,0,0,0,0,0,0,0,0,1,1,0.0,11,1,proliferate,0.0006901311249137,0.3527925170786499,0.0666666666666666,"on, for, that, church, history"
itself,0,0,0,0,0,0,0,0,0,0,0,0,0,0,1,1,1,0.0516,6,1,itself,0.0006901311249137,0.3527925170786499,0.0666666666666666,"on, for, that, church, history"
battling,1,1,0,0,0,0,0,0,0,0,0,0,0,0,0,1,1,-0.0258,8,1,battling,0.0006901311249137,0.3527925170786499,0.1333333333333333,"on, for, that, church, history"
brothers,1,0,0,0,0,0,0,0,0,0,0,0,0,0,0,1,1,-0.0258,8,1,brothers,0.0006901311249137,0.3527925170786499,0.0666666666666666,"on, for, that, church, history"
credits,1,1,0,0,0,0,0,0,0,0,0,0,0,0,0,1,1,-0.0258,7,1,credits,0.0006901311249137,0.3527925170786499,0.1333333333333333,"on, for, that, church, history"
all,0,0,1,1,0,0,1,0,0,0,0,0,1,0,1,1,1,-0.0258,3,1,all,0.0006901311249137,0.3527925170786499,0.3333333333333333,"on, for, that, church, history"
xxii,0,0,0,0,0,0,0,0,0,0,0,0,0,0,0,1,1,0.0,4,1,xxii,0.0006901311249137,0.3527925170786499,0.0,"on, for, that, church, history"
considered,0,0,1,0,0,0,0,0,0,0,0,0,0,0,0,1,1,0.0,10,1,considered,0.0006901311249137,0.3527925170786499,0.0666666666666666,"on, for, that, church, history"
one,1,0,1,0,0,0,0,0,1,0,0,0,0,0,1,1,1,0.0,3,1,one,0.0006901311249137,0.3527925170786499,0.2666666666666666,"on, for, that, church, history"
epochal,0,0,1,0,0,0,0,0,0,0,0,0,0,0,0,1,1,0.0,7,1,epochal,0.0006901311249137,0.3527925170786499,0.0666666666666666,"on, for, that, church, history"
medieval,1,0,1,0,0,0,0,0,0,0,0,0,0,0,0,1,1,0.0,8,1,medieval,0.0006901311249137,0.3527925170786499,0.1333333333333333,"on, for, that, church, history"
world,1,0,1,0,0,0,0,0,0,0,0,0,0,0,0,1,1,0.0,5,1,world,0.0006901311249137,0.3527925170786499,0.1333333333333333,"on, for, that, church, history"
accounts,1,1,0,0,0,0,0,0,0,0,0,0,0,0,0,1,1,0.0,8,1,accounts,0.0006901311249137,0.3527925170786499,0.1333333333333333,"on, for, that, church, history"
began,0,1,0,0,0,0,0,0,0,0,0,0,0,0,0,1,1,0.0,5,1,began,0.0006901311249137,0.3527925170786499,0.0666666666666666,"on, for, that, church, history"
emphasizing,1,0,0,0,0,0,0,0,0,0,0,0,0,0,0,1,1,0.6469,11,1,emphasizing,0.0006901311249137,0.3527925170786499,0.0666666666666666,"on, for, that, church, history"
calculation,1,0,0,0,0,0,0,0,0,0,0,0,0,0,0,1,1,0.6469,11,1,calculation,0.0006901311249137,0.3527925170786499,0.0666666666666666,"on, for, that, church, history"
careful,0,0,1,0,0,0,0,0,0,0,0,0,0,0,0,1,1,0.6469,7,1,careful,0.0006901311249137,0.3527925170786499,0.0666666666666666,"on, for, that, church, history"
compromised,0,1,0,0,0,0,0,0,0,0,0,0,0,0,0,1,1,0.6469,11,1,compromised,0.0006901311249137,0.3527925170786499,0.0666666666666666,"on, for, that, church, history"
wording,1,0,0,0,0,0,0,0,0,0,0,0,0,0,0,1,1,0.6469,7,1,wording,0.0006901311249137,0.3527925170786499,0.0666666666666666,"on, for, that, church, history"
approving,0,1,1,0,0,0,0,0,0,0,0,0,0,0,0,1,1,0.6469,9,1,approving,0.0006901311249137,0.3527925170786499,0.1333333333333333,"on, for, that, church, history"
facilitate,0,1,0,0,0,0,0,0,0,0,0,0,0,0,0,1,1,0.3182,10,1,facilitate,0.0006901311249137,0.3527925170786499,0.0666666666666666,"on, for, that, church, history"
forms,1,1,0,0,0,0,0,0,0,0,0,0,0,0,0,1,1,0.3182,5,1,forms,0.0006901311249137,0.3527925170786499,0.1333333333333333,"on, for, that, church, history"
believe,0,1,0,0,0,0,0,0,0,0,0,0,0,0,0,1,1,0.7391,7,1,believe,0.0006901311249137,0.3527925170786499,0.0666666666666666,"on, for, that, church, history"
destabilize,0,1,0,0,0,0,0,0,0,0,0,0,0,0,0,1,1,0.7391,11,1,destabilize,0.0006901311249137,0.3527925170786499,0.0666666666666666,"on, for, that, church, history"
rule,1,1,0,0,0,0,0,0,0,0,0,0,0,0,0,1,1,0.7391,4,1,rule,0.0006901311249137,0.3527925170786499,0.1333333333333333,"on, for, that, church, history"
worth,1,0,1,0,0,0,0,0,0,0,0,0,0,0,0,1,1,0.7391,5,1,worth,0.0006901311249137,0.3527925170786499,0.1333333333333333,"on, for, that, church, history"
council,1,0,0,0,0,0,0,0,0,0,0,0,0,0,0,1,1,0.6469,7,1,council,0.0006901311249137,0.3527925170786499,0.0666666666666666,"on, for, that, church, history"
florence,1,0,0,0,0,0,0,0,0,0,0,0,0,0,0,1,1,0.6469,8,1,florence,0.0006901311249137,0.3527925170786499,0.0666666666666666,"on, for, that, church, history"
description,1,0,0,0,0,0,0,0,0,0,0,0,0,0,0,1,1,0.6469,11,1,description,0.0006901311249137,0.3527925170786499,0.0666666666666666,"on, for, that, church, history"
participants,1,0,0,0,0,0,0,0,0,0,0,0,0,0,0,1,1,0.6469,12,1,participants,0.0006901311249137,0.3527925170786499,0.0666666666666666,"on, for, that, church, history"
certain,0,0,1,1,0,0,0,0,1,0,0,0,0,0,0,1,1,0.6249,7,1,certain,0.0006901311249137,0.3527925170786499,0.2,"on, for, that, church, history"
reprisals,1,0,0,0,0,0,0,0,0,0,0,0,0,0,0,1,1,0.6249,9,1,reprisals,0.0006901311249137,0.3527925170786499,0.0666666666666666,"on, for, that, church, history"
had,0,0,0,0,1,0,0,0,0,0,0,0,0,0,0,1,1,0.7391,3,1,had,0.0006901311249137,0.3527925170786499,0.0666666666666666,"on, for, that, church, history"
counseled,0,0,0,0,0,0,0,0,0,0,0,0,0,0,0,1,1,0.7391,9,1,counseled,0.0006901311249137,0.3527925170786499,0.0,"on, for, that, church, history"
son,1,0,0,0,0,0,0,0,0,0,0,0,0,0,0,1,1,0.7391,3,1,son,0.0006901311249137,0.3527925170786499,0.0666666666666666,"on, for, that, church, history"
avoid,0,1,0,0,0,0,0,0,0,0,0,0,0,0,0,1,1,0.7391,5,1,avoid,0.0006901311249137,0.3527925170786499,0.0666666666666666,"on, for, that, church, history"
advisors,1,0,0,0,0,0,0,0,0,0,0,0,0,0,0,1,1,0.7391,8,1,advisors,0.0006901311249137,0.3527925170786499,0.0666666666666666,"on, for, that, church, history"
came,1,1,0,0,0,0,0,0,0,0,0,0,0,0,0,1,1,0.7391,4,1,came,0.0006901311249137,0.3527925170786499,0.1333333333333333,"on, for, that, church, history"
violent,1,0,1,0,0,0,0,0,0,0,0,0,0,0,0,1,1,-0.8442,7,1,violent,0.0006901311249137,0.3527925170786499,0.1333333333333333,"on, for, that, church, history"
destruction,1,0,0,0,0,0,0,0,0,0,0,0,0,0,0,1,1,-0.8442,11,1,destruction,0.0006901311249137,0.3527925170786499,0.0666666666666666,"on, for, that, church, history"
author's,0,0,0,0,0,0,0,0,0,0,0,0,0,0,0,1,1,0.0,8,1,author's,0.0006901311249137,0.3527925170786499,0.0,"on, for, that, church, history"
discussion,1,0,0,0,0,0,0,0,0,0,0,0,0,0,0,1,1,0.0,10,1,discussion,0.0006901311249137,0.3527925170786499,0.0666666666666666,"on, for, that, church, history"
relevant,0,0,1,0,0,0,0,0,0,0,0,0,0,0,0,1,1,0.0,8,1,relevant,0.0006901311249137,0.3527925170786499,0.0666666666666666,"on, for, that, church, history"
price,1,1,0,0,0,0,0,0,0,0,0,0,0,0,0,1,1,0.6249,5,1,price,0.0006901311249137,0.3527925170786499,0.1333333333333333,"on, for, that, church, history"
high,1,0,1,1,0,0,0,0,0,0,0,0,0,0,0,1,1,0.6249,4,1,high,0.0006901311249137,0.3527925170786499,0.2,"on, for, that, church, history"
unpalatable,0,0,1,0,0,0,0,0,0,0,0,0,0,0,0,1,1,0.6249,11,1,unpalatable,0.0006901311249137,0.3527925170786499,0.0666666666666666,"on, for, that, church, history"
product,1,0,0,0,0,0,0,0,0,0,0,0,0,0,0,1,1,-0.5423,7,1,product,0.0006901311249137,0.3527925170786499,0.0666666666666666,"on, for, that, church, history"
obsessive,1,0,1,0,0,0,0,0,0,0,0,0,0,0,0,1,1,-0.5423,9,1,obsessive,0.0006901311249137,0.3527925170786499,0.1333333333333333,"on, for, that, church, history"
planning,1,1,0,0,0,0,0,0,0,0,0,0,0,0,0,1,1,-0.5423,8,1,planning,0.0006901311249137,0.3527925170786499,0.1333333333333333,"on, for, that, church, history"
young,1,0,1,0,0,0,0,0,0,0,0,0,0,0,0,1,1,-0.5423,5,1,young,0.0006901311249137,0.3527925170786499,0.1333333333333333,"on, for, that, church, history"
became,0,1,0,0,0,0,0,0,0,0,0,0,0,0,0,1,1,-0.5423,6,1,became,0.0006901311249137,0.3527925170786499,0.0666666666666666,"on, for, that, church, history"
sultan,1,0,0,0,0,0,0,0,0,0,0,0,0,0,0,1,1,-0.5423,6,1,sultan,0.0006901311249137,0.3527925170786499,0.0666666666666666,"on, for, that, church, history"
change,1,1,0,0,0,0,0,0,0,0,0,0,0,0,0,1,1,-0.5423,6,1,change,0.0006901311249137,0.3527925170786499,0.1333333333333333,"on, for, that, church, history"
predecessors,1,0,0,0,0,0,0,0,0,0,0,0,0,0,0,1,1,-0.5423,12,1,predecessors,0.0006901311249137,0.3527925170786499,0.0666666666666666,"on, for, that, church, history"
defeat,1,0,0,0,0,0,0,0,0,0,0,0,0,0,0,1,1,-0.0935,6,1,defeat,0.0006901311249137,0.3527925170786499,0.0666666666666666,"on, for, that, church, history"
promised,0,1,1,0,0,0,0,0,0,0,0,0,0,0,0,1,1,-0.0935,8,1,promised,0.0006901311249137,0.3527925170786499,0.1333333333333333,"on, for, that, church, history"
varna,1,0,0,0,0,0,0,0,0,0,0,0,0,0,0,1,1,-0.0935,5,1,varna,0.0006901311249137,0.3527925170786499,0.0666666666666666,"on, for, that, church, history"
bitter,1,1,1,1,0,0,0,0,0,0,0,0,0,0,0,1,1,-0.0935,6,1,bitter,0.0006901311249137,0.3527925170786499,0.2666666666666666,"on, for, that, church, history"
controversies,1,0,0,0,0,0,0,0,0,0,0,0,0,0,0,1,1,-0.0935,13,1,controversies,0.0006901311249137,0.3527925170786499,0.0666666666666666,"on, for, that, church, history"
arose,0,0,0,0,0,0,0,0,0,0,0,0,0,0,0,1,1,-0.0935,5,1,arose,0.0006901311249137,0.3527925170786499,0.0,"on, for, that, church, history"
unexpected,0,0,1,0,0,0,0,0,0,0,0,0,0,0,0,1,1,-0.5423,10,1,unexpected,0.0006901311249137,0.3527925170786499,0.0666666666666666,"on, for, that, church, history"
greeks,1,0,0,0,0,0,0,0,0,0,0,0,0,0,0,1,1,-0.5423,6,1,greeks,0.0006901311249137,0.3527925170786499,0.0666666666666666,"on, for, that, church, history"
access,1,1,0,0,0,0,0,0,0,0,0,0,0,0,0,1,1,0.1779,6,1,access,0.0006901311249137,0.3527925170786499,0.1333333333333333,"on, for, that, church, history"
haven,1,0,0,0,0,0,0,0,0,0,0,0,0,0,0,1,1,0.0,5,1,haven,0.0006901311249137,0.3527925170786499,0.0666666666666666,"on, for, that, church, history"
conn,1,1,0,0,0,0,0,0,0,0,0,0,0,0,0,1,1,0.0,4,1,conn,0.0006901311249137,0.3527925170786499,0.1333333333333333,"on, for, that, church, history"
filioque,0,0,0,0,0,0,0,0,0,0,0,0,0,0,0,1,1,0.6469,8,1,filioque,0.0006901311249137,0.3527925170786499,0.0,"on, for, that, church, history"
difficult,0,0,1,0,0,0,0,0,0,0,0,0,0,0,0,1,1,0.6469,9,1,difficult,0.0006901311249137,0.3527925170786499,0.0666666666666666,"on, for, that, church, history"
supremacy,0,0,0,0,0,0,0,0,0,0,0,0,0,0,0,1,1,0.6469,9,1,supremacy,0.0006901311249137,0.3527925170786499,0.0,"on, for, that, church, history"
cost,1,1,0,0,0,0,0,0,0,0,0,0,0,0,0,1,1,-0.0935,4,1,cost,0.0006901311249137,0.3527925170786499,0.1333333333333333,"on, for, that, church, history"
enormous,0,0,1,0,0,0,0,0,0,0,0,0,0,0,0,1,1,-0.0935,8,1,enormous,0.0006901311249137,0.3527925170786499,0.0666666666666666,"on, for, that, church, history"
please,0,1,0,1,0,0,0,0,0,0,0,0,0,0,0,1,1,0.3182,6,1,please,0.0006901311249137,0.3527925170786499,0.1333333333333333,"on, for, that, church, history"
contact,1,0,0,0,0,0,0,0,0,0,0,0,0,0,0,1,1,0.3182,7,1,contact,0.0006901311249137,0.3527925170786499,0.0666666666666666,"on, for, that, church, history"
indicates,0,1,0,0,0,0,0,0,0,0,0,0,0,0,0,1,1,0.4588,9,1,indicates,0.0006901311249137,0.3527925170786499,0.0666666666666666,"on, for, that, church, history"
conditions,1,1,0,0,0,0,0,0,0,0,0,0,0,0,0,1,1,0.4588,10,1,conditions,0.0006901311249137,0.3527925170786499,0.1333333333333333,"on, for, that, church, history"
collaborating,0,1,0,0,0,0,0,0,0,0,0,0,0,0,0,1,1,0.1779,13,1,collaborating,0.0006901311249137,0.3527925170786499,0.0666666666666666,"on, for, that, church, history"
digitize,0,1,0,0,0,0,0,0,0,0,0,0,0,0,0,1,1,0.1779,8,1,digitize,0.0006901311249137,0.3527925170786499,0.0666666666666666,"on, for, that, church, history"
preserve,1,1,0,0,0,0,0,0,0,0,0,0,0,0,0,1,1,0.1779,8,1,preserve,0.0006901311249137,0.3527925170786499,0.1333333333333333,"on, for, that, church, history"
extend,0,1,0,0,0,0,0,0,0,0,0,0,0,0,0,1,1,0.1779,6,1,extend,0.0006901311249137,0.3527925170786499,0.0666666666666666,"on, for, that, church, history"
offer,1,1,0,0,0,0,0,0,0,0,0,0,0,0,0,1,1,0.5423,5,1,offer,0.0006901311249137,0.3527925170786499,0.1333333333333333,"on, for, that, church, history"
return,1,1,0,0,0,0,0,0,0,0,0,0,0,0,0,1,1,0.5423,6,1,return,0.0006901311249137,0.3527925170786499,0.1333333333333333,"on, for, that, church, history"
remembering,0,0,0,0,0,0,0,0,0,0,0,0,0,0,0,1,1,0.5423,11,1,remembering,0.0006901311249137,0.3527925170786499,0.0,"on, for, that, church, history"
must,1,0,1,0,0,0,0,0,0,1,0,0,0,0,0,1,1,0.5423,4,1,must,0.0006901311249137,0.3527925170786499,0.2,"on, for, that, church, history"
wished,0,1,0,0,0,0,0,0,0,0,0,0,0,0,0,1,1,0.5423,6,1,wished,0.0006901311249137,0.3527925170786499,0.0666666666666666,"on, for, that, church, history"
accepted,0,1,1,0,0,0,0,0,0,0,0,0,0,0,0,1,1,0.5423,8,1,accepted,0.0006901311249137,0.3527925170786499,0.1333333333333333,"on, for, that, church, history"
what,0,0,0,1,0,0,0,0,0,0,0,0,1,0,1,1,1,0.4404,4,1,what,0.0006901311249137,0.3527925170786499,0.2,"on, for, that, church, history"
might,1,0,0,0,0,0,0,0,0,1,0,0,0,0,0,1,1,0.4404,5,1,might,0.0006901311249137,0.3527925170786499,0.1333333333333333,"on, for, that, church, history"
like,1,1,1,1,0,0,1,0,0,0,0,0,0,0,0,1,1,-0.714,4,1,like,0.0006901311249137,0.3527925170786499,0.3333333333333333,"on, for, that, church, history"
saw,1,1,0,0,0,0,0,0,0,0,0,0,0,0,0,1,1,-0.714,3,1,saw,0.0006901311249137,0.3527925170786499,0.1333333333333333,"on, for, that, church, history"
disaster,1,0,0,0,0,0,0,0,0,0,0,0,0,0,0,1,1,-0.714,8,1,disaster,0.0006901311249137,0.3527925170786499,0.0666666666666666,"on, for, that, church, history"
despite,1,0,0,0,0,0,0,0,0,0,0,0,0,0,0,1,1,0.5423,7,1,despite,0.0006901311249137,0.3527925170786499,0.0666666666666666,"on, for, that, church, history"
meticulous,0,0,1,0,0,0,0,0,0,0,0,0,0,0,0,1,1,0.5423,10,1,meticulous,0.0006901311249137,0.3527925170786499,0.0666666666666666,"on, for, that, church, history"
preparations,0,0,0,0,0,0,0,0,0,0,0,0,0,0,0,1,1,0.5423,12,1,preparations,0.0006901311249137,0.3527925170786499,0.0,"on, for, that, church, history"
made,1,1,1,0,0,0,0,0,0,0,0,0,0,0,0,1,1,0.5423,4,1,made,0.0006901311249137,0.3527925170786499,0.2,"on, for, that, church, history"
traditional,0,0,1,0,0,0,0,0,0,0,0,0,0,0,0,1,1,0.5423,11,1,traditional,0.0006901311249137,0.3527925170786499,0.0666666666666666,"on, for, that, church, history"
determination,1,0,0,0,0,0,0,0,0,0,0,0,0,0,0,1,1,-0.714,13,1,determination,0.0006901311249137,0.3527925170786499,0.0666666666666666,"on, for, that, church, history"
defend,0,1,0,0,0,0,0,0,0,0,0,0,0,0,0,1,1,-0.714,6,1,defend,0.0006901311249137,0.3527925170786499,0.0666666666666666,"on, for, that, church, history"
death,1,0,0,0,0,0,0,0,0,0,0,0,0,0,0,1,1,-0.714,5,1,death,0.0006901311249137,0.3527925170786499,0.0666666666666666,"on, for, that, church, history"
seen,1,1,1,0,0,0,0,0,0,0,0,0,0,0,0,1,1,-0.714,4,1,seen,0.0006901311249137,0.3527925170786499,0.2,"on, for, that, church, history"
suggests,0,1,0,0,0,0,0,0,0,0,0,0,0,0,0,1,1,-0.714,8,1,suggests,0.0006901311249137,0.3527925170786499,0.0666666666666666,"on, for, that, church, history"
poor,0,0,1,0,0,0,0,0,0,0,0,0,0,0,0,1,1,-0.714,4,1,poor,0.0006901311249137,0.3527925170786499,0.0666666666666666,"on, for, that, church, history"
wealthy,0,0,1,0,0,0,0,0,0,0,0,0,0,0,0,1,1,-0.714,7,1,wealthy,0.0006901311249137,0.3527925170786499,0.0666666666666666,"on, for, that, church, history"
inside,1,0,1,1,0,0,0,0,0,0,0,0,0,0,0,1,1,-0.714,6,1,inside,0.0006901311249137,0.3527925170786499,0.2,"on, for, that, church, history"
according,0,1,1,0,0,0,0,0,0,0,0,0,0,0,0,1,1,-0.4019,9,1,according,0.0006901311249137,0.3527925170786499,0.1333333333333333,"on, for, that, church, history"
mehmed's,0,0,0,0,0,0,0,0,0,0,0,0,0,0,0,1,1,-0.4019,8,1,mehmed's,0.0006901311249137,0.3527925170786499,0.0,"on, for, that, church, history"
declaration,1,0,0,0,0,0,0,0,0,0,0,0,0,0,0,1,1,-0.4019,11,1,declaration,0.0006901311249137,0.3527925170786499,0.0666666666666666,"on, for, that, church, history"
invasion,1,0,0,0,0,0,0,0,0,0,0,0,0,0,0,1,1,-0.4019,8,1,invasion,0.0006901311249137,0.3527925170786499,0.0666666666666666,"on, for, that, church, history"
jihad,1,0,0,0,0,0,0,0,0,0,0,0,0,0,0,1,1,-0.4019,5,1,jihad,0.0006901311249137,0.3527925170786499,0.0666666666666666,"on, for, that, church, history"
unwelcome,0,0,1,0,0,0,0,0,0,0,0,0,0,0,0,1,1,-0.4019,9,1,unwelcome,0.0006901311249137,0.3527925170786499,0.0666666666666666,"on, for, that, church, history"
traditionally,0,0,0,1,0,0,0,0,0,0,0,0,0,0,0,1,1,-0.714,13,1,traditionally,0.0006901311249137,0.3527925170786499,0.0666666666666666,"on, for, that, church, history"
ix's,0,0,0,0,0,0,0,0,0,0,0,0,0,0,0,1,1,-0.714,4,1,ix's,0.0006901311249137,0.3527925170786499,0.0,"on, for, that, church, history"
than,0,0,0,0,0,0,1,0,0,0,0,0,0,0,0,1,1,0.5574,4,1,than,0.0006901311249137,0.3527925170786499,0.0666666666666666,"on, for, that, church, history"
resistance,1,0,0,0,0,0,0,0,0,0,0,0,0,0,0,1,1,0.5574,10,1,resistance,0.0006901311249137,0.3527925170786499,0.0666666666666666,"on, for, that, church, history"
those,0,0,0,0,0,0,0,1,0,0,0,0,0,0,1,1,1,-0.1531,5,1,those,0.0006901311249137,0.3527925170786499,0.1333333333333333,"on, for, that, church, history"
followed,0,1,0,0,0,0,0,0,0,0,0,0,0,0,0,1,1,-0.1531,8,1,followed,0.0006901311249137,0.3527925170786499,0.0666666666666666,"on, for, that, church, history"
argument,1,0,0,0,0,0,0,0,0,0,0,0,0,0,0,1,1,-0.1531,8,1,argument,0.0006901311249137,0.3527925170786499,0.0666666666666666,"on, for, that, church, history"
plea,1,0,0,0,0,0,0,0,0,0,0,0,0,0,0,1,1,-0.1531,4,1,plea,0.0006901311249137,0.3527925170786499,0.0666666666666666,"on, for, that, church, history"
overall,1,0,1,1,0,0,0,0,0,0,0,0,0,0,0,1,1,0.2023,7,1,overall,0.0006901311249137,0.3527925170786499,0.2,"on, for, that, church, history"
fills,1,1,0,0,0,0,0,0,0,0,0,0,0,0,0,1,1,0.2023,5,1,fills,0.0006901311249137,0.3527925170786499,0.1333333333333333,"on, for, that, church, history"
resources,1,0,0,0,0,0,0,0,0,0,0,0,0,0,0,1,1,0.0,9,1,resources,0.0006901311249137,0.3527925170786499,0.0666666666666666,"on, for, that, church, history"
oppose,0,1,0,0,0,0,0,0,0,0,0,0,0,0,0,1,1,0.0,6,1,oppose,0.0006901311249137,0.3527925170786499,0.0666666666666666,"on, for, that, church, history"
ottomans,1,0,0,0,0,0,0,0,0,0,0,0,0,0,0,1,1,0.0,8,1,ottomans,0.0006901311249137,0.3527925170786499,0.0666666666666666,"on, for, that, church, history"
militarily,0,0,0,1,0,0,0,0,0,0,0,0,0,0,0,1,1,0.0,10,1,militarily,0.0006901311249137,0.3527925170786499,0.0666666666666666,"on, for, that, church, history"
chose,1,1,0,0,0,0,0,0,0,0,0,0,0,0,0,1,1,0.0,5,1,chose,0.0006901311249137,0.3527925170786499,0.1333333333333333,"on, for, that, church, history"
accommodation,1,0,0,0,0,0,0,0,0,0,0,0,0,0,0,1,1,0.0,13,1,accommodation,0.0006901311249137,0.3527925170786499,0.0666666666666666,"on, for, that, church, history"
regime,1,0,0,0,0,0,0,0,0,0,0,0,0,0,0,1,1,0.5574,6,1,regime,0.0006901311249137,0.3527925170786499,0.0666666666666666,"on, for, that, church, history"
rather,0,0,0,1,0,0,0,0,0,0,0,0,0,0,0,1,1,0.5574,6,1,rather,0.0006901311249137,0.3527925170786499,0.0666666666666666,"on, for, that, church, history"
peloponnese,1,0,0,0,0,0,0,0,0,0,0,0,0,0,0,1,1,0.1531,11,1,peloponnese,0.0006901311249137,0.3527925170786499,0.0666666666666666,"on, for, that, church, history"
words,1,0,0,0,0,0,0,0,0,0,0,0,0,0,0,1,1,0.0,5,1,words,0.0006901311249137,0.3527925170786499,0.0666666666666666,"on, for, that, church, history"
experienced,0,1,1,0,0,0,0,0,0,0,0,0,0,0,0,1,1,0.0,11,1,experienced,0.0006901311249137,0.3527925170786499,0.1333333333333333,"on, for, that, church, history"
situation,1,0,0,0,0,0,0,0,0,0,0,0,0,0,0,1,1,0.0,9,1,situation,0.0006901311249137,0.3527925170786499,0.0666666666666666,"on, for, that, church, history"
judge,1,1,0,0,0,0,0,0,0,0,0,0,0,0,0,1,1,0.0,5,1,judge,0.0006901311249137,0.3527925170786499,0.1333333333333333,"on, for, that, church, history"
too,0,0,0,1,0,0,0,0,0,0,0,0,0,0,0,1,1,0.0,3,1,too,0.0006901311249137,0.3527925170786499,0.0666666666666666,"on, for, that, church, history"
harshly,0,0,0,1,0,0,0,0,0,0,0,0,0,0,0,1,1,0.0,7,1,harshly,0.0006901311249137,0.3527925170786499,0.0666666666666666,"on, for, that, church, history"
lacking,0,0,1,0,0,0,0,0,0,0,0,0,0,0,0,1,1,0.0,7,1,lacking,0.0006901311249137,0.3527925170786499,0.0666666666666666,"on, for, that, church, history"
happened,0,0,0,0,0,0,0,0,0,0,0,0,0,0,0,1,1,0.4404,8,1,happened,0.0006901311249137,0.3527925170786499,0.0,"on, for, that, church, history"
worthy,1,0,1,0,0,0,0,0,0,0,0,0,0,0,0,1,1,0.4404,6,1,worthy,0.0006901311249137,0.3527925170786499,0.1333333333333333,"on, for, that, church, history"
speculation,1,0,0,0,0,0,0,0,0,0,0,0,0,0,0,1,1,0.4404,11,1,speculation,0.0006901311249137,0.3527925170786499,0.0666666666666666,"on, for, that, church, history"
traces,1,1,0,0,0,0,0,0,0,0,0,0,0,0,0,1,1,0.1531,6,1,traces,0.0006901311249137,0.3527925170786499,0.1333333333333333,"on, for, that, church, history"
able,0,0,1,0,0,0,0,0,0,0,0,0,0,0,0,1,1,0.1531,4,1,able,0.0006901311249137,0.3527925170786499,0.0666666666666666,"on, for, that, church, history"
escape,1,1,0,0,0,0,0,0,0,0,0,0,0,0,0,1,1,0.1531,6,1,escape,0.0006901311249137,0.3527925170786499,0.1333333333333333,"on, for, that, church, history"
loss,1,0,0,0,0,0,0,0,0,0,0,0,0,0,0,1,1,0.1531,4,1,loss,0.0006901311249137,0.3527925170786499,0.0666666666666666,"on, for, that, church, history"
strongholds,1,0,0,0,0,0,0,0,0,0,0,0,0,0,0,1,1,0.1531,11,1,strongholds,0.0006901311249137,0.3527925170786499,0.0666666666666666,"on, for, that, church, history"
emeritus,1,0,1,0,0,0,0,0,0,0,0,0,0,0,0,1,1,0.0,8,1,emeritus,0.0006901311249137,0.3527925170786499,0.1333333333333333,"on, for, that, church, history"
catholic,1,0,1,0,0,0,0,0,0,0,0,0,0,0,0,1,1,0.0,8,1,catholic,0.0006901311249137,0.3527925170786499,0.1333333333333333,"on, for, that, church, history"
revolution,1,0,0,0,0,0,0,0,0,0,0,0,0,0,0,1,1,0.0,10,1,revolution,0.0006901311249137,0.3527925170786499,0.0666666666666666,"on, for, that, church, history"
profit,1,1,0,0,0,0,0,0,0,0,0,0,0,0,0,1,1,0.6908,6,1,profit,0.0006901311249137,0.3527925170786499,0.1333333333333333,"on, for, that, church, history"
service,1,1,0,0,0,0,0,0,0,0,0,0,0,0,0,1,1,0.6908,7,1,service,0.0006901311249137,0.3527925170786499,0.1333333333333333,"on, for, that, church, history"
helps,0,1,0,0,0,0,0,0,0,0,0,0,0,0,0,1,1,0.6908,5,1,helps,0.0006901311249137,0.3527925170786499,0.0666666666666666,"on, for, that, church, history"
scholars,1,0,0,0,0,0,0,0,0,0,0,0,0,0,0,1,1,0.6908,8,1,scholars,0.0006901311249137,0.3527925170786499,0.0666666666666666,"on, for, that, church, history"
researchers,1,0,0,0,0,0,0,0,0,0,0,0,0,0,0,1,1,0.6908,11,1,researchers,0.0006901311249137,0.3527925170786499,0.0666666666666666,"on, for, that, church, history"
generated,0,1,0,0,0,0,0,0,0,0,0,0,0,0,0,1,1,0.5574,9,1,generated,0.0006901311249137,0.3527925170786499,0.0666666666666666,"on, for, that, church, history"
significant,1,0,1,0,0,0,0,0,0,0,0,0,0,0,0,1,1,0.5574,11,1,significant,0.0006901311249137,0.3527925170786499,0.1333333333333333,"on, for, that, church, history"
controversy,1,0,0,0,0,0,0,0,0,0,0,0,0,0,0,1,1,0.5574,11,1,controversy,0.0006901311249137,0.3527925170786499,0.0666666666666666,"on, for, that, church, history"
suggestion,1,0,0,0,0,0,0,0,0,0,0,0,0,0,0,1,1,0.5499,10,1,suggestion,0.0006901311249137,0.3527925170786499,0.0666666666666666,"on, for, that, church, history"
detract,0,0,0,0,0,0,0,0,0,0,0,0,0,0,0,1,1,0.5499,7,1,detract,0.0006901311249137,0.3527925170786499,0.0,"on, for, that, church, history"
merits,1,0,0,0,0,0,0,0,0,0,0,0,0,0,0,1,1,0.5499,6,1,merits,0.0006901311249137,0.3527925170786499,0.0666666666666666,"on, for, that, church, history"
california,1,0,0,0,0,0,0,0,0,0,0,0,0,0,0,1,1,0.0,10,1,california,0.0006901311249137,0.3527925170786499,0.0666666666666666,"on, for, that, church, history"
beach,1,1,0,0,0,0,0,0,0,0,0,0,0,0,0,1,1,0.0,5,1,beach,0.0006901311249137,0.3527925170786499,0.1333333333333333,"on, for, that, church, history"
affect,1,1,0,0,0,0,0,0,0,0,0,0,0,0,0,1,1,0.6249,6,1,affect,0.0006901311249137,0.3527925170786499,0.1333333333333333,"on, for, that, church, history"
interpretations,0,0,0,0,0,0,0,0,0,0,0,0,0,0,0,1,1,0.6249,15,1,interpretations,0.0006901311249137,0.3527925170786499,0.0,"on, for, that, church, history"
helpful,0,0,1,0,0,0,0,0,0,0,0,0,0,0,0,1,1,0.5574,7,1,helpful,0.0006901311249137,0.3527925170786499,0.0666666666666666,"on, for, that, church, history"
included,0,1,1,0,0,0,0,0,0,0,0,0,0,0,0,1,1,0.5574,8,1,included,0.0006901311249137,0.3527925170786499,0.1333333333333333,"on, for, that, church, history"
reflection,1,0,0,0,0,0,0,0,0,0,0,0,0,0,0,1,1,0.5574,10,1,reflection,0.0006901311249137,0.3527925170786499,0.0666666666666666,"on, for, that, church, history"
since,0,0,0,1,0,0,1,0,0,0,0,0,0,0,0,1,1,0.5574,5,1,since,0.0006901311249137,0.3527925170786499,0.1333333333333333,"on, for, that, church, history"
so,1,0,0,1,0,0,1,0,0,0,0,0,0,0,0,1,1,0.5574,2,1,so,0.0006901311249137,0.3527925170786499,0.2,"on, for, that, church, history"
translation,1,0,0,0,0,0,0,0,0,0,0,0,0,0,0,1,1,0.5574,11,1,translation,0.0006901311249137,0.3527925170786499,0.0666666666666666,"on, for, that, church, history"
lacuna,1,0,0,0,0,0,0,0,0,0,0,0,0,0,0,1,1,0.2023,6,1,lacuna,0.0006901311249137,0.3527925170786499,0.0666666666666666,"on, for, that, church, history"
undergraduate,1,0,0,0,0,0,0,0,0,0,0,0,0,0,0,1,1,0.2023,13,1,undergraduate,0.0006901311249137,0.3527925170786499,0.0666666666666666,"on, for, that, church, history"
courses,1,1,0,0,0,0,0,0,0,0,0,0,0,0,0,1,1,0.2023,7,1,courses,0.0006901311249137,0.3527925170786499,0.1333333333333333,"on, for, that, church, history"
makes,1,1,0,0,0,0,0,0,0,0,0,0,0,0,0,1,1,0.6249,5,1,makes,0.0006901311249137,0.3527925170786499,0.1333333333333333,"on, for, that, church, history"
corrective,1,0,1,0,0,0,0,0,0,0,0,0,0,0,0,1,1,0.6249,10,1,corrective,0.0006901311249137,0.3527925170786499,0.1333333333333333,"on, for, that, church, history"
romantic,1,0,1,0,0,0,0,0,0,0,0,0,0,0,0,1,1,0.6249,8,1,romantic,0.0006901311249137,0.3527925170786499,0.1333333333333333,"on, for, that, church, history"
blame,1,1,1,0,0,0,0,0,0,0,0,0,0,0,0,1,1,0.6249,5,1,blame,0.0006901311249137,0.3527925170786499,0.2,"on, for, that, church, history"
still,1,1,1,1,0,0,0,0,0,0,0,0,0,0,0,1,1,0.6249,5,1,still,0.0006901311249137,0.3527925170786499,0.2666666666666666,"on, for, that, church, history"
introduces,0,1,0,0,0,0,0,0,0,0,0,0,0,0,0,1,1,0.0,10,1,introduces,0.0006901311249137,0.3527925170786499,0.0666666666666666,"on, for, that, church, history"
themes,1,1,0,0,0,0,0,0,0,0,0,0,0,0,0,1,1,0.0,6,1,themes,0.0006901311249137,0.3527925170786499,0.1333333333333333,"on, for, that, church, history"
lee,1,0,1,0,0,0,0,0,0,0,0,0,0,0,0,1,1,0.0,3,1,lee,0.0006901311249137,0.3527925170786499,0.1333333333333333,"on, for, that, church, history"
m,1,0,0,0,0,0,0,0,0,0,0,0,0,0,0,1,1,0.0,1,1,m,0.0006901311249137,0.3527925170786499,0.0666666666666666,"on, for, that, church, history"
penyak,0,0,0,0,0,0,0,0,0,0,0,0,0,0,0,1,1,0.0,6,1,penyak,0.0006901311249137,0.3527925170786499,0.0,"on, for, that, church, history"
walter,1,0,0,0,0,0,0,0,0,0,0,0,0,0,0,1,1,0.0,6,1,walter,0.0006901311249137,0.3527925170786499,0.0666666666666666,"on, for, that, church, history"
j,1,0,0,0,0,0,0,0,0,0,0,0,0,0,0,1,1,0.0,1,1,j,0.0006901311249137,0.3527925170786499,0.0666666666666666,"on, for, that, church, history"
different,1,0,1,0,0,0,0,0,0,0,0,0,0,0,0,1,1,-0.3252,9,1,different,0.0006901311249137,0.3527925170786499,0.1333333333333333,"on, for, that, church, history"
protestantism,1,0,0,0,0,0,0,0,0,0,0,0,0,0,0,1,1,0.5563,13,1,protestantism,0.0006901311249137,0.3527925170786499,0.0666666666666666,"on, for, that, church, history"
modern,1,0,1,0,0,0,0,0,0,0,0,0,0,0,0,1,1,0.5563,6,1,modern,0.0006901311249137,0.3527925170786499,0.1333333333333333,"on, for, that, church, history"
second,1,1,1,1,0,0,0,0,0,0,0,0,0,0,0,1,1,0.0,6,1,second,0.0006901311249137,0.3527925170786499,0.2666666666666666,"on, for, that, church, history"
text,1,0,0,0,0,0,0,0,0,0,0,0,0,0,0,1,1,0.0,4,1,text,0.0006901311249137,0.3527925170786499,0.0666666666666666,"on, for, that, church, history"
collection,1,0,0,0,0,0,0,0,0,0,0,0,0,0,0,1,1,0.0,10,1,collection,0.0006901311249137,0.3527925170786499,0.0666666666666666,"on, for, that, church, history"
essays,1,0,0,0,0,0,0,0,0,0,0,0,0,0,0,1,1,0.0,6,1,essays,0.0006901311249137,0.3527925170786499,0.0666666666666666,"on, for, that, church, history"
topics,1,0,0,0,0,0,0,0,0,0,0,0,0,0,0,1,1,0.0,6,1,topics,0.0006901311249137,0.3527925170786499,0.0666666666666666,"on, for, that, church, history"
whole,1,0,1,1,0,0,0,0,0,0,0,0,0,0,0,1,1,0.0,5,1,whole,0.0006901311249137,0.3527925170786499,0.2,"on, for, that, church, history"
institutional,0,0,1,0,0,0,0,0,0,0,0,0,0,0,0,1,1,0.0,13,1,institutional,0.0006901311249137,0.3527925170786499,0.0666666666666666,"on, for, that, church, history"
economic,0,0,1,0,0,0,0,0,0,0,0,0,0,0,0,1,1,0.0,8,1,economic,0.0006901311249137,0.3527925170786499,0.0666666666666666,"on, for, that, church, history"
justo,0,0,0,0,0,0,0,0,0,0,0,0,0,0,0,1,1,0.5766,5,1,justo,0.0006901311249137,0.3527925170786499,0.0,"on, for, that, church, history"
l,1,0,0,0,0,0,0,0,0,0,0,0,0,0,0,1,1,0.5766,1,1,l,0.0006901311249137,0.3527925170786499,0.0666666666666666,"on, for, that, church, history"
particularly,0,0,0,1,0,0,0,0,0,0,0,0,0,0,0,1,1,0.5563,12,1,particularly,0.0006901311249137,0.3527925170786499,0.0666666666666666,"on, for, that, church, history"
coverage,1,0,0,0,0,0,0,0,0,0,0,0,0,0,0,1,1,0.5563,8,1,coverage,0.0006901311249137,0.3527925170786499,0.0666666666666666,"on, for, that, church, history"
colonial,1,0,1,0,0,0,0,0,0,0,0,0,0,0,0,1,1,0.5563,8,1,colonial,0.0006901311249137,0.3527925170786499,0.1333333333333333,"on, for, that, church, history"
rise,1,1,0,0,0,0,0,0,0,0,0,0,0,0,0,1,1,0.5563,4,1,rise,0.0006901311249137,0.3527925170786499,0.1333333333333333,"on, for, that, church, history"
pool,1,1,0,0,0,0,0,0,0,0,0,0,0,0,0,1,1,0.0,4,1,pool,0.0006901311249137,0.3527925170786499,0.1333333333333333,"on, for, that, church, history"
concise,0,0,1,0,0,0,0,0,0,0,0,0,0,0,0,1,1,0.0,7,1,concise,0.0006901311249137,0.3527925170786499,0.0666666666666666,"on, for, that, church, history"
synthesis,1,0,0,0,0,0,0,0,0,0,0,0,0,0,0,1,1,0.0,9,1,synthesis,0.0006901311249137,0.3527925170786499,0.0666666666666666,"on, for, that, church, history"
aimed,0,1,0,0,0,0,0,0,0,0,0,0,0,0,0,1,1,0.0,5,1,aimed,0.0006901311249137,0.3527925170786499,0.0666666666666666,"on, for, that, church, history"
non,0,0,1,0,0,0,0,0,0,0,0,0,0,0,0,1,1,0.0,3,1,non,0.0006901311249137,0.3527925170786499,0.0666666666666666,"on, for, that, church, history"
specialist,1,0,1,0,0,0,0,0,0,0,0,0,0,0,0,1,1,0.0,10,1,specialist,0.0006901311249137,0.3527925170786499,0.1333333333333333,"on, for, that, church, history"
focuses,0,1,0,0,0,0,0,0,0,0,0,0,0,0,0,1,1,0.0,7,1,focuses,0.0006901311249137,0.3527925170786499,0.0666666666666666,"on, for, that, church, history"
primarily,0,0,0,1,0,0,0,0,0,0,0,0,0,0,0,1,1,0.0,9,1,primarily,0.0006901311249137,0.3527925170786499,0.0666666666666666,"on, for, that, church, history"
interacted,0,1,0,0,0,0,0,0,0,0,0,0,0,0,0,1,1,0.2023,10,1,interacted,0.0006901311249137,0.3527925170786499,0.0666666666666666,"on, for, that, church, history"
closely,0,0,0,1,0,0,0,0,0,0,0,0,0,0,0,1,1,0.2023,7,1,closely,0.0006901311249137,0.3527925170786499,0.0666666666666666,"on, for, that, church, history"
peacefully,0,0,0,1,0,0,0,0,0,0,0,0,0,0,0,1,1,0.2023,10,1,peacefully,0.0006901311249137,0.3527925170786499,0.0666666666666666,"on, for, that, church, history"
everyday,0,0,1,0,0,0,0,0,0,0,0,0,0,0,0,1,1,0.2023,8,1,everyday,0.0006901311249137,0.3527925170786499,0.0666666666666666,"on, for, that, church, history"
greece,1,0,0,0,0,0,0,0,0,0,0,0,0,0,0,1,1,0.2023,6,1,greece,0.0006901311249137,0.3527925170786499,0.0666666666666666,"on, for, that, church, history"
interconnected,0,1,1,0,0,0,0,0,0,0,0,0,0,0,0,1,1,0.34,14,1,interconnected,0.0006901311249137,0.3527925170786499,0.1333333333333333,"on, for, that, church, history"
ties,1,1,0,0,0,0,0,0,0,0,0,0,0,0,0,1,1,0.34,4,1,ties,0.0006901311249137,0.3527925170786499,0.1333333333333333,"on, for, that, church, history"
balkan,1,0,1,0,0,0,0,0,0,0,0,0,0,0,0,1,1,0.34,6,1,balkan,0.0006901311249137,0.3527925170786499,0.1333333333333333,"on, for, that, church, history"
failure,1,0,0,0,0,0,0,0,0,0,0,0,0,0,0,1,1,-0.5499,7,1,failure,0.0006901311249137,0.3527925170786499,0.0666666666666666,"on, for, that, church, history"
based,0,1,1,0,0,0,0,0,0,0,0,0,0,0,0,1,1,0.4404,5,1,based,0.0006901311249137,0.3527925170786499,0.1333333333333333,"on, for, that, church, history"
contemporary,1,0,1,0,0,0,0,0,0,0,0,0,0,0,0,1,1,0.4404,12,1,contemporary,0.0006901311249137,0.3527925170786499,0.1333333333333333,"on, for, that, church, history"
research,1,1,0,0,0,0,0,0,0,0,0,0,0,0,0,1,1,0.4404,8,1,research,0.0006901311249137,0.3527925170786499,0.1333333333333333,"on, for, that, church, history"
reading,1,1,0,0,0,0,0,0,0,0,0,0,0,0,0,1,1,0.4404,7,1,reading,0.0006901311249137,0.3527925170786499,0.1333333333333333,"on, for, that, church, history"
well,1,1,1,1,0,0,0,0,0,0,0,0,0,0,0,1,1,0.4404,4,1,well,0.0006901311249137,0.3527925170786499,0.2666666666666666,"on, for, that, church, history"
audiences,1,0,0,0,0,0,0,0,0,0,0,0,0,0,0,1,1,0.4404,9,1,audiences,0.0006901311249137,0.3527925170786499,0.0666666666666666,"on, for, that, church, history"
realists,1,0,0,0,0,0,0,0,0,0,0,0,0,0,0,1,1,0.2023,8,1,realists,0.0006901311249137,0.3527925170786499,0.0666666666666666,"on, for, that, church, history"
fates,0,0,0,0,0,0,0,0,0,0,0,0,0,0,0,1,1,0.2263,5,1,fates,0.0006901311249137,0.3527925170786499,0.0,"on, for, that, church, history"
survivors,1,0,0,0,0,0,0,0,0,0,0,0,0,0,0,1,1,0.2263,9,1,survivors,0.0006901311249137,0.3527925170786499,0.0666666666666666,"on, for, that, church, history"
brings,0,1,0,0,0,0,0,0,0,0,0,0,0,0,0,1,1,-0.5499,6,1,brings,0.0006901311249137,0.3527925170786499,0.0666666666666666,"on, for, that, church, history"
setting,1,1,1,0,0,0,0,0,0,0,0,0,0,0,0,1,1,-0.5499,7,1,setting,0.0006901311249137,0.3527925170786499,0.2,"on, for, that, church, history"
arguments,1,0,0,0,0,0,0,0,0,0,0,0,0,0,0,1,1,-0.5499,9,1,arguments,0.0006901311249137,0.3527925170786499,0.0666666666666666,"on, for, that, church, history"
revising,0,1,0,0,0,0,0,0,0,0,0,0,0,0,0,1,1,-0.5499,8,1,revising,0.0006901311249137,0.3527925170786499,0.0666666666666666,"on, for, that, church, history"
our,0,0,0,0,0,0,0,0,0,0,0,0,0,1,0,1,1,-0.5499,3,1,our,0.0006901311249137,0.3527925170786499,0.0666666666666666,"on, for, that, church, history"
view,1,1,0,0,0,0,0,0,0,0,0,0,0,0,0,1,1,-0.5499,4,1,view,0.0006901311249137,0.3527925170786499,0.1333333333333333,"on, for, that, church, history"
first,1,0,1,1,0,0,0,0,0,0,0,0,0,0,0,1,1,0.3818,5,1,first,0.0006901311249137,0.3527925170786499,0.2,"on, for, that, church, history"
provides,0,1,0,0,0,0,0,0,0,0,0,0,0,0,0,1,1,0.3818,8,1,provides,0.0006901311249137,0.3527925170786499,0.0666666666666666,"on, for, that, church, history"
unified,0,1,1,0,0,0,0,0,0,0,0,0,0,0,0,1,1,0.3818,7,1,unified,0.0006901311249137,0.3527925170786499,0.1333333333333333,"on, for, that, church, history"
ondina,0,0,0,0,0,0,0,0,0,0,0,0,0,0,0,1,1,0.3818,6,1,ondina,0.0006901311249137,0.3527925170786499,0.0,"on, for, that, church, history"
e,1,0,0,0,0,0,0,0,0,0,0,0,0,0,0,1,1,0.3818,1,1,e,0.0006901311249137,0.3527925170786499,0.0666666666666666,"on, for, that, church, history"
reviewed,0,1,0,0,0,0,0,0,0,0,0,0,0,0,0,1,1,0.0,8,1,reviewed,0.0006901311249137,0.3527925170786499,0.0666666666666666,"on, for, that, church, history"
sons,1,0,0,0,0,0,0,0,0,0,0,0,0,0,0,1,1,0.2263,4,1,sons,0.0006901311249137,0.3527925170786499,0.0666666666666666,"on, for, that, church, history"
xi,1,0,0,0,0,0,0,0,0,0,0,0,0,0,0,1,1,0.2263,2,1,xi,0.0006901311249137,0.3527925170786499,0.0666666666666666,"on, for, that, church, history"
