word,noun,verb,adjective,adverb,auxiliary,compositions,conjunctions,determiners,existential_determiners,modifiers,negative_quantifiers,prepositions,universal_determiners,possessive_determiners,pronouns,frequency,review_count,avg_sentiment,length,confident,resolved_word,relative_frequency,double_log_freq,participation_score
crispr,0,0,0,0,0,0,0,0,0,0,0,0,0,0,0,316,267,0.0130870253164556,6,0,crisp,0.0091980788822587,0.7267989125836488,0.0
ussr,0,0,0,0,0,0,0,0,0,0,0,0,0,0,0,200,178,-0.1836940000000001,4,0,ssr,0.005821568912822,0.7149977972429479,0.0
al,0,0,0,0,0,0,0,0,0,0,0,0,0,0,0,177,176,-0.0134372881355932,2,0,al,0.0051520884878474,0.7116286024196924,0.0
classi,0,0,0,0,0,0,0,0,0,0,0,0,0,0,0,44,38,0.1016,6,0,class,0.0012807451608208,0.664699894291389,0.0
speci,0,0,0,0,0,0,0,0,0,0,0,0,0,0,0,36,36,0.0098111111111111,5,0,spec,0.0010478824043079,0.6562743313773061,0.0
zhang,0,0,0,0,0,0,0,0,0,0,0,0,0,0,0,34,30,-0.040635294117647,5,0,hang,0.0009896667151797,0.6537774330630485,0.0
during,0,0,0,0,0,0,0,0,0,0,0,0,0,0,0,34,33,-0.4455735294117646,6,0,curing,0.0009896667151797,0.6537774330630485,0.0
ii,0,0,0,0,0,0,0,0,0,0,0,0,0,0,0,27,26,-0.4142259259259259,2,0,ii,0.0007859118032309,0.6432363202993117,0.0
cient,0,0,0,0,0,0,0,0,0,0,0,0,0,0,0,25,24,0.397136,5,0,cent,0.0007276961141027,0.6395392040666789,0.0
sgrna,0,0,0,0,0,0,0,0,0,0,0,0,0,0,0,24,21,0.0552333333333333,5,0,srna,0.0006985882695386,0.6375399955160673,0.0
ed,0,0,0,0,0,0,0,0,0,0,0,0,0,0,0,23,22,-0.0194999999999999,2,0,ed,0.0006694804249745,0.6354268000766977,0.0
humanities,0,0,0,0,0,0,0,0,0,0,0,0,0,0,0,17,17,0.0,10,0,huminites,0.0004948333575898,0.6195156162140293,0.0
nato,0,0,0,0,0,0,0,0,0,0,0,0,0,0,0,17,16,-0.1493058823529411,4,0,nat,0.0004948333575898,0.6195156162140293,0.0
biol,0,0,0,0,0,0,0,0,0,0,0,0,0,0,0,16,16,-0.04123125,4,0,bio,0.0004657255130257,0.6161216046825284,0.0
dx,0,0,0,0,0,0,0,0,0,0,0,0,0,0,0,16,14,-0.5919812500000001,2,0,dx,0.0004657255130257,0.6161216046825284,0.0
svms,0,0,0,0,0,0,0,0,0,0,0,0,0,0,0,15,15,0.1615133333333333,4,0,svs,0.0004366176684616,0.6124288945957818,0.0
th,0,0,0,0,0,0,0,0,0,0,0,0,0,0,0,15,15,-0.0964933333333333,2,0,th,0.0004366176684616,0.6124288945957818,0.0
annu,0,0,0,0,0,0,0,0,0,0,0,0,0,0,0,14,14,0.0,4,0,ann,0.0004075098238975,0.6083877907186052,0.0
deng,0,0,0,0,0,0,0,0,0,0,0,0,0,0,0,13,13,0.0,4,0,deg,0.0003784019793334,0.6039359308784116,0.0
sino,0,0,0,0,0,0,0,0,0,0,0,0,0,0,0,13,10,-0.0725,4,0,sin,0.0003784019793334,0.6039359308784116,0.0
ther,0,0,0,0,0,0,0,0,0,0,0,0,0,0,0,13,13,-0.0262692307692307,4,0,her,0.0003784019793334,0.6039359308784116,0.0
nb,0,0,0,0,0,0,0,0,0,0,0,0,0,0,0,12,12,0.07875,2,0,nb,0.0003492941347693,0.5989937658314455,0.0
nn,0,0,0,0,0,0,0,0,0,0,0,0,0,0,0,12,12,0.0494916666666666,2,0,nn,0.0003492941347693,0.5989937658314455,0.0
sgrnas,0,0,0,0,0,0,0,0,0,0,0,0,0,0,0,11,8,0.1300090909090909,6,0,srnas,0.0003201862902052,0.5934578873666095,0.0
jstor,0,0,0,0,0,0,0,0,0,0,0,0,0,0,0,11,10,0.1785363636363636,5,0,astor,0.0003201862902052,0.5934578873666095,0.0
tion,0,0,0,0,0,0,0,0,0,0,0,0,0,0,0,11,10,0.0161818181818181,4,0,ton,0.0003201862902052,0.5934578873666095,0.0
spcas,0,0,0,0,0,0,0,0,0,0,0,0,0,0,0,10,10,0.23571,5,0,spas,0.0002910784456411,0.5871908758202614,0.0
strategies,0,0,0,0,0,0,0,0,0,0,0,0,0,0,0,10,10,-0.21996,10,0,strategics,0.0002910784456411,0.5871908758202614,0.0
pd,0,0,0,0,0,0,0,0,0,0,0,0,0,0,0,10,9,-0.27166,2,0,pd,0.0002910784456411,0.5871908758202614,0.0
genomic,0,0,0,0,0,0,0,0,0,0,0,0,0,0,0,10,10,0.05214,7,0,gnomic,0.0002910784456411,0.5871908758202614,0.0
among,0,0,0,0,0,0,0,0,0,0,0,0,0,0,0,10,10,0.3833000000000001,5,0,mong,0.0002910784456411,0.5871908758202614,0.0
hb,0,0,0,0,0,0,0,0,0,0,0,0,0,0,0,9,8,0.1592888888888889,2,0,hb,0.0002619706010769,0.5800052903735844,0.0
ja,0,0,0,0,0,0,0,0,0,0,0,0,0,0,0,9,9,-0.0767555555555555,2,0,ja,0.0002619706010769,0.5800052903735844,0.0
dsdna,0,0,0,0,0,0,0,0,0,0,0,0,0,0,0,9,1,0.1531,5,0,dsrna,0.0002619706010769,0.5800052903735844,0.0
targeted,0,0,0,0,0,0,0,0,0,0,0,0,0,0,0,9,9,0.2171,8,0,targeter,0.0002619706010769,0.5800052903735844,0.0
ve,0,0,0,0,0,0,0,0,0,0,0,0,0,0,0,9,8,0.1034444444444444,2,0,ve,0.0002619706010769,0.5800052903735844,0.0
multi,0,0,0,0,0,0,0,0,0,0,0,0,0,0,0,9,9,-0.1367777777777777,5,0,muli,0.0002619706010769,0.5800052903735844,0.0
jr,0,0,0,0,0,0,0,0,0,0,0,0,0,0,0,8,8,0.0,2,0,jr,0.0002328627565128,0.571637330557974,0.0
hgps,0,0,0,0,0,0,0,0,0,0,0,0,0,0,0,8,6,0.0588875,4,0,agps,0.0002328627565128,0.571637330557974,0.0
dcas,0,0,0,0,0,0,0,0,0,0,0,0,0,0,0,8,7,-0.075425,4,0,das,0.0002328627565128,0.571637330557974,0.0
people's,0,0,0,0,0,0,0,0,0,0,0,0,0,0,0,8,8,0.0274749999999999,8,0,peoples,0.0002328627565128,0.571637330557974,0.0
huang,0,0,0,0,0,0,0,0,0,0,0,0,0,0,0,8,8,0.1036,5,0,hung,0.0002328627565128,0.571637330557974,0.0
improve,0,0,0,0,0,0,0,0,0,0,0,0,0,0,0,8,8,0.5178250000000001,7,0,improv,0.0002328627565128,0.571637330557974,0.0
vi,0,0,0,0,0,0,0,0,0,0,0,0,0,0,0,8,4,0.07655,2,0,vi,0.0002328627565128,0.571637330557974,0.0
svdd,0,0,0,0,0,0,0,0,0,0,0,0,0,0,0,8,8,0.1984375,4,0,sudd,0.0002328627565128,0.571637330557974,0.0
talen,0,0,0,0,0,0,0,0,0,0,0,0,0,0,0,7,5,0.0,5,0,tale,0.0002037549119487,0.5617012295157272,0.0
rp,0,0,0,0,0,0,0,0,0,0,0,0,0,0,0,7,6,0.1035571428571428,2,0,rp,0.0002037549119487,0.5617012295157272,0.0
jiang,0,0,0,0,0,0,0,0,0,0,0,0,0,0,0,7,7,0.0,5,0,qiang,0.0002037549119487,0.5617012295157272,0.0
emphasizes,0,0,0,0,0,0,0,0,0,0,0,0,0,0,0,7,7,-0.0276857142857142,10,0,emphasizer,0.0002037549119487,0.5617012295157272,0.0
shen,0,0,0,0,0,0,0,0,0,0,0,0,0,0,0,7,7,0.0,4,0,sen,0.0002037549119487,0.5617012295157272,0.0
lu,0,0,0,0,0,0,0,0,0,0,0,0,0,0,0,7,7,0.0050142857142857,2,0,lu,0.0002037549119487,0.5617012295157272,0.0
gootenberg,0,0,0,0,0,0,0,0,0,0,0,0,0,0,0,7,7,0.0,10,0,gutenberg,0.0002037549119487,0.5617012295157272,0.0
mj,0,0,0,0,0,0,0,0,0,0,0,0,0,0,0,7,7,0.0,2,0,mj,0.0002037549119487,0.5617012295157272,0.0
delivered,0,0,0,0,0,0,0,0,0,0,0,0,0,0,0,7,7,0.0370142857142857,9,0,deliverer,0.0002037549119487,0.5617012295157272,0.0
pluripotent,0,0,0,0,0,0,0,0,0,0,0,0,0,0,0,7,7,0.1856285714285714,11,0,plenipotent,0.0002037549119487,0.5617012295157272,0.0
clin,0,0,0,0,0,0,0,0,0,0,0,0,0,0,0,7,7,-0.1920428571428571,4,0,lin,0.0002037549119487,0.5617012295157272,0.0
ac,0,0,0,0,0,0,0,0,0,0,0,0,0,0,0,6,6,0.0,2,0,ac,0.0001746470673846,0.5496051325127768,0.0
brosis,0,0,0,0,0,0,0,0,0,0,0,0,0,0,0,6,6,0.0602,6,0,broses,0.0001746470673846,0.5496051325127768,0.0
leber,0,0,0,0,0,0,0,0,0,0,0,0,0,0,0,6,6,-0.0356833333333333,5,0,leer,0.0001746470673846,0.5496051325127768,0.0
curr,0,0,0,0,0,0,0,0,0,0,0,0,0,0,0,6,6,0.0,4,0,cur,0.0001746470673846,0.5496051325127768,0.0
ca,0,0,0,0,0,0,0,0,0,0,0,0,0,0,0,6,6,-0.0530333333333333,2,0,ca,0.0001746470673846,0.5496051325127768,0.0
jj,0,0,0,0,0,0,0,0,0,0,0,0,0,0,0,6,6,0.10615,2,0,jj,0.0001746470673846,0.5496051325127768,0.0
nucl,0,0,0,0,0,0,0,0,0,0,0,0,0,0,0,6,6,0.0,4,0,nuc,0.0001746470673846,0.5496051325127768,0.0
identi,0,0,0,0,0,0,0,0,0,0,0,0,0,0,0,6,6,-0.1209666666666666,6,0,ident,0.0001746470673846,0.5496051325127768,0.0
feng,0,0,0,0,0,0,0,0,0,0,0,0,0,0,0,6,6,0.0,4,0,eng,0.0001746470673846,0.5496051325127768,0.0
hegemonism,0,0,0,0,0,0,0,0,0,0,0,0,0,0,0,5,4,-0.24192,10,0,hegemonist,0.0001455392228205,0.5343829898349378,0.0
microbiol,0,0,0,0,0,0,0,0,0,0,0,0,0,0,0,5,5,0.0,9,0,microbial,0.0001455392228205,0.5343829898349378,0.0
ix,0,0,0,0,0,0,0,0,0,0,0,0,0,0,0,5,5,-0.0218999999999999,2,0,ix,0.0001455392228205,0.5343829898349378,0.0
nx,0,0,0,0,0,0,0,0,0,0,0,0,0,0,0,5,3,-0.67364,2,0,nx,0.0001455392228205,0.5343829898349378,0.0
dystrophin,0,0,0,0,0,0,0,0,0,0,0,0,0,0,0,5,5,0.1183999999999999,10,0,dystrophic,0.0001455392228205,0.5343829898349378,0.0
mr,0,0,0,0,0,0,0,0,0,0,0,0,0,0,0,5,5,0.07636,2,0,mr,0.0001455392228205,0.5343829898349378,0.0
cpsu,0,0,0,0,0,0,0,0,0,0,0,0,0,0,0,5,4,-0.14734,4,0,cpu,0.0001455392228205,0.5343829898349378,0.0
km,0,0,0,0,0,0,0,0,0,0,0,0,0,0,0,5,3,-0.0423599999999999,2,0,km,0.0001455392228205,0.5343829898349378,0.0
erent,0,0,0,0,0,0,0,0,0,0,0,0,0,0,0,5,4,-0.3923199999999999,5,0,rent,0.0001455392228205,0.5343829898349378,0.0
ml,0,0,0,0,0,0,0,0,0,0,0,0,0,0,0,5,5,-0.17984,2,0,ml,0.0001455392228205,0.5343829898349378,0.0
oncol,0,0,0,0,0,0,0,0,0,0,0,0,0,0,0,4,4,0.0,5,0,ondol,0.0001164313782564,0.5143212870569726,0.0
pharmacol,0,0,0,0,0,0,0,0,0,0,0,0,0,0,0,4,4,0.0,9,0,pharmacon,0.0001164313782564,0.5143212870569726,0.0
rodr,0,0,0,0,0,0,0,0,0,0,0,0,0,0,0,4,2,0.3618,4,0,ror,0.0001164313782564,0.5143212870569726,0.0
guez,0,0,0,0,0,0,0,0,0,0,0,0,0,0,0,4,2,0.3618,4,0,gue,0.0001164313782564,0.5143212870569726,0.0
trans,0,0,0,0,0,0,0,0,0,0,0,0,0,0,0,4,4,0.07955,5,0,tans,0.0001164313782564,0.5143212870569726,0.0
sq,0,0,0,0,0,0,0,0,0,0,0,0,0,0,0,4,4,-0.1727,2,0,sq,0.0001164313782564,0.5143212870569726,0.0
bp,0,0,0,0,0,0,0,0,0,0,0,0,0,0,0,4,4,0.0,2,0,bp,0.0001164313782564,0.5143212870569726,0.0
families,0,0,0,0,0,0,0,0,0,0,0,0,0,0,0,4,3,0.082675,8,0,fam'lies,0.0001164313782564,0.5143212870569726,0.0
ls,0,0,0,0,0,0,0,0,0,0,0,0,0,0,0,4,4,0.0,2,0,ls,0.0001164313782564,0.5143212870569726,0.0
biochem,0,0,0,0,0,0,0,0,0,0,0,0,0,0,0,4,4,0.0,7,0,bioches,0.0001164313782564,0.5143212870569726,0.0
rj,0,0,0,0,0,0,0,0,0,0,0,0,0,0,0,4,4,0.0,2,0,rj,0.0001164313782564,0.5143212870569726,0.0
je,0,0,0,0,0,0,0,0,0,0,0,0,0,0,0,4,4,0.0,2,0,je,0.0001164313782564,0.5143212870569726,0.0
komor,0,0,0,0,0,0,0,0,0,0,0,0,0,0,0,4,4,0.0,5,0,fomor,0.0001164313782564,0.5143212870569726,0.0
dr,0,0,0,0,0,0,0,0,0,0,0,0,0,0,0,4,4,0.1206,2,0,dr,0.0001164313782564,0.5143212870569726,0.0
jm,0,0,0,0,0,0,0,0,0,0,0,0,0,0,0,4,4,0.0,2,0,jm,0.0001164313782564,0.5143212870569726,0.0
mc,0,0,0,0,0,0,0,0,0,0,0,0,0,0,0,4,4,0.0,2,0,mc,0.0001164313782564,0.5143212870569726,0.0
crisprs,0,0,0,0,0,0,0,0,0,0,0,0,0,0,0,4,4,0.0013,7,0,crisps,0.0001164313782564,0.5143212870569726,0.0
ng,0,0,0,0,0,0,0,0,0,0,0,0,0,0,0,4,3,0.174825,2,0,ng,0.0001164313782564,0.5143212870569726,0.0
tente,0,0,0,0,0,0,0,0,0,0,0,0,0,0,0,4,4,-0.156075,5,0,tent,0.0001164313782564,0.5143212870569726,0.0
ucart,0,0,0,0,0,0,0,0,0,0,0,0,0,0,0,4,4,0.0129,5,0,cart,0.0001164313782564,0.5143212870569726,0.0
cellectis,0,0,0,0,0,0,0,0,0,0,0,0,0,0,0,4,4,0.0,9,0,collects,0.0001164313782564,0.5143212870569726,0.0
sb,0,0,0,0,0,0,0,0,0,0,0,0,0,0,0,4,1,0.0,2,0,sb,0.0001164313782564,0.5143212870569726,0.0
lmna,0,0,0,0,0,0,0,0,0,0,0,0,0,0,0,4,3,0.0,4,0,lna,0.0001164313782564,0.5143212870569726,0.0
immunode,0,0,0,0,0,0,0,0,0,0,0,0,0,0,0,4,4,-0.066275,8,0,immunome,0.0001164313782564,0.5143212870569726,0.0
knockin,0,0,0,0,0,0,0,0,0,0,0,0,0,0,0,4,4,-0.32985,7,0,knockit,0.0001164313782564,0.5143212870569726,0.0
ensure,0,0,0,0,0,0,0,0,0,0,0,0,0,0,0,4,4,0.6266,6,0,insure,0.0001164313782564,0.5143212870569726,0.0
uk,0,0,0,0,0,0,0,0,0,0,0,0,0,0,0,4,4,-0.244475,2,0,uk,0.0001164313782564,0.5143212870569726,0.0
technologies,0,0,0,0,0,0,0,0,0,0,0,0,0,0,0,4,4,-0.074,12,0,technologist,0.0001164313782564,0.5143212870569726,0.0
manuel,0,0,0,0,0,0,0,0,0,0,0,0,0,0,0,4,4,0.1904249999999999,6,0,manul,0.0001164313782564,0.5143212870569726,0.0
cally,0,0,0,0,0,0,0,0,0,0,0,0,0,0,0,4,4,-0.195925,5,0,call,0.0001164313782564,0.5143212870569726,0.0
signi,0,0,0,0,0,0,0,0,0,0,0,0,0,0,0,4,4,0.40455,5,0,sign,0.0001164313782564,0.5143212870569726,0.0
triggered,0,0,0,0,0,0,0,0,0,0,0,0,0,0,0,4,4,-0.5112500000000001,9,0,triggerred,0.0001164313782564,0.5143212870569726,0.0
engl,0,0,0,0,0,0,0,0,0,0,0,0,0,0,0,4,4,0.0,4,0,eng,0.0001164313782564,0.5143212870569726,0.0
china's,0,0,0,0,0,0,0,0,0,0,0,0,0,0,0,4,4,-0.0077999999999999,7,0,chinas,0.0001164313782564,0.5143212870569726,0.0
nucleic,0,0,0,0,0,0,0,0,0,0,0,0,0,0,0,4,4,0.0,7,0,nuclei,0.0001164313782564,0.5143212870569726,0.0
precision,0,0,0,0,0,0,0,0,0,0,0,0,0,0,0,4,4,-0.164925,9,0,precisian,0.0001164313782564,0.5143212870569726,0.0
theories,0,0,0,0,0,0,0,0,0,0,0,0,0,0,0,3,2,-0.8652333333333333,8,0,theorics,8.732353369233008e-05,0.4860001779968491,0.0
baidu,0,0,0,0,0,0,0,0,0,0,0,0,0,0,0,3,3,0.0,5,0,maidu,8.732353369233008e-05,0.4860001779968491,0.0
cnki,0,0,0,0,0,0,0,0,0,0,0,0,0,0,0,3,3,0.0,4,0,enki,8.732353369233008e-05,0.4860001779968491,0.0
online,0,0,0,0,0,0,0,0,0,0,0,0,0,0,0,3,3,0.1669666666666666,6,0,onliner,8.732353369233008e-05,0.4860001779968491,0.0
rh,0,0,0,0,0,0,0,0,0,0,0,0,0,0,0,3,3,0.0,2,0,rh,8.732353369233008e-05,0.4860001779968491,0.0
aw,0,0,0,0,0,0,0,0,0,0,0,0,0,0,0,3,3,0.0,2,0,aw,8.732353369233008e-05,0.4860001779968491,0.0
nixon's,0,0,0,0,0,0,0,0,0,0,0,0,0,0,0,3,3,-0.1589,7,0,nixons,8.732353369233008e-05,0.4860001779968491,0.0
pp,0,0,0,0,0,0,0,0,0,0,0,0,0,0,0,3,3,0.0,2,0,pp,8.732353369233008e-05,0.4860001779968491,0.0
xiao,0,0,0,0,0,0,0,0,0,0,0,0,0,0,0,3,3,0.0,4,0,xian,8.732353369233008e-05,0.4860001779968491,0.0
ys,0,0,0,0,0,0,0,0,0,0,0,0,0,0,0,3,3,0.0,2,0,ys,8.732353369233008e-05,0.4860001779968491,0.0
lb,0,0,0,0,0,0,0,0,0,0,0,0,0,0,0,3,3,0.0,2,0,lb,8.732353369233008e-05,0.4860001779968491,0.0
syst,0,0,0,0,0,0,0,0,0,0,0,0,0,0,0,3,3,0.0,4,0,synt,8.732353369233008e-05,0.4860001779968491,0.0
cong,0,0,0,0,0,0,0,0,0,0,0,0,0,0,0,3,3,-0.2365333333333333,4,0,con,8.732353369233008e-05,0.4860001779968491,0.0
crrna,0,0,0,0,0,0,0,0,0,0,0,0,0,0,0,3,3,0.0,5,0,crna,8.732353369233008e-05,0.4860001779968491,0.0
tonkin,0,0,0,0,0,0,0,0,0,0,0,0,0,0,0,3,1,-0.5423,6,0,tokin,8.732353369233008e-05,0.4860001779968491,0.0
chang,0,0,0,0,0,0,0,0,0,0,0,0,0,0,0,3,3,0.0,5,0,chan,8.732353369233008e-05,0.4860001779968491,0.0
ameliorates,0,0,0,0,0,0,0,0,0,0,0,0,0,0,0,3,3,-0.0641333333333333,11,0,meliorater,8.732353369233008e-05,0.4860001779968491,0.0
dm,0,0,0,0,0,0,0,0,0,0,0,0,0,0,0,3,3,0.0,2,0,dm,8.732353369233008e-05,0.4860001779968491,0.0
natl,0,0,0,0,0,0,0,0,0,0,0,0,0,0,0,3,3,0.0,4,0,nat,8.732353369233008e-05,0.4860001779968491,0.0
commun,0,0,0,0,0,0,0,0,0,0,0,0,0,0,0,3,3,0.0,6,0,common,8.732353369233008e-05,0.4860001779968491,0.0
existence,0,0,0,0,0,0,0,0,0,0,0,0,0,0,0,3,3,-0.7703333333333333,9,0,existent,8.732353369233008e-05,0.4860001779968491,0.0
jw,0,0,0,0,0,0,0,0,0,0,0,0,0,0,0,3,3,0.0,2,0,jw,8.732353369233008e-05,0.4860001779968491,0.0
er,0,0,0,0,0,0,0,0,0,0,0,0,0,0,0,3,3,0.0172,2,0,er,8.732353369233008e-05,0.4860001779968491,0.0
tsai,0,0,0,0,0,0,0,0,0,0,0,0,0,0,0,3,3,-0.2302666666666666,4,0,sai,8.732353369233008e-05,0.4860001779968491,0.0
sh,0,0,0,0,0,0,0,0,0,0,0,0,0,0,0,3,3,0.2465666666666666,2,0,sh,8.732353369233008e-05,0.4860001779968491,0.0
cantly,0,0,0,0,0,0,0,0,0,0,0,0,0,0,0,3,3,0.2668666666666667,6,0,canty,8.732353369233008e-05,0.4860001779968491,0.0
zhao,0,0,0,0,0,0,0,0,0,0,0,0,0,0,0,3,3,0.0,4,0,zho,8.732353369233008e-05,0.4860001779968491,0.0
liang,0,0,0,0,0,0,0,0,0,0,0,0,0,0,0,3,3,0.0,5,0,ling,8.732353369233008e-05,0.4860001779968491,0.0
maeder,0,0,0,0,0,0,0,0,0,0,0,0,0,0,0,3,3,-0.4605333333333333,6,0,meader,8.732353369233008e-05,0.4860001779968491,0.0
le,0,0,0,0,0,0,0,0,0,0,0,0,0,0,0,3,3,0.2269333333333333,2,0,le,8.732353369233008e-05,0.4860001779968491,0.0
kellner,0,0,0,0,0,0,0,0,0,0,0,0,0,0,0,3,3,0.0,7,0,keller,8.732353369233008e-05,0.4860001779968491,0.0
jt,0,0,0,0,0,0,0,0,0,0,0,0,0,0,0,3,3,0.0,2,0,jt,8.732353369233008e-05,0.4860001779968491,0.0
joung,0,0,0,0,0,0,0,0,0,0,0,0,0,0,0,3,3,0.0,5,0,jung,8.732353369233008e-05,0.4860001779968491,0.0
hu,0,0,0,0,0,0,0,0,0,0,0,0,0,0,0,3,3,0.0,2,0,hu,8.732353369233008e-05,0.4860001779968491,0.0
inosphere,0,0,0,0,0,0,0,0,0,0,0,0,0,0,0,3,3,0.076,9,0,infosphere,8.732353369233008e-05,0.4860001779968491,0.0
sj,0,0,0,0,0,0,0,0,0,0,0,0,0,0,0,3,3,0.0,2,0,sj,8.732353369233008e-05,0.4860001779968491,0.0
mh,0,0,0,0,0,0,0,0,0,0,0,0,0,0,0,3,3,0.0,2,0,mh,8.732353369233008e-05,0.4860001779968491,0.0
mrna,0,0,0,0,0,0,0,0,0,0,0,0,0,0,0,3,3,-0.0961666666666666,4,0,rna,8.732353369233008e-05,0.4860001779968491,0.0
tions,0,0,0,0,0,0,0,0,0,0,0,0,0,0,0,3,3,-0.1339666666666666,5,0,tins,8.732353369233008e-05,0.4860001779968491,0.0
clas,0,0,0,0,0,0,0,0,0,0,0,0,0,0,0,3,3,-0.0278999999999999,4,0,las,8.732353369233008e-05,0.4860001779968491,0.0
advocated,0,0,0,0,0,0,0,0,0,0,0,0,0,0,0,3,3,-0.0733333333333333,9,0,advocate,8.732353369233008e-05,0.4860001779968491,0.0
jinek,0,0,0,0,0,0,0,0,0,0,0,0,0,0,0,3,3,0.0,5,0,jink,8.732353369233008e-05,0.4860001779968491,0.0
chem,0,0,0,0,0,0,0,0,0,0,0,0,0,0,0,3,3,0.0,4,0,hem,8.732353369233008e-05,0.4860001779968491,0.0
radars,0,0,0,0,0,0,0,0,0,0,0,0,0,0,0,3,3,-0.1953,6,0,radas,8.732353369233008e-05,0.4860001779968491,0.0
af,0,0,0,0,0,0,0,0,0,0,0,0,0,0,0,3,2,0.0344,2,0,af,8.732353369233008e-05,0.4860001779968491,0.0
cf,0,0,0,0,0,0,0,0,0,0,0,0,0,0,0,3,3,-0.0200999999999999,2,0,cf,8.732353369233008e-05,0.4860001779968491,0.0
aj,0,0,0,0,0,0,0,0,0,0,0,0,0,0,0,3,3,0.0,2,0,aj,8.732353369233008e-05,0.4860001779968491,0.0
ag,0,0,0,0,0,0,0,0,0,0,0,0,0,0,0,3,2,0.2982333333333333,2,0,ag,8.732353369233008e-05,0.4860001779968491,0.0
liated,0,0,0,0,0,0,0,0,0,0,0,0,0,0,0,3,2,0.0344,6,0,lated,8.732353369233008e-05,0.4860001779968491,0.0
arose,0,0,0,0,0,0,0,0,0,0,0,0,0,0,0,3,3,-0.1838,5,0,rose,8.732353369233008e-05,0.4860001779968491,0.0
jk,0,0,0,0,0,0,0,0,0,0,0,0,0,0,0,3,3,0.0,2,0,jk,8.732353369233008e-05,0.4860001779968491,0.0
db,0,0,0,0,0,0,0,0,0,0,0,0,0,0,0,3,3,0.0,2,0,db,8.732353369233008e-05,0.4860001779968491,0.0
gions,0,0,0,0,0,0,0,0,0,0,0,0,0,0,0,3,3,0.0506333333333333,5,0,gins,8.732353369233008e-05,0.4860001779968491,0.0
gj,0,0,0,0,0,0,0,0,0,0,0,0,0,0,0,3,3,0.0,2,0,gj,8.732353369233008e-05,0.4860001779968491,0.0
av,0,0,0,0,0,0,0,0,0,0,0,0,0,0,0,3,3,0.0,2,0,av,8.732353369233008e-05,0.4860001779968491,0.0
opin,0,0,0,0,0,0,0,0,0,0,0,0,0,0,0,3,3,0.0,4,0,pin,8.732353369233008e-05,0.4860001779968491,0.0
coagulation,0,0,0,0,0,0,0,0,0,0,0,0,0,0,0,3,2,-0.2679333333333333,11,0,coagulator,8.732353369233008e-05,0.4860001779968491,0.0
situ,0,0,0,0,0,0,0,0,0,0,0,0,0,0,0,3,3,0.2547999999999999,4,0,sit,8.732353369233008e-05,0.4860001779968491,0.0
delity,0,0,0,0,0,0,0,0,0,0,0,0,0,0,0,3,3,0.0765333333333333,6,0,deity,8.732353369233008e-05,0.4860001779968491,0.0
xiong,0,0,0,0,0,0,0,0,0,0,0,0,0,0,0,3,3,-0.1529333333333333,5,0,xing,8.732353369233008e-05,0.4860001779968491,0.0
bj,0,0,0,0,0,0,0,0,0,0,0,0,0,0,0,2,2,0.0,2,0,bj,5.8215689128220055e-05,0.4412300856834651,0.0
jf,0,0,0,0,0,0,0,0,0,0,0,0,0,0,0,2,2,0.0,2,0,jf,5.8215689128220055e-05,0.4412300856834651,0.0
lj,0,0,0,0,0,0,0,0,0,0,0,0,0,0,0,2,2,0.0,2,0,lj,5.8215689128220055e-05,0.4412300856834651,0.0
dt,0,0,0,0,0,0,0,0,0,0,0,0,0,0,0,2,2,0.0,2,0,dt,5.8215689128220055e-05,0.4412300856834651,0.0
mp,0,0,0,0,0,0,0,0,0,0,0,0,0,0,0,2,2,0.0,2,0,mp,5.8215689128220055e-05,0.4412300856834651,0.0
ch,0,0,0,0,0,0,0,0,0,0,0,0,0,0,0,2,2,0.0,2,0,ch,5.8215689128220055e-05,0.4412300856834651,0.0
dg,0,0,0,0,0,0,0,0,0,0,0,0,0,0,0,2,2,0.0,2,0,dg,5.8215689128220055e-05,0.4412300856834651,0.0
gc,0,0,0,0,0,0,0,0,0,0,0,0,0,0,0,2,2,0.418,2,0,gc,5.8215689128220055e-05,0.4412300856834651,0.0
rm,0,0,0,0,0,0,0,0,0,0,0,0,0,0,0,2,2,-0.2787,2,0,rm,5.8215689128220055e-05,0.4412300856834651,0.0
ni,0,0,0,0,0,0,0,0,0,0,0,0,0,0,0,2,2,0.0,2,0,ni,5.8215689128220055e-05,0.4412300856834651,0.0
ll,0,0,0,0,0,0,0,0,0,0,0,0,0,0,0,2,2,-0.14425,2,0,ll,5.8215689128220055e-05,0.4412300856834651,0.0
ez,0,0,0,0,0,0,0,0,0,0,0,0,0,0,0,2,2,0.0,2,0,ez,5.8215689128220055e-05,0.4412300856834651,0.0
jc,0,0,0,0,0,0,0,0,0,0,0,0,0,0,0,2,2,0.0,2,0,jc,5.8215689128220055e-05,0.4412300856834651,0.0
dy,0,0,0,0,0,0,0,0,0,0,0,0,0,0,0,2,2,0.0,2,0,dy,5.8215689128220055e-05,0.4412300856834651,0.0
st,0,0,0,0,0,0,0,0,0,0,0,0,0,0,0,2,2,0.0,2,0,st,5.8215689128220055e-05,0.4412300856834651,0.0
ev,0,0,0,0,0,0,0,0,0,0,0,0,0,0,0,2,2,0.0,2,0,ev,5.8215689128220055e-05,0.4412300856834651,0.0
ha,0,0,0,0,0,0,0,0,0,0,0,0,0,0,0,2,2,0.2412,2,0,ha,5.8215689128220055e-05,0.4412300856834651,0.0
yb,0,0,0,0,0,0,0,0,0,0,0,0,0,0,0,2,2,0.0,2,0,yb,5.8215689128220055e-05,0.4412300856834651,0.0
wa,0,0,0,0,0,0,0,0,0,0,0,0,0,0,0,2,2,0.0,2,0,wa,5.8215689128220055e-05,0.4412300856834651,0.0
se,0,0,0,0,0,0,0,0,0,0,0,0,0,0,0,2,2,0.0,2,0,se,5.8215689128220055e-05,0.4412300856834651,0.0
pb,0,0,0,0,0,0,0,0,0,0,0,0,0,0,0,2,2,0.0,2,0,pb,5.8215689128220055e-05,0.4412300856834651,0.0
dk,0,0,0,0,0,0,0,0,0,0,0,0,0,0,0,2,2,0.0,2,0,dk,5.8215689128220055e-05,0.4412300856834651,0.0
na,0,0,0,0,0,0,0,0,0,0,0,0,0,0,0,2,2,0.17,2,0,na,5.8215689128220055e-05,0.4412300856834651,0.0
yq,0,0,0,0,0,0,0,0,0,0,0,0,0,0,0,2,2,0.0,2,0,yq,5.8215689128220055e-05,0.4412300856834651,0.0
og,0,0,0,0,0,0,0,0,0,0,0,0,0,0,0,2,2,0.0,2,0,og,5.8215689128220055e-05,0.4412300856834651,0.0
gt,0,0,0,0,0,0,0,0,0,0,0,0,0,0,0,2,2,0.0,2,0,gt,5.8215689128220055e-05,0.4412300856834651,0.0
bl,0,0,0,0,0,0,0,0,0,0,0,0,0,0,0,2,2,0.31845,2,0,bl,5.8215689128220055e-05,0.4412300856834651,0.0
lv,0,0,0,0,0,0,0,0,0,0,0,0,0,0,0,2,2,0.0,2,0,lv,5.8215689128220055e-05,0.4412300856834651,0.0
hd,0,0,0,0,0,0,0,0,0,0,0,0,0,0,0,2,1,0.1531,2,0,hd,5.8215689128220055e-05,0.4412300856834651,0.0
ct,0,0,0,0,0,0,0,0,0,0,0,0,0,0,0,2,2,0.0,2,0,ct,5.8215689128220055e-05,0.4412300856834651,0.0
ln,0,0,0,0,0,0,0,0,0,0,0,0,0,0,0,2,2,-0.3062,2,0,ln,5.8215689128220055e-05,0.4412300856834651,0.0
sl,0,0,0,0,0,0,0,0,0,0,0,0,0,0,0,2,2,0.0,2,0,sl,5.8215689128220055e-05,0.4412300856834651,0.0
xn,0,0,0,0,0,0,0,0,0,0,0,0,0,0,0,2,2,-0.3062,2,0,xn,5.8215689128220055e-05,0.4412300856834651,0.0
dp,0,0,0,0,0,0,0,0,0,0,0,0,0,0,0,2,2,0.0,2,0,dp,5.8215689128220055e-05,0.4412300856834651,0.0
jp,0,0,0,0,0,0,0,0,0,0,0,0,0,0,0,2,2,0.0,2,0,jp,5.8215689128220055e-05,0.4412300856834651,0.0
ye,0,0,0,0,0,0,0,0,0,0,0,0,0,0,0,2,2,0.0,2,0,ye,5.8215689128220055e-05,0.4412300856834651,0.0
cp,0,0,0,0,0,0,0,0,0,0,0,0,0,0,0,2,2,0.0,2,0,cp,5.8215689128220055e-05,0.4412300856834651,0.0
wl,0,0,0,0,0,0,0,0,0,0,0,0,0,0,0,2,2,0.0,2,0,wl,5.8215689128220055e-05,0.4412300856834651,0.0
ke,0,0,0,0,0,0,0,0,0,0,0,0,0,0,0,1,1,0.0,2,0,ke,2.9107844564110028e-05,0.3527925170786499,0.0
vl,0,0,0,0,0,0,0,0,0,0,0,0,0,0,0,1,1,0.0,2,0,vl,2.9107844564110028e-05,0.3527925170786499,0.0
rs,0,0,0,0,0,0,0,0,0,0,0,0,0,0,0,1,1,0.0,2,0,rs,2.9107844564110028e-05,0.3527925170786499,0.0
nh,0,0,0,0,0,0,0,0,0,0,0,0,0,0,0,1,1,0.4939,2,0,nh,2.9107844564110028e-05,0.3527925170786499,0.0
hm,0,0,0,0,0,0,0,0,0,0,0,0,0,0,0,1,1,0.0,2,0,hm,2.9107844564110028e-05,0.3527925170786499,0.0
oc,0,0,0,0,0,0,0,0,0,0,0,0,0,0,0,1,1,0.0,2,0,oc,2.9107844564110028e-05,0.3527925170786499,0.0
il,0,0,0,0,0,0,0,0,0,0,0,0,0,0,0,1,1,0.3818,2,0,il,2.9107844564110028e-05,0.3527925170786499,0.0
ao,0,0,0,0,0,0,0,0,0,0,0,0,0,0,0,1,1,0.0,2,0,ao,2.9107844564110028e-05,0.3527925170786499,0.0
eb,0,0,0,0,0,0,0,0,0,0,0,0,0,0,0,1,1,0.8934,2,0,eb,2.9107844564110028e-05,0.3527925170786499,0.0
ts,0,0,0,0,0,0,0,0,0,0,0,0,0,0,0,1,1,0.0,2,0,ts,2.9107844564110028e-05,0.3527925170786499,0.0
ny,0,0,0,0,0,0,0,0,0,0,0,0,0,0,0,1,1,-0.8126,2,0,ny,2.9107844564110028e-05,0.3527925170786499,0.0
eg,0,0,0,0,0,0,0,0,0,0,0,0,0,0,0,1,1,0.4588,2,0,eg,2.9107844564110028e-05,0.3527925170786499,0.0
hf,0,0,0,0,0,0,0,0,0,0,0,0,0,0,0,1,1,0.5256,2,0,hf,2.9107844564110028e-05,0.3527925170786499,0.0
yl,0,0,0,0,0,0,0,0,0,0,0,0,0,0,0,1,1,0.0,2,0,yl,2.9107844564110028e-05,0.3527925170786499,0.0
dh,0,0,0,0,0,0,0,0,0,0,0,0,0,0,0,1,1,0.0,2,0,dh,2.9107844564110028e-05,0.3527925170786499,0.0
gl,0,0,0,0,0,0,0,0,0,0,0,0,0,0,0,1,1,0.0,2,0,gl,2.9107844564110028e-05,0.3527925170786499,0.0
cw,0,0,0,0,0,0,0,0,0,0,0,0,0,0,0,1,1,0.0,2,0,cw,2.9107844564110028e-05,0.3527925170786499,0.0
ga,0,0,0,0,0,0,0,0,0,0,0,0,0,0,0,1,1,0.0,2,0,ga,2.9107844564110028e-05,0.3527925170786499,0.0
kt,0,0,0,0,0,0,0,0,0,0,0,0,0,0,0,1,1,0.0,2,0,kt,2.9107844564110028e-05,0.3527925170786499,0.0
mn,0,0,0,0,0,0,0,0,0,0,0,0,0,0,0,1,1,0.0,2,0,mn,2.9107844564110028e-05,0.3527925170786499,0.0
lz,0,0,0,0,0,0,0,0,0,0,0,0,0,0,0,1,1,0.0,2,0,lz,2.9107844564110028e-05,0.3527925170786499,0.0
rw,0,0,0,0,0,0,0,0,0,0,0,0,0,0,0,1,1,0.0,2,0,rw,2.9107844564110028e-05,0.3527925170786499,0.0
mw,0,0,0,0,0,0,0,0,0,0,0,0,0,0,0,1,1,0.0,2,0,mw,2.9107844564110028e-05,0.3527925170786499,0.0
rt,0,0,0,0,0,0,0,0,0,0,0,0,0,0,0,1,1,0.0,2,0,rt,2.9107844564110028e-05,0.3527925170786499,0.0
jh,0,0,0,0,0,0,0,0,0,0,0,0,0,0,0,1,1,0.0,2,0,jh,2.9107844564110028e-05,0.3527925170786499,0.0
pf,0,0,0,0,0,0,0,0,0,0,0,0,0,0,0,1,1,0.0,2,0,pf,2.9107844564110028e-05,0.3527925170786499,0.0
jl,0,0,0,0,0,0,0,0,0,0,0,0,0,0,0,1,1,0.0,2,0,jl,2.9107844564110028e-05,0.3527925170786499,0.0
zy,0,0,0,0,0,0,0,0,0,0,0,0,0,0,0,1,1,0.0,2,0,zy,2.9107844564110028e-05,0.3527925170786499,0.0
lw,0,0,0,0,0,0,0,0,0,0,0,0,0,0,0,1,1,0.0,2,0,lw,2.9107844564110028e-05,0.3527925170786499,0.0
nc,0,0,0,0,0,0,0,0,0,0,0,0,0,0,0,1,1,0.0,2,0,nc,2.9107844564110028e-05,0.3527925170786499,0.0
wx,0,0,0,0,0,0,0,0,0,0,0,0,0,0,0,1,1,0.0,2,0,wx,2.9107844564110028e-05,0.3527925170786499,0.0
hj,0,0,0,0,0,0,0,0,0,0,0,0,0,0,0,1,1,0.0,2,0,hj,2.9107844564110028e-05,0.3527925170786499,0.0
yy,0,0,0,0,0,0,0,0,0,0,0,0,0,0,0,1,1,0.0,2,0,yy,2.9107844564110028e-05,0.3527925170786499,0.0
yc,0,0,0,0,0,0,0,0,0,0,0,0,0,0,0,1,1,0.0,2,0,yc,2.9107844564110028e-05,0.3527925170786499,0.0
jy,0,0,0,0,0,0,0,0,0,0,0,0,0,0,0,1,1,0.0,2,0,jy,2.9107844564110028e-05,0.3527925170786499,0.0
kj,0,0,0,0,0,0,0,0,0,0,0,0,0,0,0,1,1,0.0,2,0,kj,2.9107844564110028e-05,0.3527925170786499,0.0
xj,0,0,0,0,0,0,0,0,0,0,0,0,0,0,0,1,1,0.0,2,0,xj,2.9107844564110028e-05,0.3527925170786499,0.0
pm,0,0,0,0,0,0,0,0,0,0,0,0,0,0,0,1,1,0.0,2,0,pm,2.9107844564110028e-05,0.3527925170786499,0.0
kk,0,0,0,0,0,0,0,0,0,0,0,0,0,0,0,1,1,0.4995,2,0,kk,2.9107844564110028e-05,0.3527925170786499,0.0
ej,0,0,0,0,0,0,0,0,0,0,0,0,0,0,0,1,1,0.0,2,0,ej,2.9107844564110028e-05,0.3527925170786499,0.0
yj,0,0,0,0,0,0,0,0,0,0,0,0,0,0,0,1,1,0.0,2,0,yj,2.9107844564110028e-05,0.3527925170786499,0.0
tc,0,0,0,0,0,0,0,0,0,0,0,0,0,0,0,1,1,0.0,2,0,tc,2.9107844564110028e-05,0.3527925170786499,0.0
tu,0,0,0,0,0,0,0,0,0,0,0,0,0,0,0,1,1,0.3182,2,0,tu,2.9107844564110028e-05,0.3527925170786499,0.0
df,0,0,0,0,0,0,0,0,0,0,0,0,0,0,0,1,1,0.0,2,0,df,2.9107844564110028e-05,0.3527925170786499,0.0
qu,0,0,0,0,0,0,0,0,0,0,0,0,0,0,0,1,1,0.0,2,0,qu,2.9107844564110028e-05,0.3527925170786499,0.0
hh,0,0,0,0,0,0,0,0,0,0,0,0,0,0,0,1,1,0.0,2,0,hh,2.9107844564110028e-05,0.3527925170786499,0.0
qq,0,0,0,0,0,0,0,0,0,0,0,0,0,0,0,1,1,-0.5994,2,0,qq,2.9107844564110028e-05,0.3527925170786499,0.0
ir,0,0,0,0,0,0,0,0,0,0,0,0,0,0,0,1,1,0.0,2,0,ir,2.9107844564110028e-05,0.3527925170786499,0.0
cy,0,0,0,0,0,0,0,0,0,0,0,0,0,0,0,1,1,0.0,2,0,cy,2.9107844564110028e-05,0.3527925170786499,0.0
hc,0,0,0,0,0,0,0,0,0,0,0,0,0,0,0,1,1,0.0,2,0,hc,2.9107844564110028e-05,0.3527925170786499,0.0
su,0,0,0,0,0,0,0,0,0,0,0,0,0,0,0,1,1,0.0,2,0,su,2.9107844564110028e-05,0.3527925170786499,0.0
hl,0,0,0,0,0,0,0,0,0,0,0,0,0,0,0,1,1,0.0,2,0,hl,2.9107844564110028e-05,0.3527925170786499,0.0
ec,0,0,0,0,0,0,0,0,0,0,0,0,0,0,0,1,1,0.0,2,0,ec,2.9107844564110028e-05,0.3527925170786499,0.0
oz,0,0,0,0,0,0,0,0,0,0,0,0,0,0,0,1,1,0.0,2,0,oz,2.9107844564110028e-05,0.3527925170786499,0.0
jv,0,0,0,0,0,0,0,0,0,0,0,0,0,0,0,1,1,0.0,2,0,jv,2.9107844564110028e-05,0.3527925170786499,0.0
sk,0,0,0,0,0,0,0,0,0,0,0,0,0,0,0,1,1,0.0,2,0,sk,2.9107844564110028e-05,0.3527925170786499,0.0
cj,0,0,0,0,0,0,0,0,0,0,0,0,0,0,0,1,1,0.0,2,0,cj,2.9107844564110028e-05,0.3527925170786499,0.0
gx,0,0,0,0,0,0,0,0,0,0,0,0,0,0,0,1,1,0.0,2,0,gx,2.9107844564110028e-05,0.3527925170786499,0.0
cl,0,0,0,0,0,0,0,0,0,0,0,0,0,0,0,1,1,0.0,2,0,cl,2.9107844564110028e-05,0.3527925170786499,0.0
tp,0,0,0,0,0,0,0,0,0,0,0,0,0,0,0,1,1,0.0,2,0,tp,2.9107844564110028e-05,0.3527925170786499,0.0
wh,0,0,0,0,0,0,0,0,0,0,0,0,0,0,0,1,1,0.0,2,0,wh,2.9107844564110028e-05,0.3527925170786499,0.0
wp,0,0,0,0,0,0,0,0,0,0,0,0,0,0,0,1,1,0.0,2,0,wp,2.9107844564110028e-05,0.3527925170786499,0.0
hk,0,0,0,0,0,0,0,0,0,0,0,0,0,0,0,1,1,-0.6908,2,0,hk,2.9107844564110028e-05,0.3527925170786499,0.0
fp,0,0,0,0,0,0,0,0,0,0,0,0,0,0,0,1,1,0.0,2,0,fp,2.9107844564110028e-05,0.3527925170786499,0.0
fg,0,0,0,0,0,0,0,0,0,0,0,0,0,0,0,1,1,0.0,2,0,fg,2.9107844564110028e-05,0.3527925170786499,0.0
du,0,0,0,0,0,0,0,0,0,0,0,0,0,0,0,1,1,0.0,2,0,du,2.9107844564110028e-05,0.3527925170786499,0.0
bm,0,0,0,0,0,0,0,0,0,0,0,0,0,0,0,1,1,0.0,2,0,bm,2.9107844564110028e-05,0.3527925170786499,0.0
bk,0,0,0,0,0,0,0,0,0,0,0,0,0,0,0,1,1,0.0,2,0,bk,2.9107844564110028e-05,0.3527925170786499,0.0
hp,0,0,0,0,0,0,0,0,0,0,0,0,0,0,0,1,1,0.0,2,0,hp,2.9107844564110028e-05,0.3527925170786499,0.0
ww,0,0,0,0,0,0,0,0,0,0,0,0,0,0,0,1,1,0.0,2,0,ww,2.9107844564110028e-05,0.3527925170786499,0.0
xm,0,0,0,0,0,0,0,0,0,0,0,0,0,0,0,1,1,0.0,2,0,xm,2.9107844564110028e-05,0.3527925170786499,0.0
jq,0,0,0,0,0,0,0,0,0,0,0,0,0,0,0,1,1,0.0,2,0,jq,2.9107844564110028e-05,0.3527925170786499,0.0
nt,0,0,0,0,0,0,0,0,0,0,0,0,0,0,0,1,1,0.0,2,0,nt,2.9107844564110028e-05,0.3527925170786499,0.0
ft,0,0,0,0,0,0,0,0,0,0,0,0,0,0,0,1,1,0.0,2,0,ft,2.9107844564110028e-05,0.3527925170786499,0.0
bd,0,0,0,0,0,0,0,0,0,0,0,0,0,0,0,1,1,0.0,2,0,bd,2.9107844564110028e-05,0.3527925170786499,0.0
jb,0,0,0,0,0,0,0,0,0,0,0,0,0,0,0,1,1,0.0,2,0,jb,2.9107844564110028e-05,0.3527925170786499,0.0
dd,0,0,0,0,0,0,0,0,0,0,0,0,0,0,0,1,1,0.0,2,0,dd,2.9107844564110028e-05,0.3527925170786499,0.0
yw,0,0,0,0,0,0,0,0,0,0,0,0,0,0,0,1,1,0.0,2,0,yw,2.9107844564110028e-05,0.3527925170786499,0.0
tw,0,0,0,0,0,0,0,0,0,0,0,0,0,0,0,1,1,0.0,2,0,tw,2.9107844564110028e-05,0.3527925170786499,0.0
gu,0,0,0,0,0,0,0,0,0,0,0,0,0,0,0,1,1,0.5766,2,0,gu,2.9107844564110028e-05,0.3527925170786499,0.0
sw,0,0,0,0,0,0,0,0,0,0,0,0,0,0,0,1,1,0.0,2,0,sw,2.9107844564110028e-05,0.3527925170786499,0.0
kw,0,0,0,0,0,0,0,0,0,0,0,0,0,0,0,1,1,0.0,2,0,kw,2.9107844564110028e-05,0.3527925170786499,0.0
ns,0,0,0,0,0,0,0,0,0,0,0,0,0,0,0,1,1,0.0,2,0,ns,2.9107844564110028e-05,0.3527925170786499,0.0
vm,0,0,0,0,0,0,0,0,0,0,0,0,0,0,0,1,1,0.0,2,0,vm,2.9107844564110028e-05,0.3527925170786499,0.0
cq,0,0,0,0,0,0,0,0,0,0,0,0,0,0,0,1,1,0.0,2,0,cq,2.9107844564110028e-05,0.3527925170786499,0.0
