phrase_id,sentence_id,phrase,type,bundle_id,preceeded_by,leads_to,xmin,ymin,xmax,ymax,Page,Total_Sentences
0,0,"['THE', 'KING']",NP,0,-1,1,98.62621307373047,134.2015838623047,107.97184753417969,143.92881774902344,4,3
1,1,"['IN', 'BY']",NP,0,-1,1,98.62621307373047,134.2015838623047,107.97184753417969,143.92881774902344,4,3
2,2,"['ROBERT', 'W.']",NP,0,-1,1,89.13739776611328,162.814453125,92.7293472290039,164.06065368652344,4,3
3,3,"['AITTMOR', '&quot;']",NP,0,-1,1,89.13739776611328,162.814453125,92.7293472290039,164.06065368652344,4,3
4,4,"['TENNYSON', '114']",NP,0,-1,1,72.6615982055664,19.204164505004883,129.23770141601562,32.290008544921875,5,3
5,5,"['Nedy', 'Prismatic']",NP,0,-1,1,72.6615982055664,19.204164505004883,129.23770141601562,32.290008544921875,5,3
6,6,"['Librar^r', 'GILT']",NP,0,-1,1,20.534799575805664,51.55699920654297,39.347835540771484,59.38949203491211,5,3
7,7,"['&quot;I', 'Noely']",NP,0,-1,1,20.534799575805664,51.55699920654297,39.347835540771484,59.38949203491211,5,3
8,8,"['selection.', 'It']",NP,0,-1,1,20.534799575805664,71.79821014404297,43.3671989440918,83.68057250976562,5,3
9,9,"['tqual', 'SOUR']",NP,0,-1,1,20.534799575805664,71.79821014404297,43.3671989440918,83.68057250976562,5,3
10,10,"['By', 'SEVEN']",NP,0,-1,1,49.111202239990234,92.26085662841797,68.63936614990234,100.39108276367188,5,3
11,11,"['Ky', 'Thorn']",NP,0,-1,1,49.111202239990234,92.26085662841797,68.63936614990234,100.39108276367188,5,3
12,12,"['J.', 'Vivian.']",NP,0,-1,1,33.02799987792969,98.6105728149414,81.13542175292969,106.31393432617188,5,3
13,13,"['With', 'illustrations']",NP,0,-1,1,33.02799987792969,98.6105728149414,81.13542175292969,106.31393432617188,5,3
14,14,"['A', 'By']",NP,0,-1,1,124.07040405273438,121.31507110595703,134.40960693359375,132.0764617919922,5,3
15,15,"['THE', 'By']",NP,0,-1,1,124.07040405273438,121.31507110595703,134.40960693359375,132.0764617919922,5,3
16,16,"['A', 'By']",NP,0,-1,1,32.8843994140625,140.59303283691406,74.24464416503906,148.42013549804688,5,3
17,17,"['With', 'lustrations']",NP,0,-1,1,32.8843994140625,140.59303283691406,74.24464416503906,148.42013549804688,5,3
18,18,"['MONTRESOR.', 'REVERIES']",NP,0,-1,1,121.7728042602539,159.5359344482422,131.96725463867188,166.6097412109375,5,3
19,19,"['./T%5C/0', 'J&V']",NP,0,-1,1,121.7728042602539,159.5359344482422,131.96725463867188,166.6097412109375,5,3
20,20,"['THE', 'By']",NP,0,-1,1,94.7760009765625,180.79800415039062,105.25822448730469,191.708251953125,5,3
21,21,"['THE', 'By']",NP,0,-1,1,94.7760009765625,180.79800415039062,105.25822448730469,191.708251953125,5,3
22,22,"['OBSERVATIONS', 'By']",NP,0,-1,1,144.60520935058594,207.0873565673828,150.6363983154297,213.36483764648438,5,3
23,23,"['KINGS', 'S.']",NP,0,-1,1,144.60520935058594,207.0873565673828,150.6363983154297,213.36483764648438,5,3
24,24,"['NOBLE', 'PARALLEL.']",NP,0,-1,1,69.35880279541016,228.72789001464844,79.69800567626953,239.48927307128906,5,3
25,25,"['TRUMPETER', 'By']",NP,0,-1,1,69.35880279541016,228.72789001464844,79.69800567626953,239.48927307128906,5,3
26,26,"['Illustrated,', 'FATHER']",NP,0,-1,1,21.25279998779297,238.8676300048828,39.92022705078125,251.82073974609375,5,3
27,27,"['By', 'THE']",NP,0,-1,1,21.25279998779297,238.8676300048828,39.92022705078125,251.82073974609375,5,3
28,28,"['By', 'IN']",NP,0,-1,1,21.25279998779297,256.97113037109375,27.284000396728516,269.5260925292969,5,3
29,29,"['By', 'A']",NP,0,-1,1,21.25279998779297,256.97113037109375,27.284000396728516,269.5260925292969,5,3
30,30,"['By', 'BIJOU']",NP,0,-1,1,116.45960235595703,274.9584655761719,117.75199890136719,277.6488342285156,5,3
31,31,"['B', 'i']",NP,0,-1,1,116.45960235595703,274.9584655761719,117.75199890136719,277.6488342285156,5,3
32,32,"['Illustrated.', 'A']",NP,0,-1,1,21.6835994720459,287.3418273925781,44.51599884033203,299.22418212890625,5,3
33,33,"['By', 'SOAP']",NP,0,-1,1,21.6835994720459,287.3418273925781,44.51599884033203,299.22418212890625,5,3
34,34,"['By', 'F.TENNYSON']",NP,0,-1,1,46.3828010559082,323.9757080078125,59.59371566772461,333.1426086425781,5,3
35,35,"['PUBLISHER,', 'NEW']",NP,0,-1,1,46.3828010559082,323.9757080078125,59.59371566772461,333.1426086425781,5,3
36,36,"['LONDON.', 'Copyrighted']",NP,0,-1,1,86.5907974243164,347.1921691894531,91.7603988647461,352.5728454589844,5,3
37,37,"['United', 'Great']",NP,0,-1,1,102.09960174560547,355.01025390625,107.55697631835938,360.6904602050781,5,3
38,38,"['F.', 'All']",NP,0,-1,1,158.24720764160156,37.25190734863281,189.1200714111328,58.67423629760742,6,3
39,39,"['Britain', 'MAW']",NP,0,-1,1,158.24720764160156,37.25190734863281,189.1200714111328,58.67423629760742,6,3
40,40,"['THE', 'DEDF7ATED']",NP,0,-1,1,84.0060043334961,206.82078552246094,94.63297271728516,217.88169860839844,6,3
41,41,"['TO', 'MY']",NP,0,-1,1,84.0060043334961,206.82078552246094,94.63297271728516,217.88169860839844,6,3
42,42,"['540GGG', 'CONTENTS.']",NP,0,-1,1,21.827199935913086,131.64437866210938,37.90982437133789,142.80393981933594,8,3
43,43,"['MM', 'THE']",NP,0,-1,1,21.827199935913086,131.64437866210938,37.90982437133789,142.80393981933594,8,3
44,44,"['9', 'THE']",NP,0,-1,1,21.970800399780273,159.1455841064453,37.91126251220703,170.2064971923828,8,3
45,45,"['57', 'THE']",NP,0,-1,1,21.970800399780273,159.1455841064453,37.91126251220703,170.2064971923828,8,3
46,46,"['85', 'THE']",NP,0,-1,1,22.11440086364746,186.50453186035156,37.91011047363281,197.46499633789062,8,3
47,47,"['99', 'THE']",NP,0,-1,1,22.11440086364746,186.50453186035156,37.91011047363281,197.46499633789062,8,3
48,48,"['131', 'THE']",NP,0,-1,1,191.56240844726562,205.403076171875,202.47544860839844,212.9755096435547,8,3
49,49,"['PARADISE', '155']",NP,0,-1,1,191.56240844726562,205.403076171875,202.47544860839844,212.9755096435547,8,3
50,50,"['THE', '167']",NP,0,-1,1,191.849609375,232.39492797851562,203.04954528808594,240.1664276123047,8,3
51,51,"['THE', '179']",NP,0,-1,1,191.849609375,232.39492797851562,203.04954528808594,240.1664276123047,8,3
52,52,"['THE', 'RUE']",NP,0,-1,1,42.07480239868164,181.43753051757812,60.168399810791016,193.9924774169922,10,3
53,53,"['285', 'THE']",NP,0,-1,1,42.07480239868164,181.43753051757812,60.168399810791016,193.9924774169922,10,3
54,54,"['&quot;Along', 'The']",NP,0,-1,1,122.34719848632812,127.98005676269531,129.09698486328125,135.0054473876953,11,3
55,55,"['The', 'In']",NP,0,-1,1,122.34719848632812,127.98005676269531,129.09698486328125,135.0054473876953,11,3
56,56,"['Strange', 'And']",NP,0,-1,1,120.91120147705078,165.9081268310547,135.8444366455078,173.67962646484375,11,3
57,57,"['But', 'Lost']",NP,0,-1,1,120.91120147705078,165.9081268310547,135.8444366455078,173.67962646484375,11,3
58,58,"['Songs', 'Where']",NP,0,-1,1,121.62920379638672,202.33656311035156,135.4139404296875,211.90164184570312,11,3
59,59,"['Must', 'Dim']",NP,0,-1,1,121.62920379638672,202.33656311035156,135.4139404296875,211.90164184570312,11,3
60,60,"['Song', 'Die']",NP,0,-1,1,120.19319915771484,241.98361206054688,134.8404083251953,249.6062469482422,11,3
61,61,"['Shall', 'Lost']",NP,0,-1,1,120.19319915771484,241.98361206054688,134.8404083251953,249.6062469482422,11,3
62,62,"['Cassilda', '&quot;']",NP,0,-1,1,121.34200286865234,272.6126708984375,140.4393768310547,280.56353759765625,11,3
63,63,"['Act', 'Scene']",NP,0,-1,1,121.34200286865234,272.6126708984375,140.4393768310547,280.56353759765625,11,3
64,64,"['THE', 'I.']",NP,0,-1,1,138.57400512695312,113.00568389892578,151.0672149658203,119.50735473632812,12,3
65,65,"['&quot;', 'dure']",NP,0,-1,1,138.57400512695312,113.00568389892578,151.0672149658203,119.50735473632812,12,3
66,66,"['que', '.']",NP,0,-1,1,65.19440460205078,123.30198669433594,66.77371978759766,126.58959197998047,12,3
67,67,"['.', '.']",NP,0,-1,1,65.19440460205078,123.30198669433594,66.77371978759766,126.58959197998047,12,3
68,68,"['JOWARD', 'Government']",NP,0,-1,1,112.29520416259766,144.5428924560547,119.90657806396484,152.46505737304688,12,3
69,69,"['United', 'States']",NP,0,-1,1,58.875999450683594,152.65591430664062,72.37382507324219,162.02191162109375,12,3
70,70,['practically'],NP,0,-1,1,167.43760681152344,153.4099578857422,178.9244384765625,161.38055419921875,12,3
71,71,"['pro', 'gramme,']",NP,0,-1,1,137.28160095214844,163.76051330566406,162.98487854003906,172.67811584472656,12,3
72,72,"['adopted', 'during']",NP,0,-1,1,137.28160095214844,163.76051330566406,162.98487854003906,172.67811584472656,12,3
73,73,"['last', 'months']",NP,0,-1,1,56.72200012207031,172.49607849121094,63.47177505493164,179.52146911621094,12,3
74,74,"['President', 'Winthrop']",NP,0,-1,1,20.82200050354004,182.12168884277344,48.53795623779297,189.3336181640625,12,3
75,75,"['adminis', 'tration.']",NP,0,-1,1,20.82200050354004,182.12168884277344,48.53795623779297,189.3336181640625,12,3
76,76,"['The', 'Everybody']",NP,0,-1,1,117.46479797363281,189.4535675048828,128.95166015625,197.42416381835938,12,3
77,77,"['Tariff', 'questions']",NP,0,-1,1,121.05480194091797,196.49778747558594,136.13192749023438,206.95965576171875,12,3
78,78,"['settled.', 'The']",NP,0,-1,1,121.05480194091797,196.49778747558594,136.13192749023438,206.95965576171875,12,3
79,79,"['many,', 'Samoan']",NP,0,-1,1,94.05799865722656,215.11695861816406,107.84273529052734,224.68203735351562,12,3
80,80,"['left', 'no']",NP,0,-1,1,148.62600708007812,217.06105041503906,173.32373046875,224.4056854248047,12,3
81,81,"['Islands,', 'visible']",NP,0,-1,1,148.62600708007812,217.06105041503906,173.32373046875,224.4056854248047,12,3
82,82,"['scars', 'upon']",NP,0,-1,1,45.09040069580078,226.07156372070312,56.57725143432617,234.0421600341797,12,3
83,83,"['temporary', 'pation']",NP,0,-1,1,49.68560028076172,234.97972106933594,57.15222930908203,242.751220703125,12,3
84,84,['invading'],NP,0,-1,1,20.965600967407227,243.1338348388672,38.197601318359375,252.10165405273438,12,3
85,85,"['naval', 'victories']",NP,0,-1,1,20.82200050354004,261.4184265136719,29.007200241088867,269.9378662109375,12,3
86,86,"['Gartenlaube', 'forces']",NP,0,-1,1,176.7716064453125,261.8478088378906,183.66439819335938,269.0220642089844,12,3
87,87,['State'],NP,0,-1,1,45.377601623535156,271.07073974609375,52.413429260253906,278.39385986328125,12,3
88,88,"['The', 'Cuban']",NP,0,-1,1,20.965600967407227,289.0518798828125,38.91703414916992,296.5256652832031,12,3
89,89,"['waiian', 'cent,']",NP,0,-1,1,20.965600967407227,289.0518798828125,38.91703414916992,296.5256652832031,12,3
90,90,['territory'],NP,0,-1,1,118.90080261230469,288.03179931640625,126.65519714355469,296.10284423828125,12,3
91,91,"['well', 'worth']",NP,0,-1,1,64.9072036743164,297.44573974609375,79.8404541015625,305.2172546386719,12,3
92,92,"['its', 'cost']",NP,0,-1,1,64.9072036743164,297.44573974609375,79.8404541015625,305.2172546386719,12,3
93,93,['as'],NP,0,-1,1,100.52000427246094,296.8551025390625,104.54109191894531,305.2256774902344,12,3
94,94,[],NP,0,-1,1,100.52000427246094,296.8551025390625,104.54109191894531,305.2256774902344,12,3
95,95,a,NP,0,-1,1,100.52000427246094,296.8551025390625,104.54109191894531,305.2256774902344,12,3
96,96,"['coaling', 'station.']",NP,0,-1,1,21.10919952392578,307.833740234375,50.25799560546875,316.5020446777344,12,3
97,97,"['The', 'country']",NP,0,-1,1,21.10919952392578,307.833740234375,50.25799560546875,316.5020446777344,12,3
98,98,[],NP,0,-1,1,89.60639953613281,305.9818115234375,93.48359680175781,314.0528564453125,12,3
99,99,a,NP,0,-1,1,89.60639953613281,305.9818115234375,93.48359680175781,314.0528564453125,12,3
100,100,"['superb', 'state']",NP,0,-1,1,156.6676025390625,306.0928955078125,164.2789764404297,314.01507568359375,12,3
101,101,"['defence.', 'Every']",NP,0,-1,1,21.25279998779297,323.9081115722656,37.19240188598633,332.2033386230469,12,3
102,102,"['supplied', 'land']",NP,0,-1,1,21.25279998779297,323.9081115722656,37.19240188598633,332.2033386230469,12,3
103,103,"['fortifications', ';']",NP,0,-1,1,170.88400268554688,324.08038330078125,182.2286834716797,331.95233154296875,12,3
104,104,"['pa', 'rental']",NP,0,-1,1,64.47640228271484,333.2021179199219,87.73873901367188,340.9736328125,12,3
105,105,['cording'],NP,0,-1,1,65.91239929199219,342.0303649902344,77.25709533691406,349.9023132324219,12,3
106,106,['creased'],NP,0,-1,1,139.72280883789062,350.2742919921875,143.743896484375,358.6448669433594,12,3
107,107,[],NP,0,-1,1,139.72280883789062,350.2742919921875,143.743896484375,358.6448669433594,12,3
108,108,a,NP,0,-1,1,139.72280883789062,350.2742919921875,143.743896484375,358.6448669433594,12,3
109,109,"['territorial', 'serve']",NP,0,-1,1,21.25279998779297,23.775516510009766,22.11440086364746,23.999711990356445,13,3
110,110,"[';', '&amp;gt;']",NP,0,-1,1,21.25279998779297,23.775516510009766,22.11440086364746,23.999711990356445,13,3
111,111,"['.', ';']",NP,0,-1,1,191.7060089111328,33.636295318603516,203.76925659179688,42.006858825683594,13,3
112,112,['six'],NP,0,-1,1,72.94879913330078,42.045013427734375,80.70320129394531,50.116050720214844,13,3
113,113,"['navigable', 'seas,']",NP,0,-1,1,23.981201171875,49.77811050415039,46.67143630981445,59.22481155395508,13,3
114,114,"['rons', 'steam']",NP,0,-1,1,23.981201171875,49.77811050415039,46.67143630981445,59.22481155395508,13,3
115,115,['reserve'],NP,0,-1,1,137.71240234375,51.90458679199219,144.60519409179688,59.07884216308594,13,3
116,116,"['control', 'waters.']",NP,0,-1,1,149.0568084716797,60.213558197021484,160.54364013671875,68.18415832519531,13,3
117,117,['The'],NP,0,-1,1,24.268400192260742,69.37639617919922,31.59200096130371,76.9990463256836,13,3
118,118,at,NP,0,-1,1,24.268400192260742,69.37639617919922,31.59200096130371,76.9990463256836,13,3
